movie_id,movie_title,search_title,is_rerelease,distributor,first_chart_week,release_date,release_year,last_week_date,n_chart_weeks,total_gross,title_ambiguous
1,Wonder Woman 1984,Wonder Woman 1984,False,Warner Bros.,2021-01-01,2020-12-25,2020,2021-05-13,17,46534027.0,False
2,The Croods: A New Age,The Croods: A New Age,False,Universal Pictures,2021-01-01,2020-11-20,2020,2021-06-24,25,58568815.0,False
3,News of the World,News of the World,False,Universal Pictures,2021-01-01,2020-12-25,2020,2021-04-29,17,12668325.0,False
4,Monster Hunter,Monster Hunter,False,Screen Gems,2021-01-01,2020-12-18,2020,2021-05-13,19,15162470.0,True
5,Fatale,Fatale,False,Lionsgate,2021-01-01,2020-12-18,2020,2021-03-11,10,6306897.0,True
6,Promising Young Woman,Promising Young Woman,False,Focus Features,2021-01-01,2020-12-25,2020,2021-04-29,17,6460965.0,False
7,Pinocchio,Pinocchio,False,Roadside Attractions,2021-01-01,2020-12-25,2020,2021-03-04,9,1831718.0,True
8,The War with Grandpa,The War with Grandpa,False,101 Studios,2021-01-01,2020-10-09,2020,2021-06-17,24,21277892.0,False
9,Freaky,Freaky,False,Universal Pictures,2021-01-01,2020-11-13,2020,2021-02-11,6,9030855.0,True
10,Come Play,Come Play,False,Focus Features,2021-01-01,2020-10-30,2020,2021-03-04,9,10475990.0,True
11,Alien2020 Re-release,Alien,True,Walt Disney Studios Motion Pictures,2021-01-01,2021-01-01,2021,2021-01-14,2,135000.0,True
12,Half Brothers,Half Brothers,False,Focus Features,2021-01-01,2020-12-04,2020,2021-01-28,4,2241980.0,True
13,Shadow in the Cloud,Shadow in the Cloud,False,Vertical Entertainment,2021-01-01,2021-01-01,2021,2021-02-04,5,156932.0,False
14,Tenet,Tenet,False,Warner Bros.,2021-01-01,2020-08-28,2020,2021-04-15,15,58456624.0,True
15,Elf2020 Re-release,Elf,True,New Line Cinema,2021-01-01,2020-11-13,2020,2021-01-07,1,2003568.0,True
16,The Polar Express2020 Re-release,The Polar Express,True,Warner Bros.,2021-01-01,2020-12-04,2020,2021-01-07,1,711000.0,False
17,The Dissident,The Dissident,False,Madman Entertainment,2021-01-01,2020-12-25,2020,2021-01-07,1,57000.0,True
18,All My Life,All My Life,False,Universal Pictures,2021-01-01,2020-12-04,2020,2021-01-07,1,913935.0,False
19,Let Him Go,Let Him Go,False,Focus Features,2021-01-01,2020-11-06,2020,2021-01-07,1,9358025.0,False
20,Solo Brathuke So Better,Solo Brathuke So Better,False,Zee Studios,2021-01-01,2020-12-25,2020,2021-01-07,1,45000.0,False
21,Hunter Hunter,Hunter Hunter,False,IFC Films,2021-01-01,2020-12-18,2020,2021-01-28,4,32705.0,True
22,The Forgotten Carols,The Forgotten Carols,False,Purdie Distribution,2021-01-01,2020-11-20,2020,2021-01-14,2,502252.0,False
23,Evergreen,Evergreen,False,Indican Pictures,2021-01-01,2020-12-25,2020,2021-02-18,5,6023.0,True
24,The Rescue,The Rescue,False,CMC Pictures,2021-01-01,2020-12-18,2020,2021-12-09,10,1060556.0,True
25,100% Wolf,100% Wolf,False,Viva Pictures,2021-01-01,2020-10-09,2020,2021-06-03,17,658764.0,True
26,Jurassic World2021 Re-release,Jurassic World,True,Universal Pictures,2021-01-08,2021-01-08,2021,2021-02-04,3,115000.0,True
27,Some Kind of Heaven,Some Kind of Heaven,False,Magnolia Pictures,2021-01-08,2021-01-08,2021,2021-02-25,7,41518.0,False
28,Always and Forever,Always and Forever,False,Variance Films,2021-01-08,2020-11-20,2020,2021-02-11,4,197464.0,False
29,Archenemy,Archenemy,False,RLJ Entertainment,2021-01-08,2020-12-11,2020,2021-01-28,2,121642.0,True
30,Average Joe,Average Joe,False,Indican Pictures,2021-01-08,2021-01-08,2021,2024-10-24,4,2106965.0,True
31,Zombie Bro,Zombie Bro,False,Indican Pictures,2021-01-08,2021-01-08,2021,2021-02-11,4,5208.0,True
32,The Dark and the Wicked,The Dark and the Wicked,False,RLJ Entertainment,2021-01-08,2020-11-06,2020,2021-02-18,5,157252.0,False
33,"Amigo Skate, Cuba","Amigo Skate, Cuba",False,Indican Pictures,2021-01-08,2020-11-20,2020,2021-02-25,2,4019.0,False
34,The Marksman,The Marksman,False,Open Road Films (II),2021-01-15,2021-01-15,2021,2021-04-29,15,15566093.0,True
35,The Emperor's New Groove2021 Re-release,The Emperor's New Groove,True,Walt Disney Studios Motion Pictures,2021-01-15,2021-01-15,2021,2021-01-28,2,334000.0,False
36,American Skin,American Skin,False,Vertical Entertainment,2021-01-15,2021-01-15,2021,2021-03-25,10,282332.0,True
37,Sing2021 Re-release,Sing,True,Universal Pictures,2021-01-15,2021-01-15,2021,2021-01-21,1,53000.0,True
38,MLK/FBI,MLK/FBI,False,IFC Films,2021-01-15,2021-01-15,2021,2021-02-11,4,45200.0,True
39,Bloody Hell,Bloody Hell,False,Entertainment Squad,2021-01-15,2021-01-08,2021,2021-01-28,2,28037.0,True
40,Mother to Earth,Mother to Earth,False,54&O Productions,2021-01-15,2021-01-15,2021,2021-01-28,2,2250.0,False
41,Our Friend,Our Friend,False,Gravitas Ventures,2021-01-22,2021-01-22,2021,2021-03-04,6,657351.0,True
42,Heaven,Heaven,False,LAMA Entertainment,2021-01-22,2020-10-02,2020,2021-02-11,3,259323.0,True
43,Wrong Turn,Wrong Turn,False,Saban Films,2021-01-22,2021-01-22,2021,2021-05-13,14,1241664.0,True
44,No Man's Land,No Man's Land,False,IFC Films,2021-01-22,2021-01-22,2021,2021-03-04,5,139221.0,False
45,Abominable2021 Re-release,Abominable,True,Universal Pictures,2021-01-22,2021-01-22,2021,2021-02-04,2,110000.0,True
46,Psycho Goreman,Psycho Goreman,False,RLJ Entertainment,2021-01-22,2021-01-22,2021,2021-05-20,7,95182.0,True
47,About Hope,About Hope,False,Nova Vento Entertainment,2021-01-22,2021-01-22,2021,2021-01-28,1,10814.0,True
48,In the Life of Music,In the Life of Music,False,Indican Pictures,2021-01-22,2020-08-14,2020,2021-02-04,2,7238.0,False
49,The Bra,The Bra,False,Indican Pictures,2021-01-22,2020-10-16,2020,2021-01-28,1,8314.0,True
50,The Little Things,The Little Things,False,Warner Bros.,2021-01-29,2021-01-29,2021,2021-04-22,12,15198548.0,False
51,Groundhog Day2021 Re-release,Groundhog Day,True,Sony Pictures Classics,2021-01-29,2021-01-29,2021,2021-02-11,2,166447.0,True
52,Supernova,Supernova,False,Bleecker Street Media,2021-01-29,2021-01-29,2021,2021-04-08,10,234220.0,True
53,Remember the Titans2021 Re-release,Remember the Titans,True,Walt Disney Studios Motion Pictures,2021-01-29,2021-01-29,2021,2021-02-04,1,65000.0,False
54,Earwig and the Witch,Earwig and the Witch,False,GKIDS,2021-01-29,2021-01-29,2021,2021-02-25,4,173704.0,False
55,The Night,The Night,False,IFC Films,2021-01-29,2021-01-29,2021,2021-02-25,3,26114.0,True
56,Tomato Red: Blood Money,Tomato Red: Blood Money,False,Indican Pictures,2021-01-29,2021-01-29,2021,2021-02-25,4,5504.0,False
57,The Reckoning,The Reckoning,False,RLJ Entertainment,2021-02-05,2021-02-05,2021,2021-03-04,4,143532.0,True
58,Little Fish,Little Fish,False,IFC Films,2021-02-05,2021-02-05,2021,2021-03-18,5,39053.0,True
59,Dara of Jasenovac,Dara of Jasenovac,False,101 Studios,2021-02-05,2021-02-05,2021,2021-03-25,7,52786.0,False
60,Two of Us,Two of Us,False,Magnolia Pictures,2021-02-05,2021-02-05,2021,2021-02-18,2,5495.0,False
61,A Glitch in the Matrix,A Glitch in the Matrix,False,Magnolia Pictures,2021-02-05,2021-02-05,2021,2021-02-11,1,2238.0,False
62,Killer Raccoons! 2! Dark Christmas in the Dark!,Killer Raccoons! 2! Dark Christmas in the Dark!,False,Indican Pictures,2021-02-05,2020-07-31,2020,2021-02-11,1,13282.0,False
63,Judas and the Black Messiah,Judas and the Black Messiah,False,Warner Bros.,2021-02-12,2021-02-12,2021,2021-04-22,10,5383770.0,False
64,Land,Land,False,Focus Features,2021-02-12,2021-02-12,2021,2021-03-25,6,2577830.0,True
65,Minari,Minari,False,A24,2021-02-12,2021-02-12,2021,2021-05-27,15,3110580.0,True
66,The Mauritanian,The Mauritanian,False,STX Entertainment,2021-02-12,2021-02-12,2021,2021-04-01,7,836536.0,True
67,Willy's Wonderland,Willy's Wonderland,False,Screen Media Films,2021-02-12,2021-02-12,2021,2021-03-25,6,411492.0,True
68,A Writer's Odyssey,A Writer's Odyssey,False,CMC Pictures,2021-02-12,2021-02-12,2021,2021-04-22,10,149810.0,False
69,The World to Come,The World to Come,False,Bleecker Street Media,2021-02-12,2021-02-12,2021,2021-06-17,9,116143.0,False
70,Adverse,Adverse,False,,2021-02-12,2021-02-12,2021,2021-02-25,2,12589.0,True
71,The Incredible 25th Year of Mitzi Bearclaw,The Incredible 25th Year of Mitzi Bearclaw,False,Indican Pictures,2021-02-12,2021-02-12,2021,2024-12-12,14,12486.0,False
72,Skyfire,Skyfire,False,Screen Media Films,2021-02-12,2021-02-12,2021,2021-02-18,1,1105.0,True
73,Nomadland,Nomadland,False,Searchlight Pictures,2021-02-19,2021-02-19,2021,2021-04-01,5,2143000.0,True
74,Blithe Spirit,Blithe Spirit,False,IFC Films,2021-02-19,2021-02-19,2021,2021-04-22,9,282500.0,True
75,The Violent Heart,The Violent Heart,False,Gravitas Ventures,2021-02-19,2020-02-14,2020,2021-03-04,2,23614.0,False
76,End Game,End Game,False,CMC Pictures,2021-02-19,2021-02-12,2021,2021-03-04,2,23149.0,True
77,Abandoned: Angelique's Isle,Abandoned: Angelique's Isle,False,Indican Pictures,2021-02-19,2021-02-19,2021,2021-04-01,6,6055.0,False
78,Elbow Grease,Elbow Grease,False,,2021-02-19,2021-02-19,2021,2021-02-25,1,917.0,True
79,Tom & Jerry,Tom & Jerry,False,Warner Bros.,2021-02-26,2021-02-26,2021,2021-06-10,13,46041123.0,False
80,Crisis,Crisis,False,Quiver Distribution,2021-02-26,2021-02-26,2021,2021-03-18,3,404738.0,True
81,Safer at Home,Safer at Home,False,Vertical Entertainment,2021-02-26,2021-02-26,2021,2021-04-01,5,95643.0,False
82,My Zoe,My Zoe,False,Blue Fox Entertainment,2021-02-26,2021-02-26,2021,2021-04-22,6,51869.0,True
83,The Vigil,The Vigil,False,IFC Films,2021-02-26,2021-02-26,2021,2021-04-01,5,50439.0,True
84,Raya and the Last Dragon,Raya and the Last Dragon,False,Walt Disney Studios Motion Pictures,2021-03-05,2021-03-05,2021,2021-08-19,24,54723032.0,False
85,Chaos Walking,Chaos Walking,False,Lionsgate,2021-03-05,2021-03-05,2021,2021-05-13,10,13287908.0,True
86,Boogie,Boogie,False,Focus Features,2021-03-05,2021-03-05,2021,2021-04-15,6,4178620.0,True
87,My Salinger Year,My Salinger Year,False,IFC Films,2021-03-05,2021-03-05,2021,2021-04-01,4,54730.0,False
88,Son,Son,False,RLJ Entertainment,2021-03-05,2021-03-05,2021,2021-03-25,3,50510.0,True
89,No Place,No Place,False,Indican Pictures,2021-03-05,2021-03-05,2021,2021-04-08,5,4194.0,True
90,The Shade Shepherd,The Shade Shepherd,False,Indican Pictures,2021-03-05,2020-10-16,2020,2021-04-01,2,4409.0,False
91,Counter Column,Counter Column,False,Not That Kind of Movie Productions,2021-03-05,2020-10-16,2020,2021-04-22,6,32323.0,True
92,The Father,The Father,False,Sony Pictures Classics,2021-03-12,2021-02-26,2021,2021-06-17,14,2122771.0,True
93,Jathi Ratnalu,Jathi Ratnalu,False,Flyhigh Cinemas,2021-03-12,2021-03-12,2021,2021-03-18,1,470000.0,True
94,Long Weekend,Long Weekend,False,Stage 6 Films,2021-03-12,2021-03-12,2021,2021-05-13,9,1018532.0,True
95,Lamb of God: The Concert Film,Lamb of God: The Concert Film,False,Excel Entertainment,2021-03-12,2021-03-12,2021,2021-06-03,10,744813.0,False
96,Dutch,Dutch,False,Faith Media Distribution,2021-03-12,2021-03-12,2021,2021-05-06,8,404371.0,True
97,Come True,Come True,False,IFC Films,2021-03-12,2021-03-12,2021,2021-04-01,3,62080.0,True
98,Honeydew,Honeydew,False,Dark Star Pictures,2021-03-12,2021-03-12,2021,2021-03-18,1,20563.0,True
99,Stray,Stray,False,Magnolia Pictures,2021-03-12,2021-03-05,2021,2021-04-01,3,13325.0,True
100,The Courier,The Courier,False,Roadside Attractions,2021-03-19,2021-03-19,2021,2021-06-24,14,6613432.0,True
101,City of Lies,City of Lies,False,Saban Films,2021-03-19,2021-03-19,2021,2021-04-15,4,572493.0,False
102,Last Call,Last Call,False,IFC Films,2021-03-19,2021-03-19,2021,2021-04-01,2,48144.0,True
103,Dark State,Dark State,False,Atlas Distribution Company,2021-03-19,2021-03-19,2021,2021-04-01,2,5824.0,True
104,Godzilla vs. Kong,Godzilla vs. Kong,False,Warner Bros.,2021-03-26,2021-03-26,2021,2021-07-01,12,100563133.0,False
105,Nobody,Nobody,False,Universal Pictures,2021-03-26,2021-03-26,2021,2021-07-08,15,27268035.0,True
106,Six Minutes to Midnight,Six Minutes to Midnight,False,IFC Films,2021-03-26,2021-03-26,2021,2021-05-27,9,132500.0,False
107,Mystery of the Kingdom of God,Mystery of the Kingdom of God,False,Atlas Distribution Company,2021-03-26,2021-03-26,2021,2021-04-08,2,17316.0,False
108,Things Don't Stay Fixed,Things Don't Stay Fixed,False,Indican Pictures,2021-03-26,2021-03-26,2021,2021-04-15,3,5430.0,False
109,First Signal,First Signal,False,The Ashton Times,2021-03-26,2021-03-26,2021,2021-07-01,3,880.0,True
110,The Unholy,The Unholy,False,Screen Gems,2021-04-02,2021-04-02,2021,2021-06-17,11,15530440.0,True
111,The Girl Who Believes in Miracles,The Girl Who Believes in Miracles,False,Atlas Distribution Company,2021-04-02,2021-04-02,2021,2021-06-24,12,3163362.0,False
112,French Exit,French Exit,False,Sony Pictures Classics,2021-04-02,2021-02-12,2021,2021-06-24,12,741895.0,True
113,2021 Oscar Nominated Short Films: Live Action,2021 Oscar Nominated Short Films: Live Action,False,Magnolia Pictures,2021-04-02,2021-04-02,2021,2021-05-13,6,443050.0,False
114,Shiva Baby,Shiva Baby,False,Utopia,2021-04-02,2021-04-02,2021,2021-12-23,27,159294.0,True
115,Blood Brothers: Civil War,Blood Brothers: Civil War,False,Indican Pictures,2021-04-02,2021-04-02,2021,2021-05-06,4,5191.0,False
116,The Boonies,The Boonies,False,Indican Pictures,2021-04-02,2021-03-26,2021,2021-05-06,5,6887.0,True
117,Voyagers,Voyagers,False,Lionsgate,2021-04-09,2021-04-09,2021,2021-05-13,5,3149935.0,True
118,Held,Held,False,Magnolia Pictures,2021-04-09,2021-04-09,2021,2021-05-13,4,142817.0,True
119,Moffie,Moffie,False,IFC Films,2021-04-09,2021-04-09,2021,2021-04-29,3,24520.0,True
120,The Truffle Hunters,The Truffle Hunters,False,Sony Pictures Classics,2021-04-09,2021-03-05,2021,2021-08-12,18,521202.0,False
121,Senior Moment,Senior Moment,False,Screen Media Films,2021-04-09,2021-03-26,2021,2021-04-15,1,38457.0,True
122,Slalom,Slalom,False,Kino Lorber,2021-04-09,2021-04-09,2021,2021-04-29,3,2788.0,True
123,In the Earth,In the Earth,False,Neon,2021-04-16,2021-04-16,2021,2021-05-13,4,1113723.0,False
124,SAS: Rise of the Black Swan,SAS: Rise of the Black Swan,False,Vertical Entertainment,2021-04-16,2021-04-16,2021,2021-04-29,2,146329.0,False
125,Monday,Monday,False,IFC Films,2021-04-16,2021-04-16,2021,2021-05-06,3,30932.0,True
126,We Broke Up,We Broke Up,False,Vertical Entertainment,2021-04-16,2021-04-16,2021,2021-04-22,1,15063.0,False
127,Gunda,Gunda,False,Neon,2021-04-16,2021-04-16,2021,2021-05-27,6,113555.0,True
128,Bill Traylor: Chasing Ghosts,Bill Traylor: Chasing Ghosts,False,Kino Lorber,2021-04-16,2021-04-16,2021,2021-04-29,2,4143.0,False
129,Bang! Bang!,Bang! Bang!,False,Indican Pictures,2021-04-16,2020-10-23,2020,2021-04-22,1,6390.0,True
130,Demon Slayer: Kimetsu no Yaiba - The Movie: Mugen Train,Demon Slayer: Kimetsu no Yaiba - The Movie: Mugen Train,False,FUNimation Entertainment,2021-04-23,2021-04-23,2021,2021-08-12,16,49505008.0,False
131,Mortal Kombat,Mortal Kombat,False,Warner Bros.,2021-04-23,2021-04-23,2021,2021-06-24,8,42201013.0,True
132,Together Together,Together Together,False,Bleecker Street Media,2021-04-23,2021-04-23,2021,2021-07-29,12,1437938.0,True
133,Separation,Separation,False,Open Road Films (II),2021-04-30,2021-04-30,2021,2021-06-03,5,4509143.0,True
134,Scott Pilgrim vs. the World10th Anniversary (2021 Re-release),Scott Pilgrim vs. the World,True,Universal Pictures,2021-04-30,2021-04-30,2021,2021-05-13,2,1253415.0,False
135,Four Good Days,Four Good Days,False,Vertical Entertainment,2021-04-30,2021-04-30,2021,2021-05-27,4,837849.0,False
136,Limbo,Limbo,False,Focus Features,2021-04-30,2021-04-30,2021,2024-08-01,15,224405.0,True
137,The Resort,The Resort,False,Vertical Entertainment,2021-04-30,2021-04-30,2021,2021-05-27,4,191996.0,True
138,Cliff Walkers,Cliff Walkers,False,CMC Pictures,2021-04-30,2021-04-30,2021,2021-06-10,6,152972.0,True
139,About Endlessness,About Endlessness,False,Magnolia Pictures,2021-04-30,2021-04-30,2021,2021-07-22,10,51386.0,True
140,Endless Rain,Endless Rain,False,Sony Pictures Releasing,2021-04-30,2021-04-30,2021,2021-05-20,3,7334.0,True
141,Wrath of Man,Wrath of Man,False,United Artists Releasing,2021-05-07,2021-05-07,2021,2021-07-29,12,27466489.0,False
142,Here Today,Here Today,False,Stage 6 Films,2021-05-07,2021-05-07,2021,2021-07-01,8,2807494.0,True
143,Walking with Herb,Walking with Herb,False,Fathom Events,2021-05-07,2021-05-07,2021,2021-05-20,2,120226.0,False
144,The Paper Tigers,The Paper Tigers,False,Well Go USA Entertainment,2021-05-07,2021-05-07,2021,2021-06-10,4,107211.0,False
145,My Love,My Love,False,CMC Pictures,2021-05-07,2021-05-07,2021,2021-06-03,4,86252.0,True
146,Mission Stories,Mission Stories,False,Excel Entertainment,2021-05-07,2021-05-07,2021,2021-09-02,10,87059.0,True
147,Mainstream,Mainstream,False,IFC Films,2021-05-07,2021-05-07,2021,2021-06-10,5,35696.0,True
148,The Human Factor,The Human Factor,False,Sony Pictures Classics,2021-05-07,2021-05-07,2021,2021-05-27,3,36693.0,False
149,State Funeral,State Funeral,False,MUBI,2021-05-07,2021-05-07,2021,2021-05-20,2,11342.0,True
150,The Unthinkable,The Unthinkable,False,Magnolia Pictures,2021-05-07,2021-05-07,2021,2021-05-13,1,974.0,True
151,Spiral,Spiral,False,Lionsgate,2021-05-14,2021-05-14,2021,2021-07-08,8,23216862.0,True
152,Those Who Wish Me Dead,Those Who Wish Me Dead,False,Warner Bros.,2021-05-14,2021-05-14,2021,2021-07-01,6,7347103.0,False
153,Finding You,Finding You,False,Roadside Attractions,2021-05-14,2021-05-14,2021,2021-07-01,7,2753985.0,True
154,Profile,Profile,False,Focus Features,2021-05-14,2021-05-14,2021,2021-06-03,3,1744740.0,True
155,Top Gun2021 Re-release,Top Gun,True,Paramount Pictures,2021-05-14,2021-05-14,2021,2021-05-27,2,457577.0,True
156,The Water Man,The Water Man,False,RLJ Entertainment,2021-05-14,2021-05-07,2021,2021-06-24,6,383234.0,False
157,The Djinn,The Djinn,False,IFC Films,2021-05-14,2021-05-14,2021,2021-06-10,4,124772.0,True
158,The Killing of Two Lovers,The Killing of Two Lovers,False,Neon,2021-05-14,2021-05-14,2021,2021-06-10,4,71162.0,False
159,The Swimming Pool2021 Re-release,The Swimming Pool,True,Rialto Distribution,2021-05-14,2021-05-14,2021,2021-09-23,19,211467.0,False
160,There Is No Evil,There Is No Evil,False,Kino Lorber,2021-05-14,2021-05-14,2021,2021-06-03,3,8063.0,False
161,Ghost Master,Ghost Master,False,Indican Pictures,2021-05-14,2021-05-14,2021,2021-06-03,3,6136.0,True
162,The Perfect Candidate,The Perfect Candidate,False,Music Box Films,2021-05-14,2021-05-14,2021,2021-09-02,12,30134.0,False
163,Dream Horse,Dream Horse,False,Bleecker Street Media,2021-05-21,2021-05-21,2021,2021-08-12,12,2913328.0,True
164,New Order,New Order,False,Neon,2021-05-21,2021-05-21,2021,2021-06-10,3,303556.0,True
165,Final Account,Final Account,False,Focus Features,2021-05-21,2021-05-21,2021,2021-06-03,2,308976.0,True
166,The Dry,The Dry,False,IFC Films,2021-05-21,2021-05-21,2021,2021-08-05,10,364237.0,True
167,Riders of Justice,Riders of Justice,False,Magnolia Pictures,2021-05-21,2021-05-14,2021,2021-06-24,4,77115.0,False
168,A Quiet Place Part II,A Quiet Place Part II,False,Paramount Pictures,2021-05-28,2021-05-28,2021,2021-08-26,13,160072261.0,False
169,Cruella,Cruella,False,Walt Disney Studios Motion Pictures,2021-05-28,2021-05-28,2021,2021-09-16,16,86103234.0,True
170,World War Z2021 Re-release,World War Z,True,Paramount Pictures,2021-05-28,2021-05-28,2021,2021-06-03,1,448000.0,False
171,Funhouse,Funhouse,False,Magnet Releasing,2021-05-28,2021-05-28,2021,2021-06-03,1,507.0,True
172,The Conjuring: The Devil Made Me Do It,The Conjuring: The Devil Made Me Do It,False,Warner Bros.,2021-06-04,2021-06-04,2021,2021-08-26,11,65565074.0,False
173,Spirit Untamed,Spirit Untamed,False,Universal Pictures,2021-06-04,2021-06-04,2021,2021-08-05,9,17635215.0,True
174,Witnesses,Witnesses,False,Purdie Distribution,2021-06-04,2021-06-04,2021,2021-09-02,13,855765.0,True
175,Undine,Undine,False,IFC Films,2021-06-04,2021-06-04,2021,2021-07-29,7,78689.0,True
176,Gully,Gully,False,Vertical Entertainment,2021-06-04,2021-06-04,2021,2021-06-10,1,22517.0,True
177,Hero Mode,Hero Mode,False,Blue Fox Entertainment,2021-06-04,2021-06-04,2021,2021-06-17,2,21178.0,True
178,The Ladykillers2021 Re-release,The Ladykillers,True,Rialto Pictures,2021-06-04,2021-06-04,2021,2021-09-23,8,23213.0,True
179,"All Light, Everywhere","All Light, Everywhere",False,Super LTD,2021-06-04,2021-06-04,2021,2021-07-01,4,37266.0,False
180,In the Heights,In the Heights,False,Warner Bros.,2021-06-11,2021-06-11,2021,2021-08-12,8,29879041.0,False
181,Peter Rabbit 2: The Runaway,Peter Rabbit 2: The Runaway,False,Sony Pictures Releasing,2021-06-11,2021-06-11,2021,2021-08-12,9,40336536.0,False
182,Hitman's Wife's Bodyguard,Hitman's Wife's Bodyguard,False,Lionsgate,2021-06-11,2021-06-11,2021,2021-08-19,10,38014727.0,False
183,The House Next Door: Meet the Blacks 2,The House Next Door: Meet the Blacks 2,False,Hidden Empire Film Group (HEFG),2021-06-11,2021-06-11,2021,2021-07-15,4,2893660.0,False
184,Queen Bees,Queen Bees,False,Gravitas Ventures,2021-06-11,2021-06-11,2021,2021-08-19,10,1926706.0,True
185,12 Mighty Orphans,12 Mighty Orphans,False,Sony Pictures Releasing,2021-06-11,2021-06-11,2021,2021-10-14,18,3688403.0,False
186,Children of the Sea,Children of the Sea,False,Fathom Events,2021-06-11,2021-03-12,2021,2021-06-17,1,81237.0,False
187,Holler,Holler,False,IFC Films,2021-06-11,2021-06-11,2021,2021-07-08,4,28706.0,True
188,Final Frequency,Final Frequency,False,Integrity Releasing,2021-06-11,2021-06-11,2021,2021-06-24,2,7098.0,True
189,The Sparks Brothers,The Sparks Brothers,False,Focus Features,2021-06-18,2021-06-18,2021,2021-07-08,3,637665.0,False
190,Rita Moreno: Just a Girl Who Decided to Go for It,Rita Moreno: Just a Girl Who Decided to Go for It,False,Roadside Attractions,2021-06-18,2021-06-18,2021,2021-07-29,6,264626.0,False
191,Censor,Censor,False,Magnolia Pictures,2021-06-18,2021-06-11,2021,2021-07-22,5,90050.0,True
192,Summer of 85,Summer of 85,False,Music Box Films,2021-06-18,2021-06-18,2021,2021-10-28,11,71788.0,False
193,Truman & Tennessee: An Intimate Conversation,Truman & Tennessee: An Intimate Conversation,False,Kino Lorber,2021-06-18,2021-06-18,2021,2021-07-29,5,54817.0,False
194,Our Ladies,Our Ladies,False,Sony Pictures Releasing,2021-06-18,2021-06-18,2021,2021-07-08,3,27558.0,True
195,Crack House of the Dead,Crack House of the Dead,False,Sunrayz International Films,2021-06-18,2021-06-18,2021,2021-06-24,1,1616.0,False
196,Sweat,Sweat,False,MUBI,2021-06-18,2021-06-18,2021,2021-07-22,4,11546.0,True
197,F9: The Fast Saga,F9: The Fast Saga,False,Universal Pictures,2021-06-25,2021-06-25,2021,2021-10-07,15,173005945.0,False
198,Zola,Zola,False,A24,2021-06-25,2021-06-25,2021,2021-09-02,10,4844399.0,True
199,Werewolves Within,Werewolves Within,False,IFC Films,2021-06-25,2021-06-25,2021,2021-08-12,7,575783.0,True
200,Lansky,Lansky,False,Vertical Entertainment,2021-06-25,2021-06-25,2021,2021-07-08,2,61030.0,True
201,I Carry You with Me,I Carry You with Me,False,Sony Pictures Classics,2021-06-25,2021-06-25,2021,2021-08-12,7,166403.0,False
202,Gaia,Gaia,False,Neon,2021-06-25,2021-06-18,2021,2021-07-01,1,17530.0,True
203,The Red Circle2021 Re-release,The Red Circle,True,Rialto Pictures,2021-06-25,2021-06-25,2021,2021-09-23,12,62850.0,False
204,A Soldier's Story 2: Return from the Dead,A Soldier's Story 2: Return from the Dead,False,Indican Pictures,2021-06-25,2021-06-25,2021,2021-07-22,4,21543.0,False
205,The Evil Next Door,The Evil Next Door,False,Magnolia Pictures,2021-06-25,2021-06-25,2021,2021-07-08,2,1010.0,False
206,Felix and the Hidden Treasure,Felix and the Hidden Treasure,False,Viva Pictures,2021-06-25,2021-06-25,2021,2021-07-01,1,153.0,False
207,The Boss Baby 2: Family Business,The Boss Baby 2: Family Business,False,Universal Pictures,2021-07-02,2021-07-02,2021,2021-10-21,16,57300280.0,False
208,The Forever Purge,The Forever Purge,False,Universal Pictures,2021-07-02,2021-07-02,2021,2021-09-30,13,44539245.0,False
209,"Summer of Soul (...Or, When the Revolution Could Not be Televised)","Summer of Soul (...Or, When the Revolution Could Not be Televised)",False,Searchlight Pictures,2021-07-02,2021-06-25,2021,2021-09-02,9,2320649.0,False
210,The God Committee,The God Committee,False,Vertical Entertainment,2021-07-02,2021-07-02,2021,2021-07-15,2,32934.0,False
211,First Date,First Date,False,Magnolia Pictures,2021-07-02,2021-07-02,2021,2021-07-15,2,15974.0,True
212,Lydia Lunch: The War Is Never Over,Lydia Lunch: The War Is Never Over,False,Kino Lorber,2021-07-02,2021-06-25,2021,2021-09-09,7,12948.0,False
213,Operation Portugal,Operation Portugal,False,Sony Pictures Releasing,2021-07-02,2021-07-02,2021,2021-07-08,1,1096.0,True
214,Black Widow,Black Widow,False,Walt Disney Studios Motion Pictures,2021-07-09,2021-07-09,2021,2021-10-14,14,183651655.0,True
215,The Loneliest Whale: The Search for 52,The Loneliest Whale: The Search for 52,False,Bleecker Street Media,2021-07-09,2021-07-09,2021,2021-08-12,5,107798.0,False
216,Scales,Scales,False,Variance Films,2021-07-09,2021-07-09,2021,2021-07-15,1,4617.0,True
217,"Casanova, Last Love","Casanova, Last Love",False,Cohen Media Group,2021-07-09,2021-07-09,2021,2021-08-19,6,10924.0,False
218,Space Jam: A New Legacy,Space Jam: A New Legacy,False,Warner Bros.,2021-07-16,2021-07-16,2021,2021-10-07,12,70505446.0,False
219,Escape Room: Tournament of Champions,Escape Room: Tournament of Champions,False,Sony Pictures Releasing,2021-07-16,2021-07-16,2021,2021-08-26,6,25188958.0,False
220,Roadrunner: A Film About Anthony Bourdain,Roadrunner: A Film About Anthony Bourdain,False,Focus Features,2021-07-16,2021-07-16,2021,2021-08-26,6,5249970.0,False
221,Pig,Pig,False,Neon,2021-07-16,2021-07-16,2021,2021-09-09,8,3186668.0,True
222,Once I Was Engaged,Once I Was Engaged,False,Excel Entertainment,2021-07-16,2021-07-16,2021,2021-09-02,7,254775.0,False
223,Summertime,Summertime,False,Good Deed Entertainment,2021-07-16,2021-07-09,2021,2021-08-19,5,72012.0,True
224,Mama Weed,Mama Weed,False,Music Box Films,2021-07-16,2021-07-16,2021,2021-09-09,8,29151.0,True
225,How It Ends,How It Ends,False,United Artists,2021-07-16,2021-07-16,2021,2021-07-29,2,16104.0,False
226,Rock Paper Scissors,Rock Paper Scissors,False,Indican Pictures,2021-07-16,2021-07-16,2021,2021-07-29,2,5497.0,False
227,Old,Old,False,Universal Pictures,2021-07-23,2021-07-23,2021,2021-10-14,12,48242510.0,True
228,Snake Eyes,Snake Eyes,False,Paramount Pictures,2021-07-23,2021-07-23,2021,2021-08-26,5,28264325.0,True
229,Joe Bell,Joe Bell,False,Roadside Attractions,2021-07-23,2021-07-23,2021,2021-08-19,4,1405488.0,True
230,Weathering with You,Weathering with You,False,GKIDS,2021-07-23,2020-01-10,2020,2021-07-29,1,8056636.0,False
231,Kaamelott: First Installment,Kaamelott: First Installment,False,Paramount Pictures,2021-07-23,2021-07-23,2021,2021-07-29,1,188000.0,False
232,CatVideoFest 2021,CatVideoFest 2021,False,Oscilloscope,2021-07-23,2021-07-23,2021,2021-09-23,9,93579.0,True
233,Ailey,Ailey,False,Neon,2021-07-23,2021-07-23,2021,2021-09-09,7,204513.0,True
234,Settlers,Settlers,False,IFC Films,2021-07-23,2021-07-23,2021,2021-08-05,2,29183.0,True
235,Mandibles,Mandibles,False,Magnet Releasing,2021-07-23,2021-07-23,2021,2021-08-19,4,19913.0,True
236,Secret Agent Dingledorf and His Trusty Dog Splat,Secret Agent Dingledorf and His Trusty Dog Splat,False,Integrity Releasing,2021-07-23,2021-07-02,2021,2021-08-05,2,13760.0,False
237,Without Getting Killed or Caught,Without Getting Killed or Caught,False,mTuckman Media,2021-07-23,2021-07-23,2021,2021-09-30,8,55333.0,False
238,Here After,Here After,False,Vertical Entertainment,2021-07-23,2021-07-23,2021,2021-07-29,1,5612.0,True
239,No Ordinary Man,No Ordinary Man,False,Oscilloscope,2021-07-23,2021-07-16,2021,2021-08-19,4,15508.0,False
240,Can You Bring It: Bill T. Jones and D-Man in the Waters,Can You Bring It: Bill T. Jones and D-Man in the Waters,False,Kino Lorber,2021-07-23,2021-07-16,2021,2021-09-02,4,9723.0,False
241,Victim of Love,Victim of Love,False,Indican Pictures,2021-07-23,2021-07-23,2021,2021-08-19,2,5016.0,False
242,Jungle Cruise,Jungle Cruise,False,Walt Disney Studios Motion Pictures,2021-07-30,2021-07-30,2021,2021-11-25,17,116987516.0,True
243,The Green Knight,The Green Knight,False,A24,2021-07-30,2021-07-30,2021,2021-09-16,7,17173321.0,False
244,Stillwater,Stillwater,False,Focus Features,2021-07-30,2021-07-30,2021,2021-09-16,7,14465535.0,True
245,Nine Days,Nine Days,False,Sony Pictures Classics,2021-07-30,2021-07-30,2021,2021-11-04,12,694849.0,True
246,Lorelei,Lorelei,False,Freestyle Releasing,2021-07-30,2021-07-30,2021,2021-08-12,2,12642.0,True
247,Enemies of the State,Enemies of the State,False,IFC Films,2021-07-30,2021-07-30,2021,2021-08-26,4,8495.0,False
248,Never Gonna Snow Again,Never Gonna Snow Again,False,Kino Lorber,2021-07-30,2021-07-30,2021,2021-09-16,6,15901.0,False
249,Sabaya,Sabaya,False,MTV Documentary Films,2021-07-30,2021-07-30,2021,2021-08-12,2,10450.0,True
250,The Suicide Squad,The Suicide Squad,False,Warner Bros.,2021-08-06,2021-08-06,2021,2021-10-07,9,55789082.0,False
251,Swan Song,Swan Song,False,Magnolia Pictures,2021-08-06,2021-08-06,2021,2021-10-14,10,126110.0,True
252,John and the Hole,John and the Hole,False,IFC Films,2021-08-06,2021-08-06,2021,2021-09-09,5,25386.0,False
253,Bring Your Own Brigade,Bring Your Own Brigade,False,Paramount Pictures,2021-08-06,2021-08-06,2021,2021-08-12,1,13375.0,False
254,Even in Dreams,Even in Dreams,False,Purdie Distribution,2021-08-06,2021-08-06,2021,2021-09-02,4,15671.0,False
255,Free Guy,Free Guy,False,20th Century Studios,2021-08-13,2021-08-13,2021,2021-12-02,16,121626598.0,True
256,Don't Breathe 2,Don't Breathe 2,False,Screen Gems,2021-08-13,2021-08-13,2021,2021-10-14,9,32638038.0,False
257,Respect,Respect,False,Metro-Goldwyn-Mayer (MGM),2021-08-13,2021-08-13,2021,2021-10-21,10,24278399.0,True
258,The Lost Leonardo,The Lost Leonardo,False,Sony Pictures Classics,2021-08-13,2021-08-13,2021,2021-11-18,13,445740.0,False
259,Ema,Ema,False,Music Box Films,2021-08-13,2021-08-13,2021,2021-11-11,12,53437.0,True
260,The Meaning of Hitler,The Meaning of Hitler,False,IFC Films,2021-08-13,2021-08-13,2021,2021-09-16,5,12804.0,False
261,White as Snow,White as Snow,False,Cohen Media Group,2021-08-13,2021-08-13,2021,2021-09-02,3,7881.0,False
262,The East,The East,False,Magnolia Pictures,2021-08-13,2021-08-13,2021,2021-08-19,1,180.0,True
263,PAW Patrol: The Movie,PAW Patrol: The Movie,False,Paramount Pictures,2021-08-20,2021-08-20,2021,2021-10-14,8,40127371.0,False
264,The Protégé,The Protégé,False,Lionsgate,2021-08-20,2021-08-20,2021,2021-09-23,5,7446823.0,True
265,The Night House,The Night House,False,Searchlight Pictures,2021-08-20,2021-08-20,2021,2021-10-14,8,7100581.0,False
266,Reminiscence,Reminiscence,False,Warner Bros.,2021-08-20,2021-08-20,2021,2021-09-30,6,3900193.0,True
267,"If I Can't Have Love, I Want Power","If I Can't Have Love, I Want Power",False,IMAX,2021-08-20,2021-08-20,2021,2021-09-02,2,626946.0,False
268,Flag Day,Flag Day,False,United Artists Releasing,2021-08-20,2021-08-20,2021,2021-09-30,6,424667.0,True
269,Demonic,Demonic,False,IFC Films,2021-08-20,2021-08-20,2021,2021-09-16,4,71334.0,True
270,Cryptozoo,Cryptozoo,False,Magnolia Pictures,2021-08-20,2021-08-20,2021,2021-09-23,5,33765.0,True
271,Confetti,Confetti,False,Dada Films,2021-08-20,2021-08-20,2021,2021-09-16,4,33500.0,True
272,Death Rider in the House of Vampires,Death Rider in the House of Vampires,False,Atlas Distribution Company,2021-08-20,2021-08-20,2021,2021-09-02,2,44736.0,False
273,Candyman,Candyman,False,Universal Pictures,2021-08-27,2021-08-27,2021,2021-11-11,11,61186570.0,True
274,Little Eggs: An African Rescue,Little Eggs: An African Rescue,False,Pantelion Films,2021-08-27,2021-08-27,2021,2021-09-30,5,927154.0,False
275,Together,Together,False,Universal Pictures,2021-08-27,2021-08-27,2021,2025-09-11,11,21273159.0,True
276,Lupin III: The First,Lupin III: The First,False,GKIDS,2021-08-27,2020-10-16,2020,2021-09-02,1,245724.0,False
277,Raging Fire,Raging Fire,False,Well Go USA Entertainment,2021-08-27,2021-08-13,2021,2021-10-07,5,385305.0,True
278,Escape from Mogadishu,Escape from Mogadishu,False,Well Go USA Entertainment,2021-08-27,2021-08-06,2021,2021-10-07,4,346271.0,False
279,"Ma Belle, My Beauty","Ma Belle, My Beauty",False,Good Deed Entertainment,2021-08-27,2021-08-20,2021,2021-09-16,3,27271.0,False
280,On Broadway,On Broadway,False,Kino Lorber,2021-08-27,2021-08-20,2021,2021-11-18,9,82733.0,True
281,Baking Up Love,Baking Up Love,False,,2021-08-27,2021-08-27,2021,2021-10-07,5,8770.0,False
282,Shang-Chi and the Legend of the Ten Rings,Shang-Chi and the Legend of the Ten Rings,False,Walt Disney Studios Motion Pictures,2021-09-03,2021-09-03,2021,2021-12-02,13,224543292.0,False
283,Tango Shalom,Tango Shalom,False,Vision Films,2021-09-03,2021-09-03,2021,2021-11-11,10,102651.0,True
284,Who You Think I Am,Who You Think I Am,False,Cohen Media Group,2021-09-03,2021-09-03,2021,2021-10-21,7,45265.0,False
285,Yakuza Princess,Yakuza Princess,False,Magnolia Pictures,2021-09-03,2021-09-03,2021,2021-10-07,5,32124.0,True
286,We Need to Do Something,We Need to Do Something,False,IFC Films,2021-09-03,2021-09-03,2021,2021-09-16,2,13589.0,False
287,The Year of the Everlasting Storm,The Year of the Everlasting Storm,False,Neon,2021-09-03,2021-09-03,2021,2021-09-16,2,12245.0,False
288,Malignant,Malignant,False,Warner Bros.,2021-09-10,2021-09-10,2021,2021-10-07,4,13203983.0,True
289,The Card Counter,The Card Counter,False,Focus Features,2021-09-10,2021-09-10,2021,2021-10-07,4,2657850.0,False
290,Show Me the Father,Show Me the Father,False,Affirm Films,2021-09-10,2021-09-10,2021,2021-10-07,4,1782909.0,False
291,After We Fell,After We Fell,False,Vertical Entertainment,2021-09-10,2021-09-10,2021,2021-10-28,7,2170750.0,False
292,The Alpinist,The Alpinist,False,Roadside Attractions,2021-09-10,2021-09-10,2021,2021-11-04,8,844743.0,True
293,Small Engine Repair,Small Engine Repair,False,Vertical Entertainment,2021-09-10,2021-09-10,2021,2021-09-16,1,110995.0,False
294,Promare,Promare,False,GKIDS,2021-09-10,2019-09-13,2019,2021-09-23,2,2529324.0,True
295,Language Lessons,Language Lessons,False,Shout! Factory,2021-09-10,2021-09-10,2021,2021-10-21,6,73257.0,True
296,Mogul Mowgli,Mogul Mowgli,False,Strand Releasing,2021-09-10,2021-09-03,2021,2021-10-07,4,52539.0,True
297,Dating & New York,Dating & New York,False,IFC Films,2021-09-10,2021-09-10,2021,2021-09-23,2,21515.0,False
298,Azor,Azor,False,MUBI,2021-09-10,2021-09-10,2021,2021-12-02,5,53932.0,True
299,Cry Macho,Cry Macho,False,Warner Bros.,2021-09-17,2021-09-17,2021,2021-11-04,4,10280333.0,True
300,Copshop,Copshop,False,Open Road Films (II),2021-09-17,2021-09-17,2021,2021-10-21,5,5213243.0,True
301,The Eyes of Tammy Faye,The Eyes of Tammy Faye,False,Searchlight Pictures,2021-09-17,2021-09-17,2021,2021-11-04,7,2404127.0,False
302,Blue Bayou,Blue Bayou,False,Focus Features,2021-09-17,2021-09-17,2021,2021-09-30,2,738175.0,True
303,Ghost in the Shell2021 4K Remaster,Ghost in the Shell,True,Lionsgate,2021-09-17,2021-09-17,2021,2021-09-23,1,373169.0,False
304,The Nowhere Inn,The Nowhere Inn,False,IFC Films,2021-09-17,2021-09-17,2021,2021-10-14,4,54094.0,False
305,Wife of a Spy,Wife of a Spy,False,Kino Lorber,2021-09-17,2021-09-17,2021,2021-11-25,10,68839.0,False
306,Little Girl,Little Girl,False,Music Box Films,2021-09-17,2021-09-17,2021,2022-04-07,9,10776.0,True
307,Dear Evan Hansen,Dear Evan Hansen,False,Universal Pictures,2021-09-24,2021-09-24,2021,2021-11-18,8,15002646.0,False
308,Courageous10th Anniversary Re-release,Courageous,True,Affirm Films,2021-09-24,2021-09-24,2021,2021-10-07,2,495002.0,True
309,I'm Your Man,I'm Your Man,False,Bleecker Street Media,2021-09-24,2021-09-24,2021,2021-12-02,10,275155.0,False
310,Breathless2021 Re-release,Breathless,True,Rialto Pictures,2021-09-24,2021-09-24,2021,2021-12-09,8,51142.0,True
311,Storm Lake,Storm Lake,False,Ro*co Films International,2021-09-24,2021-09-17,2021,2021-09-30,1,13028.0,True
312,The Village Detective: A Song Cycle,The Village Detective: A Song Cycle,False,Kino Lorber,2021-09-24,2021-09-24,2021,2021-09-30,1,2839.0,False
313,Venom: Let There Be Carnage,Venom: Let There Be Carnage,False,Sony Pictures Releasing,2021-10-01,2021-10-01,2021,2022-01-27,17,213550366.0,False
314,The Addams Family 2,The Addams Family 2,False,United Artists Releasing,2021-10-01,2021-10-01,2021,2021-12-16,11,56489153.0,False
315,The Many Saints of Newark,The Many Saints of Newark,False,Warner Bros.,2021-10-01,2021-10-01,2021,2021-11-04,3,8220603.0,False
316,God's Not Dead: We the People,God's Not Dead: We the People,False,Fathom Events,2021-10-01,2021-10-01,2021,2021-10-07,1,1170367.0,False
317,Titane,Titane,False,Neon,2021-10-01,2021-10-01,2021,2021-10-28,4,1442988.0,True
318,The Jesus Music,The Jesus Music,False,Lionsgate,2021-10-01,2021-10-01,2021,2021-10-21,3,1016725.0,False
319,Old Henry,Old Henry,False,Shout! Factory,2021-10-01,2021-10-01,2021,2021-11-04,5,42068.0,True
320,Falling for Figaro,Falling for Figaro,False,IFC Films,2021-10-01,2021-10-01,2021,2021-11-04,4,35910.0,False
321,In Balanchine's Classroom,In Balanchine's Classroom,False,Zeitgeist Films,2021-10-01,2021-09-17,2021,2021-11-04,2,76650.0,False
322,Mayday,Mayday,False,Magnolia Pictures,2021-10-01,2021-10-01,2021,2021-10-14,2,4382.0,True
323,No Time to Die,No Time to Die,False,Metro-Goldwyn-Mayer (MGM),2021-10-08,2021-10-08,2021,2022-01-27,11,160891007.0,False
324,Lamb,Lamb,False,A24,2021-10-08,2021-10-08,2021,2021-11-04,4,2676410.0,True
325,"My Country, My Parents","My Country, My Parents",False,CMC Pictures,2021-10-08,2021-10-08,2021,2022-04-07,6,177133.0,False
326,Mass,Mass,False,Bleecker Street Media,2021-10-08,2021-10-08,2021,2021-11-25,7,145174.0,True
327,Possession2021 Re-release,Possession,True,Metrograph Pictures,2021-10-08,2021-10-01,2021,2021-10-14,1,44935.0,True
328,Golden Voices,Golden Voices,False,Music Box Films,2021-10-08,2021-10-08,2021,2022-08-25,13,32250.0,True
329,Ascension,Ascension,False,MTV Documentary Films,2021-10-08,2021-10-08,2021,2021-11-04,4,17200.0,True
330,Halloween Kills,Halloween Kills,False,Universal Pictures,2021-10-15,2021-10-15,2021,2021-12-16,9,92002155.0,True
331,The Last Duel,The Last Duel,False,20th Century Studios,2021-10-15,2021-10-15,2021,2021-12-02,7,10853945.0,False
332,Bergman Island,Bergman Island,False,IFC Films,2021-10-15,2021-10-15,2021,2021-11-18,5,144936.0,True
333,Monster Family 2,Monster Family 2,False,Viva Pictures,2021-10-15,2021-10-15,2021,2021-10-21,1,72463.0,False
334,Hard Luck Love Song,Hard Luck Love Song,False,Roadside Attractions,2021-10-15,2021-10-15,2021,2021-11-18,5,69746.0,False
335,"Introducing, Selma Blair","Introducing, Selma Blair",False,Strand Releasing,2021-10-15,2021-10-15,2021,2021-10-21,1,5700.0,False
336,Luzzu,Luzzu,False,Kino Lorber,2021-10-15,2021-10-15,2021,2022-01-20,11,39948.0,True
337,Dune,Dune,False,Warner Bros.,2021-10-22,2021-10-22,2021,2025-01-02,25,108327830.0,True
338,Ron's Gone Wrong,Ron's Gone Wrong,False,20th Century Studios,2021-10-22,2021-10-22,2021,2021-12-23,9,23009270.0,False
339,The French Dispatch,The French Dispatch,False,Searchlight Pictures,2021-10-22,2021-10-22,2021,2022-01-27,14,16124375.0,False
340,Becoming Cousteau,Becoming Cousteau,False,Picturehouse,2021-10-22,2021-10-22,2021,2021-11-11,3,231687.0,True
341,Learning to Live Together: The Return of Mad Dogs & Englishmen,Learning to Live Together: The Return of Mad Dogs & Englishmen,False,Abramorama,2021-10-22,2021-10-22,2021,2021-11-04,2,18293.0,False
342,13 Fanboy,13 Fanboy,False,Deskpop Entertainment,2021-10-22,2021-10-22,2021,2021-10-28,1,11572.0,True
343,The Laws of the Universe: The Age of Elohim,The Laws of the Universe: The Age of Elohim,False,Freestyle Releasing,2021-10-22,2021-10-22,2021,2021-11-25,5,15750.0,False
344,Minyan,Minyan,False,Strand Releasing,2021-10-22,2021-10-22,2021,2021-11-04,2,10639.0,True
345,My Hero Academia: World Heroes' Mission,My Hero Academia: World Heroes' Mission,False,FUNimation Entertainment,2021-10-29,2021-10-29,2021,2021-12-16,7,12271658.0,False
346,Last Night in Soho,Last Night in Soho,False,Focus Features,2021-10-29,2021-10-29,2021,2021-12-02,5,10127625.0,False
347,Antlers,Antlers,False,Searchlight Pictures,2021-10-29,2021-10-29,2021,2021-12-16,7,10619670.0,True
348,Ghostbusters2021 Re-release,Ghostbusters,True,Sony Pictures Classics,2021-10-29,2021-10-29,2021,2021-11-04,1,391718.0,True
349,A Mouthful of Air,A Mouthful of Air,False,Stage 6 Films,2021-10-29,2021-10-29,2021,2021-11-11,2,269435.0,False
350,Heart of Champions,Heart of Champions,False,Vertical Entertainment,2021-10-29,2021-10-29,2021,2021-11-04,1,37000.0,False
351,The Souvenir: Part II,The Souvenir: Part II,False,A24,2021-10-29,2021-10-29,2021,2021-11-18,3,98929.0,False
352,Only the Animals,Only the Animals,False,Cohen Media Group,2021-10-29,2021-10-29,2021,2021-11-11,2,9138.0,False
353,Cicada,Cicada,False,Strand Releasing,2021-10-29,2021-10-29,2021,2021-12-02,5,13370.0,True
354,Labyrinth of Cinema,Labyrinth of Cinema,False,MTV Documentary Films,2021-10-29,2021-10-15,2021,2021-11-04,1,4501.0,False
355,Eternals,Eternals,False,Walt Disney Studios Motion Pictures,2021-11-05,2021-11-05,2021,2022-01-27,12,164870234.0,True
356,Clifford the Big Red Dog,Clifford the Big Red Dog,False,Paramount Pictures,2021-11-05,2021-11-05,2021,2021-12-30,8,48947356.0,False
357,Spencer,Spencer,False,Neon,2021-11-05,2021-11-05,2021,2021-12-23,7,7086632.0,True
358,Sooryavanshi,Sooryavanshi,False,Reliance Entertainment,2021-11-05,2021-11-05,2021,2021-12-02,4,3547776.0,True
359,A Revision,A Revision,False,Entertainment One,2021-11-05,2021-11-05,2021,2022-02-17,9,161074.0,True
360,Christmas vs. The Walters,Christmas vs. The Walters,False,Safier Entertainment,2021-11-05,2021-11-05,2021,2021-11-25,3,55121.0,False
361,The Beta Test,The Beta Test,False,IFC Films,2021-11-05,2021-11-05,2021,2021-11-25,3,30520.0,False
362,Love It Was Not,Love It Was Not,False,Greenwich Entertainment,2021-11-05,2021-11-05,2021,2021-11-11,1,3688.0,False
363,Dear Rider: The Jake Burton Story,Dear Rider: The Jake Burton Story,False,Greenwich Entertainment,2021-11-05,2021-11-05,2021,2021-11-11,1,552.0,False
364,Belfast,Belfast,False,Focus Features,2021-11-12,2021-11-12,2021,2022-03-31,20,9250870.0,True
365,Anita,Anita,False,CMC Pictures,2021-11-12,2021-11-12,2021,2021-12-30,7,556632.0,True
366,Julia,Julia,False,Sony Pictures Classics,2021-11-12,2021-11-12,2021,2022-02-10,12,399811.0,True
367,What Do We See When We Look at the Sky?,What Do We See When We Look at the Sky?,False,MUBI,2021-11-12,2021-11-12,2021,2021-12-09,3,21443.0,False
368,Ghostbusters: Afterlife,Ghostbusters: Afterlife,False,Sony Pictures Releasing,2021-11-19,2021-11-19,2021,2022-03-10,16,129360575.0,True
369,Encanto,Encanto,False,Walt Disney Studios Motion Pictures,2021-11-19,2021-11-19,2021,2022-04-14,21,96093622.0,True
370,King Richard,King Richard,False,Warner Bros.,2021-11-19,2021-11-19,2021,2022-04-07,20,15129285.0,True
371,House of Gucci,House of Gucci,False,United Artists Releasing,2021-11-19,2021-11-19,2021,2022-03-03,15,53809574.0,False
372,Resident Evil: Welcome to Raccoon City,Resident Evil: Welcome to Raccoon City,False,Screen Gems,2021-11-19,2021-11-19,2021,2022-02-17,13,17000612.0,False
373,L'Arracheuse de temps,L'Arracheuse de temps,False,Entertainment One,2021-11-19,2021-11-19,2021,2022-05-19,22,750623.0,False
374,India Sweets and Spices,India Sweets and Spices,False,Bleecker Street Media,2021-11-19,2021-11-19,2021,2021-12-23,5,288714.0,False
375,C'mon C'mon,C'mon C'mon,False,A24,2021-11-19,2021-11-19,2021,2022-01-13,8,1863674.0,True
376,The Battle at Lake Changjin,The Battle at Lake Changjin,False,CMC Pictures,2021-11-19,2021-11-19,2021,2022-01-06,7,342411.0,False
377,For the Love of Money,For the Love of Money,False,Freestyle Releasing,2021-11-19,2021-11-19,2021,2021-12-23,5,480774.0,False
378,The First Wave,The First Wave,False,Neon,2021-11-19,2021-11-19,2021,2021-11-25,1,62376.0,False
379,Kurt Vonnegut: Unstuck in Time,Kurt Vonnegut: Unstuck in Time,False,IFC Films,2021-11-19,2021-11-19,2021,2021-12-16,4,60389.0,False
380,The Youngest Evangelist,The Youngest Evangelist,False,Atlas Distribution Company,2021-11-19,2021-11-19,2021,2021-11-25,1,35750.0,False
381,Bad Luck Banging or Loony Porn,Bad Luck Banging or Loony Porn,False,Magnolia Pictures,2021-11-19,2021-11-19,2021,2022-02-17,13,72342.0,False
382,I Was a Simple Man,I Was a Simple Man,False,Strand Releasing,2021-11-19,2021-11-19,2021,2021-12-16,4,12669.0,False
383,Unoponchash Batash,Unoponchash Batash,False,Swapna Scarecrow,2021-11-19,2021-11-19,2021,2021-11-25,1,6033.0,True
384,The Feast,The Feast,False,IFC Films,2021-11-19,2021-11-19,2021,2021-12-09,3,8316.0,True
385,The Incredibly True Adventure of Two Girls in Love2021 Re-release,The Incredibly True Adventure of Two Girls in Love,True,Strand Releasing,2021-11-19,2021-11-19,2021,2021-12-02,2,3519.0,False
386,Christmas with the Chosen: The Messengers,Christmas with the Chosen: The Messengers,False,Fathom Events,2021-11-26,2021-11-26,2021,2021-12-16,3,13728000.0,False
387,Licorice Pizza,Licorice Pizza,False,United Artists Releasing,2021-11-26,2021-11-26,2021,2022-04-07,19,17318007.0,True
388,Aline,Aline,False,Roadside Attractions,2021-11-26,2021-11-26,2021,2022-06-09,22,667815.0,True
389,Drive My Car,Drive My Car,False,Janus Films,2021-11-26,2021-11-19,2021,2022-04-07,19,2319933.0,False
390,True to the Game 3,True to the Game 3,False,Faith Media Distribution,2021-12-03,2021-12-03,2021,2021-12-16,2,1038255.0,False
391,Benedetta,Benedetta,False,IFC Films,2021-12-03,2021-12-03,2021,2022-02-24,12,354481.0,True
392,Wolf,Wolf,False,Focus Features,2021-12-03,2021-12-03,2021,2021-12-16,2,147595.0,True
393,Tadap,Tadap,False,FIP,2021-12-03,2021-12-03,2021,2021-12-16,2,130934.0,True
394,Try Harder!,Try Harder!,False,Greenwich Entertainment,2021-12-03,2021-12-03,2021,2021-12-09,1,32432.0,True
395,Flee,Flee,False,Neon,2021-12-03,2021-12-03,2021,2022-03-03,13,339754.0,True
396,The Scary of Sixty-First,The Scary of Sixty-First,False,Utopia,2021-12-03,2021-12-03,2021,2022-03-24,12,45005.0,False
397,Writing with Fire,Writing with Fire,False,Music Box Films,2021-12-03,2021-11-26,2021,2022-05-12,14,28262.0,False
398,Torn,Torn,False,Dada Films,2021-12-03,2021-12-03,2021,2022-01-20,6,48123.0,True
399,West Side Story,West Side Story,False,20th Century Studios,2021-12-10,2021-12-10,2021,2022-04-07,17,38530322.0,False
400,National Champions,National Champions,False,STX Entertainment,2021-12-10,2021-12-10,2021,2021-12-23,2,475488.0,True
401,The Lady of Heaven,The Lady of Heaven,False,Universal Pictures,2021-12-10,2021-12-10,2021,2022-05-05,5,291597.0,False
402,Red Rocket,Red Rocket,False,A24,2021-12-10,2021-12-10,2021,2022-01-27,7,1023086.0,True
403,France,France,False,Kino Lorber,2021-12-10,2021-12-10,2021,2022-02-10,9,49347.0,True
404,Agnes,Agnes,False,Magnolia Pictures,2021-12-10,2021-12-10,2021,2021-12-23,2,2113.0,True
405,Spider-Man: No Way Home,Spider-Man: No Way Home,False,Sony Pictures Releasing,2021-12-17,2021-12-17,2021,2022-06-30,28,804793477.0,False
406,Sing 2,Sing 2,False,Universal Pictures,2021-12-17,2021-12-17,2021,2022-05-05,20,162790990.0,True
407,The Matrix Resurrections,The Matrix Resurrections,False,Warner Bros.,2021-12-17,2021-12-17,2021,2022-03-03,11,37686805.0,False
408,Nightmare Alley,Nightmare Alley,False,Searchlight Pictures,2021-12-17,2021-12-17,2021,2022-03-31,15,11338107.0,True
409,The King's Man,The King's Man,False,20th Century Studios,2021-12-17,2021-12-17,2021,2022-03-10,12,37176373.0,False
410,The Novice,The Novice,False,IFC Films,2021-12-17,2021-12-17,2021,2022-02-03,7,24322.0,True
411,Harper,Harper,False,Indican Pictures,2021-12-17,2021-12-10,2021,2021-12-23,1,18618.0,True
412,Nights of Cabiria2021 Re-release,Nights of Cabiria,True,Rialto Pictures,2021-12-17,2021-12-17,2021,2021-12-23,1,11570.0,False
413,The Velvet Queen,The Velvet Queen,False,Oscilloscope,2021-12-17,2021-12-17,2021,2022-06-09,21,151006.0,False
414,American Underdog,American Underdog,False,Lionsgate,2021-12-24,2021-12-24,2021,2022-02-24,9,26514814.0,True
415,A Journal for Jordan,A Journal for Jordan,False,Sony Pictures Releasing,2021-12-24,2021-12-24,2021,2022-02-10,7,6545174.0,False
416,'83,'83,False,Reliance Entertainment,2021-12-24,2021-12-17,2021,2022-01-20,4,4055660.0,True
417,Parallel Mothers,Parallel Mothers,False,Sony Pictures Classics,2021-12-24,2021-12-24,2021,2022-05-05,19,2297501.0,True
418,Memoria,Memoria,False,Neon,2021-12-24,2021-12-24,2021,2022-01-06,2,52656.0,True
419,Jockey,Jockey,False,Sony Pictures Classics,2021-12-24,2021-12-24,2021,2022-03-31,14,108678.0,True
420,The 355,The 355,False,Universal Pictures,2022-01-07,2022-01-07,2022,2022-03-03,8,14570455.0,True
421,See for Me,See for Me,False,IFC Films,2022-01-07,2022-01-07,2022,2022-02-10,5,51218.0,False
422,Scream,Scream,False,Paramount Pictures,2022-01-14,2022-01-14,2022,2022-03-31,11,81641405.0,True
423,Belle,Belle,False,GKIDS,2022-01-14,2022-01-14,2022,2022-03-31,11,4018313.0,True
424,Who We Are: A Chronicle of Racism in America,Who We Are: A Chronicle of Racism in America,False,Sony Pictures Releasing,2022-01-14,2022-01-14,2022,2022-03-31,11,234298.0,False
425,The Conversation2021 Re-release,The Conversation,True,Rialto Distribution,2022-01-14,2022-01-14,2022,2022-04-28,15,108476.0,True
426,Italian Studies,Italian Studies,False,Magnolia Pictures,2022-01-14,2022-01-14,2022,2022-01-27,2,5895.0,True
427,Alter Ego,Alter Ego,False,Indican Pictures,2022-01-14,2022-01-14,2022,2022-03-24,3,7390.0,True
428,The Pink Cloud,The Pink Cloud,False,Blue Fox Entertainment,2022-01-14,2022-01-14,2022,2022-02-10,4,8744.0,False
429,Redeeming Love,Redeeming Love,False,Universal Pictures,2022-01-21,2022-01-21,2022,2022-03-10,7,9214020.0,True
430,The King's Daughter,The King's Daughter,False,Gravitas Ventures,2022-01-21,2022-01-21,2022,2022-02-24,5,1758963.0,False
431,The Tiger Rising,The Tiger Rising,False,Variance Films,2022-01-21,2022-01-21,2022,2022-02-03,2,793669.0,False
432,Unsilenced,Unsilenced,False,Zhen Pictures,2022-01-21,2022-01-21,2022,2022-03-10,7,613621.0,True
433,Shortbus2022 Re-release (Restoration),Shortbus,True,Oscilloscope,2022-01-21,2022-01-21,2022,2022-02-24,4,30889.0,True
434,Compartment Number 6,Compartment Number 6,False,Sony Pictures Classics,2022-01-21,2022-01-21,2022,2022-05-05,15,205843.0,False
435,Simple Passion,Simple Passion,False,Strand Releasing,2022-01-21,2022-01-21,2022,2022-02-10,3,3518.0,True
436,The Beatles: Get Back - The Rooftop Concert,The Beatles: Get Back - The Rooftop Concert,False,IMAX,2022-01-28,2022-01-28,2022,2022-03-10,6,976712.0,False
437,Clean,Clean,False,IFC Films,2022-01-28,2022-01-28,2022,2022-02-17,3,318877.0,True
438,Gamestop: Rise of the Players,Gamestop: Rise of the Players,False,Super LTD,2022-01-28,2022-01-28,2022,2022-02-10,2,126297.0,False
439,Sundown,Sundown,False,Bleecker Street Media,2022-01-28,2022-01-28,2022,2022-02-24,4,229922.0,True
440,Poly Styrene: I Am a Cliché,Poly Styrene: I Am a Cliché,False,Utopia,2022-01-28,2022-01-28,2022,2022-03-17,7,48544.0,False
441,Brighton 4th,Brighton 4th,False,Kino Lorber,2022-01-28,2022-01-28,2022,2022-04-14,10,22313.0,True
442,A Taste of Hunger,A Taste of Hunger,False,Magnolia Pictures,2022-01-28,2022-01-28,2022,2022-02-17,3,5860.0,False
443,Jackass Forever,Jackass Forever,False,Paramount Pictures,2022-02-04,2022-02-04,2022,2022-03-31,8,57743451.0,True
444,Moonfall,Moonfall,False,Lionsgate,2022-02-04,2022-02-04,2022,2022-03-17,6,19060660.0,True
445,The Wolf and the Lion,The Wolf and the Lion,False,Blue Fox Entertainment,2022-02-04,2022-02-04,2022,2022-04-14,10,2072173.0,False
446,The Worst Person in the World,The Worst Person in the World,False,Neon,2022-02-04,2022-02-04,2022,2022-04-07,9,3034775.0,False
447,Only Fools Rush In,Only Fools Rush In,False,CMC Pictures,2022-02-04,2022-02-04,2022,2022-02-24,3,82842.0,False
448,Lingui,Lingui,False,MUBI,2022-02-04,2022-02-04,2022,2022-03-17,4,27553.0,True
449,Death on the Nile,Death on the Nile,False,20th Century Studios,2022-02-11,2022-02-11,2022,2022-04-28,11,45630104.0,False
450,Marry Me,Marry Me,False,Universal Pictures,2022-02-11,2022-02-11,2022,2022-03-31,7,22438180.0,True
451,Blacklight,Blacklight,False,Briarcliff Entertainment,2022-02-11,2022-02-11,2022,2022-03-24,6,9591094.0,True
452,Water Gate Bridge,Water Gate Bridge,False,CMC Pictures,2022-02-11,2022-02-11,2022,2022-03-03,3,117294.0,False
453,Catch the Fair One,Catch the Fair One,False,IFC Films,2022-02-11,2022-02-11,2022,2022-03-24,6,34541.0,False
454,Fabian: Going to the Dogs,Fabian: Going to the Dogs,False,Kino Lorber,2022-02-11,2022-02-11,2022,2022-04-21,9,24971.0,False
455,Indemnity,Indemnity,False,Magnolia Pictures,2022-02-11,2022-02-04,2022,2022-02-17,1,347.0,True
456,Uncharted,Uncharted,False,Sony Pictures Releasing,2022-02-18,2022-02-18,2022,2022-07-14,21,148648820.0,True
457,Dog,Dog,False,United Artists Releasing,2022-02-18,2022-02-18,2022,2022-05-12,12,61778069.0,True
458,The Cursed,The Cursed,False,LD Entertainment,2022-02-18,2022-02-18,2022,2022-03-24,5,4588389.0,True
459,Too Cool to Kill,Too Cool to Kill,False,Well Go USA Entertainment,2022-02-18,2022-02-18,2022,2022-02-24,1,118236.0,False
460,Strawberry Mansion,Strawberry Mansion,False,Music Box Films,2022-02-18,2022-02-18,2022,2022-07-14,13,97526.0,True
461,Ted K,Ted K,False,Super LTD,2022-02-18,2022-02-18,2022,2022-03-03,2,35464.0,True
462,The Automat,The Automat,False,Slice of Pie,2022-02-18,2022-02-18,2022,2022-11-03,24,257221.0,True
463,A Banquet,A Banquet,False,IFC Films,2022-02-18,2022-02-18,2022,2022-03-03,2,5103.0,True
464,Studio 666,Studio 666,False,Open Road Films (II),2022-02-25,2022-02-25,2022,2022-03-17,3,2513963.0,True
465,Cyrano,Cyrano,False,United Artists Releasing,2022-02-25,2022-02-25,2022,2022-04-07,6,3873124.0,True
466,The Godfather2022 Re-release,The Godfather,True,Paramount Pictures,2022-02-25,2022-02-25,2022,2022-03-24,2,1414662.0,True
467,2022 Oscar Nominated Short Films: Live Action/2022 Oscar Nominated Short Films: Animation/2022 Oscar Nominated Short Films: Documentary2022 Oscar Nominated Short Films,2022 Oscar Nominated Short Films: Live Action/2022 Oscar Nominated Short Films: Animation/2022 Oscar Nominated Short Films: Documentary2022 Oscar Nominated Short Films,False,ShortsTV,2022-02-25,2022-02-25,2022,2022-04-14,6,1801646.0,False
468,Butter,Butter,False,Blue Fox Entertainment,2022-02-25,2022-02-25,2022,2022-03-10,2,114036.0,True
469,The Burning Sea,The Burning Sea,False,Magnolia Pictures,2022-02-25,2022-02-25,2022,2022-03-03,1,493.0,False
470,The Batman,The Batman,False,Warner Bros.,2022-03-04,2022-03-04,2022,2022-06-09,14,369345583.0,True
471,Gangubai Kathiawadi,Gangubai Kathiawadi,False,Paramount Pictures,2022-03-04,2022-03-04,2022,2022-03-10,1,592000.0,True
472,After Yang,After Yang,False,,2022-03-04,2022-03-04,2022,2022-03-10,1,46872.0,True
473,Great Freedom,Great Freedom,False,MUBI,2022-03-04,2022-03-04,2022,2022-04-28,8,70535.0,True
474,Huda's Salon,Huda's Salon,False,IFC Films,2022-03-04,2022-03-04,2022,2022-03-24,3,16128.0,True
475,Adventures in Success,Adventures in Success,False,,2022-03-04,2022-03-04,2022,2022-03-10,1,3695.0,False
476,BTS Permission to Dance on Stage - Seoul: Live Viewing,BTS Permission to Dance on Stage - Seoul: Live Viewing,False,Trafalgar Releasing,2022-03-11,2022-03-11,2022,2022-03-17,1,6840000.0,False
477,Radhe Shyam,Radhe Shyam,False,-,2022-03-11,2022-03-11,2022,2022-03-17,1,1860000.0,True
478,Tyson's Run,Tyson's Run,False,Collide Distribution,2022-03-11,2022-03-11,2022,2022-04-14,5,391426.0,True
479,Gold,Gold,False,Screen Media Films,2022-03-11,2022-03-11,2022,2022-03-24,2,100197.0,True
480,All My Friends Hate Me,All My Friends Hate Me,False,,2022-03-11,2022-03-11,2022,2022-03-31,3,80405.0,False
481,I Am Here,I Am Here,False,Blue Fox Entertainment,2022-03-11,2022-03-11,2022,2022-03-31,3,40445.0,False
482,The Cherry Bushido,The Cherry Bushido,False,Freestyle Releasing,2022-03-11,2022-03-11,2022,2022-03-31,3,17586.0,False
483,The Servant2022 Re-release,The Servant,True,Rialto Distribution,2022-03-11,2022-03-11,2022,2022-04-21,2,9059.0,True
484,I've Heard the Mermaids Singing2022 Re-release,I've Heard the Mermaids Singing,True,Kino Lorber,2022-03-11,2022-03-11,2022,2022-05-19,8,6903.0,False
485,Ultrasound,Ultrasound,False,Magnolia Pictures,2022-03-11,2022-03-11,2022,2022-03-24,2,2908.0,True
486,Jujutsu Kaisen 0,Jujutsu Kaisen 0,False,Crunchyroll,2022-03-18,2022-03-18,2022,2022-05-12,8,34542754.0,False
487,X,X,False,A24,2022-03-18,2022-03-18,2022,2022-05-05,7,11769469.0,True
488,The Outfit,The Outfit,False,Focus Features,2022-03-18,2022-03-18,2022,2022-04-14,4,3344040.0,True
489,The Kashmir Files,The Kashmir Files,False,Zee Studios,2022-03-18,2022-03-18,2022,2022-03-24,1,1485000.0,False
490,Umma,Umma,False,Stage 6 Films,2022-03-18,2022-03-18,2022,2022-04-21,5,2121025.0,True
491,Man of God,Man of God,False,Fathom Events,2022-03-18,2022-03-18,2022,2022-03-31,2,920561.0,False
492,Alice,Alice,False,Roadside Attractions,2022-03-18,2022-03-18,2022,2022-04-07,3,373043.0,True
493,Jane by Charlotte,Jane by Charlotte,False,Utopia,2022-03-18,2022-03-18,2022,2022-03-31,2,38479.0,False
494,Mr. Klein2022 Re-release (4K),Mr. Klein,True,Rialto Distribution,2022-03-18,2022-03-18,2022,2022-04-14,4,20513.0,True
495,Ahed's Knee,Ahed's Knee,False,Kino Lorber,2022-03-18,2022-03-18,2022,2022-05-12,8,52702.0,True
496,Laleh Drive,Laleh Drive,False,Integrity Releasing,2022-03-18,2022-03-18,2022,2022-04-28,6,11922.0,True
497,The Torch,The Torch,False,IFC Films,2022-03-18,2022-03-18,2022,2022-04-28,6,9459.0,True
498,The Lost City,The Lost City,False,Paramount Pictures,2022-03-25,2022-03-25,2022,2022-06-23,13,105344029.0,False
499,RRR,RRR,False,Sarigama Cinemas,2022-03-25,2022-03-25,2022,2022-04-07,2,14500000.0,True
500,Infinite Storm,Infinite Storm,False,Bleecker Street Media,2022-03-25,2022-03-25,2022,2022-04-21,4,1600543.0,True
501,Everything Everywhere All at Once,Everything Everywhere All at Once,False,A24,2022-03-25,2022-03-25,2022,2023-04-13,39,77169469.0,False
502,You Are Not My Mother,You Are Not My Mother,False,Magnolia Pictures,2022-03-25,2022-03-18,2022,2022-04-14,3,45040.0,False
503,Mothering Sunday,Mothering Sunday,False,Sony Pictures Classics,2022-03-25,2022-03-25,2022,2022-05-19,8,275352.0,True
504,Bronco Bullfrog2022 Re-release,Bronco Bullfrog,True,Seventy-Seven,2022-03-25,2022-03-25,2022,2022-07-14,10,13171.0,True
505,Stunt Rock2022 Re-release,Stunt Rock,True,Kino Lorber,2022-03-25,2022-03-25,2022,2022-05-26,9,9530.0,True
506,Morbius,Morbius,False,Columbia Pictures,2022-04-01,2022-04-01,2022,2022-06-23,12,73865530.0,True
507,The Contractor,The Contractor,False,STX Entertainment,2022-04-01,2022-04-01,2022,2022-04-14,2,1035265.0,True
508,Selena2022 Re-release,Selena,True,Iconic Events Releasing,2022-04-01,2022-04-01,2022,2022-04-21,3,438626.0,True
509,You Won't Be Alone,You Won't Be Alone,False,Focus Features,2022-04-01,2022-04-01,2022,2022-04-14,2,264055.0,False
510,Waterman,Waterman,False,Purdie Distribution,2022-04-01,2022-04-01,2022,2022-05-12,6,316848.0,True
511,The Rose Maker,The Rose Maker,False,Music Box Films,2022-04-01,2022-04-01,2022,2022-09-15,18,119160.0,False
512,Barbarians,Barbarians,False,IFC Films,2022-04-01,2022-04-01,2022,2022-04-14,2,10742.0,True
513,Sonic the Hedgehog 2,Sonic the Hedgehog 2,False,Paramount Pictures,2022-04-08,2022-04-08,2022,2022-07-07,13,190872904.0,False
514,Ambulance,Ambulance,False,Universal Pictures,2022-04-08,2022-04-08,2022,2022-12-29,8,22781115.0,True
515,Father Stu,Father Stu,False,Sony Pictures Releasing,2022-04-08,2022-04-08,2022,2022-06-23,11,20884796.0,True
516,UFC 273: Volkanovski vs the Korean Zombie,UFC 273: Volkanovski vs the Korean Zombie,False,Iconic Events Releasing,2022-04-08,2022-04-08,2022,2022-04-14,1,180000.0,False
517,Inland Empire2022 Re-release,Inland Empire,True,Janus Films,2022-04-08,2022-04-08,2022,2022-05-12,5,182555.0,True
518,Love in Kilnerry,Love in Kilnerry,False,Archway Pictures,2022-04-08,2022-04-08,2022,2022-09-01,21,213099.0,False
519,Cow,Cow,False,IFC Films,2022-04-08,2022-04-08,2022,2022-05-12,5,22504.0,True
520,Fantastic Beasts: The Secrets of Dumbledore,Fantastic Beasts: The Secrets of Dumbledore,False,Warner Bros.,2022-04-15,2022-04-15,2022,2022-06-30,11,95850844.0,False
521,K.G.F: Chapter 2,K.G.F: Chapter 2,False,Viva Pictures,2022-04-15,2022-04-15,2022,2022-04-21,1,2874000.0,False
522,Dual,Dual,False,RLJ Entertainment,2022-04-15,2022-04-15,2022,2022-04-21,1,185212.0,True
523,"Paris, 13th District","Paris, 13th District",False,IFC Films,2022-04-15,2022-04-15,2022,2022-05-19,5,73118.0,False
524,We're All Going to the World's Fair,We're All Going to the World's Fair,False,Utopia,2022-04-15,2022-04-15,2022,2022-07-07,10,101178.0,False
525,Mississippi Masala2022 Re-release,Mississippi Masala,True,Janus Films,2022-04-15,2022-04-15,2022,2022-05-12,4,23729.0,True
526,The Tale of King Crab,The Tale of King Crab,False,Oscilloscope,2022-04-15,2022-04-15,2022,2022-05-26,6,26919.0,False
527,The Bad Guys,The Bad Guys,False,Universal Pictures,2022-04-22,2022-04-22,2022,2022-11-17,18,97233630.0,False
528,The Northman,The Northman,False,Focus Features,2022-04-22,2022-04-22,2022,2022-06-16,8,34233110.0,True
529,The Unbearable Weight of Massive Talent,The Unbearable Weight of Massive Talent,False,Lionsgate,2022-04-22,2022-04-22,2022,2022-06-09,7,20300157.0,False
530,¿Y cómo es él?,¿Y cómo es él?,False,Lionsgate,2022-04-22,2022-04-22,2022,2022-06-16,8,1500636.0,False
531,Vivo,Vivo,False,Fathom Events,2022-04-22,2022-04-22,2022,2022-06-23,2,454807.0,True
532,Pompo: The Cinéphile,Pompo: The Cinéphile,False,GKIDS,2022-04-22,2022-04-22,2022,2022-05-05,2,164528.0,False
533,Petite Maman,Petite Maman,False,Neon,2022-04-22,2022-04-22,2022,2022-06-16,8,829065.0,True
534,The Duke,The Duke,False,Sony Pictures Classics,2022-04-22,2022-04-22,2022,2022-07-28,14,1526970.0,True
535,Unplugging,Unplugging,False,Vertical Entertainment,2022-04-22,2022-04-22,2022,2022-04-28,1,20500.0,True
536,Charlotte,Charlotte,False,Good Deed Entertainment,2022-04-22,2022-04-22,2022,2022-05-12,3,18520.0,True
537,Hit the Road,Hit the Road,False,Kino Lorber,2022-04-22,2022-04-22,2022,2022-08-04,15,151018.0,False
538,Take Me to the River: New Orleans,Take Me to the River: New Orleans,False,,2022-04-22,2022-04-22,2022,2022-06-09,5,41489.0,False
539,Stanleyville,Stanleyville,False,Oscilloscope,2022-04-22,2022-04-22,2022,2022-04-28,1,2137.0,True
540,Memory,Memory,False,Open Road Films (II),2022-04-29,2022-04-29,2022,2024-02-01,10,7329043.0,True
541,Acharya,Acharya,False,Prime Media Pictures,2022-04-29,2022-04-29,2022,2022-05-05,1,832000.0,True
542,Hatching,Hatching,False,IFC Films,2022-04-29,2022-04-29,2022,2022-05-26,4,182925.0,True
543,Firebird,Firebird,False,Roadside Attractions,2022-04-29,2022-04-29,2022,2022-06-09,6,144118.0,True
544,Eiffel,Eiffel,False,Blue Fox Entertainment,2022-04-29,2022-04-29,2022,2022-08-18,15,444814.0,True
545,Green Ghost and the Masters of the Stone,Green Ghost and the Masters of the Stone,False,Gravitas Ventures,2022-04-29,2022-04-29,2022,2022-06-16,7,113685.0,False
546,Anaïs in Love,Anaïs in Love,False,Magnolia Pictures,2022-04-29,2022-04-29,2022,2022-05-26,4,42941.0,False
547,The Sound of Violet,The Sound of Violet,False,Atlas Distribution Company,2022-04-29,2022-04-29,2022,2022-05-26,4,32333.0,False
548,The Wobblies2022 Re-release,The Wobblies,True,Kino Lorber,2022-04-29,2022-04-29,2022,2022-07-21,4,12232.0,True
549,Doctor Strange in the Multiverse of Madness,Doctor Strange in the Multiverse of Madness,False,Walt Disney Studios Motion Pictures,2022-05-06,2022-05-06,2022,2022-08-11,14,411331607.0,False
550,Vortex,Vortex,False,Utopia,2022-05-06,2022-05-06,2022,2022-06-02,2,145708.0,True
551,Happening,Happening,False,IFC Films,2022-05-06,2022-05-06,2022,2022-07-14,10,181023.0,True
552,Diva2022 Re-release,Diva,True,Rialto Pictures,2022-05-06,2022-05-06,2022,2022-09-29,12,73411.0,True
553,Remembering Heaven,Remembering Heaven,False,Purdie Distribution,2022-05-06,2022-05-06,2022,2022-06-09,5,40907.0,True
554,Lux Æterna,Lux Æterna,False,Yellow Veil Pictures,2022-05-06,2022-05-06,2022,2022-06-16,6,50027.0,True
555,In Front of Your Face,In Front of Your Face,False,The Cinema Guild,2022-05-06,2022-05-06,2022,2022-05-12,1,9150.0,False
556,The Conversation2022 Re-release,The Conversation,True,Rialto Pictures,2022-05-06,2022-05-06,2022,2022-09-22,18,143329.0,True
557,Firestarter,Firestarter,False,Universal Pictures,2022-05-13,2022-05-13,2022,2022-12-29,7,9739250.0,True
558,Family Camp,Family Camp,False,Roadside Attractions,2022-05-13,2022-05-13,2022,2022-08-18,14,3973263.0,True
559,On the Count of Three,On the Count of Three,False,United Artists Releasing,2022-05-13,2022-05-13,2022,2022-05-19,1,54515.0,False
560,Around the World in 80 Days,Around the World in 80 Days,False,Viva Pictures,2022-05-13,2022-05-06,2022,2022-06-02,3,48676.0,False
561,Montana Story,Montana Story,False,Bleecker Street Media,2022-05-13,2022-05-13,2022,2022-06-30,7,292915.0,True
562,Pleasure,Pleasure,False,Neon,2022-05-13,2022-05-13,2022,2022-06-02,3,106789.0,True
563,The Innocents,The Innocents,False,IFC Films,2022-05-13,2022-05-13,2022,2022-06-02,3,25705.0,True
564,Jazz Fest: A New Orleans Story,Jazz Fest: A New Orleans Story,False,Sony Pictures Releasing,2022-05-13,2022-05-13,2022,2022-07-28,11,179005.0,False
565,Kamikaze Hearts,Kamikaze Hearts,False,,2022-05-13,2022-05-13,2022,2022-07-21,5,6669.0,True
566,Downton Abbey: A New Era,Downton Abbey: A New Era,False,Focus Features,2022-05-20,2022-05-20,2022,2022-12-29,8,44141550.0,False
567,Men,Men,False,A24,2022-05-20,2022-05-20,2022,2022-06-23,5,7587853.0,True
568,2000 Mules,2000 Mules,False,D'Souza Media,2022-05-20,2022-05-20,2022,2022-06-23,5,1465513.0,True
569,The Roundup,The Roundup,False,Capelight Pictures,2022-05-20,2022-05-13,2022,2022-06-23,5,774237.0,True
570,Paap Punyo,Paap Punyo,False,Swapna Scarecrow,2022-05-20,2022-05-20,2022,2022-06-02,2,26037.0,True
571,Good Mourning,Good Mourning,False,Briarcliff Entertainment,2022-05-20,2022-05-20,2022,2022-05-26,1,21348.0,True
572,Hold Your Fire,Hold Your Fire,False,IFC Films,2022-05-20,2022-05-20,2022,2022-05-26,1,5614.0,False
573,Distant2022 Re-release,Distant,True,Big World Pictures,2022-05-20,2022-05-20,2022,2022-06-30,6,10329.0,True
574,A New Old Play,A New Old Play,False,Icarus Films,2022-05-20,2022-05-20,2022,2022-07-07,4,9027.0,False
575,Fire in the Mountains,Fire in the Mountains,False,Kino Lorber,2022-05-20,2022-05-20,2022,2022-07-14,6,12038.0,False
576,Mondocane,Mondocane,False,Kino Lorber,2022-05-20,2022-05-20,2022,2022-06-16,4,4927.0,True
577,Top Gun: Maverick,Top Gun: Maverick,False,Paramount Pictures,2022-05-27,2022-05-27,2022,2022-12-15,26,718732821.0,False
578,The Bob's Burgers Movie,The Bob's Burgers Movie,False,20th Century Studios,2022-05-27,2022-05-27,2022,2022-08-04,10,31933830.0,False
579,F3: Fun and Frustration,F3: Fun and Frustration,False,-,2022-05-27,2022-05-27,2022,2022-06-02,1,1195000.0,False
580,RRR2022 Re-release,RRR,True,Variance Films,2022-05-27,2022-05-27,2022,2023-02-16,26,399485.0,True
581,Freakscene: The Story of Dinosaur Jr.,Freakscene: The Story of Dinosaur Jr.,False,Utopia,2022-05-27,2022-05-27,2022,2022-06-30,4,67979.0,False
582,Fortune Favors Lady Nikuko,Fortune Favors Lady Nikuko,False,GKIDS,2022-05-27,2022-05-27,2022,2022-06-16,3,91653.0,False
583,Rite of the Shaman,Rite of the Shaman,False,Purdie Distribution,2022-05-27,2022-05-27,2022,2022-06-16,3,16210.0,False
584,A Chiara,A Chiara,False,Neon,2022-05-27,2022-05-27,2022,2022-06-23,4,41925.0,True
585,Fireheart,Fireheart,False,Entertainment One,2022-05-27,2022-05-27,2022,2022-07-21,8,49848.0,True
586,Be Natural: The Untold Story of Alice Guy-Blaché2022 Re-release,Be Natural: The Untold Story of Alice Guy-Blaché,True,-,2022-05-27,2022-05-27,2022,2022-06-09,2,780.0,False
587,Vikram,Vikram,False,Prime Media Pictures,2022-06-03,2022-06-03,2022,2022-06-09,1,1770000.0,True
588,Crimes of the Future,Crimes of the Future,False,Neon,2022-06-03,2022-06-03,2022,2022-06-23,3,2452882.0,False
589,Watcher,Watcher,False,IFC Films,2022-06-03,2022-06-03,2022,2022-07-14,6,1961207.0,True
590,Deep in the Heart: A Texas Wildlife Story,Deep in the Heart: A Texas Wildlife Story,False,Fin & Fur Films,2022-06-03,2022-06-03,2022,2022-07-21,7,480240.0,False
591,Benediction,Benediction,False,Roadside Attractions,2022-06-03,2022-06-03,2022,2022-07-21,7,201093.0,True
592,Maika,Maika,False,Well Go USA Entertainment,2022-06-03,2022-06-03,2022,2022-06-30,3,69047.0,True
593,The Phantom of the Open,The Phantom of the Open,False,Sony Pictures Classics,2022-06-03,2022-06-03,2022,2022-10-13,18,748695.0,False
594,Poser,Poser,False,Oscilloscope,2022-06-03,2022-06-03,2022,2022-07-28,8,42179.0,True
595,Neptune Frost,Neptune Frost,False,Kino Lorber,2022-06-03,2022-06-03,2022,2022-11-24,21,193875.0,True
596,Back to the Drive-in,Back to the Drive-in,False,-,2022-06-03,2022-06-03,2022,2022-09-29,8,626557.0,False
597,Relative,Relative,False,Newcity,2022-06-03,2022-06-03,2022,2023-02-16,19,21257.0,True
598,Kill Devil Hills,Kill Devil Hills,False,Sumbadhat Productions,2022-06-03,2022-06-03,2022,2022-06-09,1,2022.0,False
599,Jurassic World: Dominion,Jurassic World: Dominion,False,Universal Pictures,2022-06-10,2022-06-10,2022,2022-12-29,16,376851080.0,False
600,Ante Sundharaniki,Ante Sundharaniki,False,,2022-06-10,2022-06-10,2022,2022-06-16,1,620000.0,True
601,Lost Illusions,Lost Illusions,False,Music Box Films,2022-06-10,2022-06-10,2022,2022-10-13,16,126391.0,True
602,Mad God,Mad God,False,IFC Films,2022-06-10,2022-06-10,2022,2022-11-03,21,325042.0,True
603,1982,1982,False,Tricycle Logic,2022-06-10,2022-06-10,2022,2022-12-01,17,43829.0,True
604,Lightyear,Lightyear,False,Walt Disney Studios Motion Pictures,2022-06-17,2022-06-17,2022,2022-09-08,12,118307188.0,True
605,Brian and Charles,Brian and Charles,False,Focus Features,2022-06-17,2022-06-17,2022,2022-06-30,2,430635.0,False
606,Abandoned,Abandoned,False,Vertical Entertainment,2022-06-17,2022-06-17,2022,2022-06-23,1,96761.0,True
607,The Witch: Part 2 - The Other One,The Witch: Part 2 - The Other One,False,Well Go USA Entertainment,2022-06-17,2022-06-17,2022,2022-07-07,3,139947.0,False
608,Official Competition,Official Competition,False,IFC Films,2022-06-17,2022-06-17,2022,2022-09-15,12,593790.0,True
609,Nikamma,Nikamma,False,Sony Pictures Releasing,2022-06-17,2022-06-17,2022,2022-06-30,2,31181.0,True
610,Bitterbrush,Bitterbrush,False,Magnolia Pictures,2022-06-17,2022-06-17,2022,2022-07-28,6,28099.0,True
611,A Man of Integrity,A Man of Integrity,False,Big World Pictures,2022-06-17,2022-06-17,2022,2022-06-30,2,4499.0,False
612,Elvis,Elvis,False,Warner Bros.,2022-06-24,2022-06-24,2022,2022-10-13,16,151040048.0,True
613,The Black Phone,The Black Phone,False,Universal Pictures,2022-06-24,2022-06-24,2022,2022-12-29,14,90123230.0,False
614,Jug Jugg Jeeyo,Jug Jugg Jeeyo,False,-,2022-06-24,2022-06-24,2022,2022-07-07,2,1033000.0,False
615,Marcel the Shell with Shoes On,Marcel the Shell with Shoes On,False,A24,2022-06-24,2022-06-24,2022,2022-10-06,15,6333702.0,False
616,Facing Nolan,Facing Nolan,False,Utopia,2022-06-24,2022-06-24,2022,2022-09-15,11,405797.0,True
617,CatVideoFest 2022,CatVideoFest 2022,False,Oscilloscope,2022-06-24,2022-06-24,2022,2022-11-03,15,217330.0,True
618,The Discreet Charm of the Bourgeoisie4K Restoration,The Discreet Charm of the Bourgeoisie,True,Rialto Pictures,2022-06-24,2022-06-24,2022,2023-01-26,21,82471.0,False
619,Shaan,Shaan,False,Swapna Scarecrow,2022-06-24,2022-06-24,2022,2022-06-30,1,8767.0,True
620,Flux Gourmet,Flux Gourmet,False,IFC Films,2022-06-24,2022-06-24,2022,2022-07-28,5,19222.0,True
621,Beba,Beba,False,Neon,2022-06-24,2022-06-24,2022,2022-07-14,3,16254.0,True
622,Olga,Olga,False,Kino Lorber,2022-06-24,2022-06-24,2022,2022-09-01,8,12494.0,True
623,Minions: The Rise of Gru,Minions: The Rise of Gru,False,Universal Pictures,2022-07-01,2022-07-01,2022,2025-01-02,23,370549695.0,False
624,Mr. Malcolm's List,Mr. Malcolm's List,False,Bleecker Street Media,2022-07-01,2022-07-01,2022,2022-08-04,5,1885718.0,False
625,The Forgiven,The Forgiven,False,Roadside Attractions,2022-07-01,2022-07-01,2022,2022-08-18,7,340222.0,True
626,Fourth of July,Fourth of July,False,Circus King Productions,2022-07-01,2022-07-01,2022,2022-07-28,4,325070.0,False
627,"Hallelujah: Leonard Cohen, a Journey, a Song","Hallelujah: Leonard Cohen, a Journey, a Song",False,Sony Pictures Releasing,2022-07-01,2022-07-01,2022,2022-11-03,17,1062603.0,False
628,Fire of Love,Fire of Love,False,Neon,2022-07-01,2022-07-01,2022,2023-02-23,14,1120412.0,False
629,Clara Sola,Clara Sola,False,Oscilloscope,2022-07-01,2022-07-01,2022,2022-07-28,4,12076.0,True
630,Rubikon,Rubikon,False,IFC Films,2022-07-01,2022-07-01,2022,2022-07-07,1,1687.0,True
631,Thor: Love and Thunder,Thor: Love and Thunder,False,Walt Disney Studios Motion Pictures,2022-07-08,2022-07-08,2022,2022-10-13,14,343256830.0,False
632,The Deer King,The Deer King,False,GKIDS,2022-07-08,2022-07-08,2022,2022-07-28,3,295370.0,False
633,Lignes de fuite,Lignes de fuite,False,Entertainment One,2022-07-08,2022-07-08,2022,2022-07-21,2,188355.0,False
634,Both Sides of the Blade,Both Sides of the Blade,False,IFC Films,2022-07-08,2022-07-08,2022,2022-09-22,11,201047.0,False
635,The Killer,The Killer,False,Wide Lens Pictures,2022-07-08,2022-07-08,2022,2022-08-04,4,134716.0,True
636,Dreaming Walls: Inside the Chelsea Hotel,Dreaming Walls: Inside the Chelsea Hotel,False,Magnolia Pictures,2022-07-08,2022-07-08,2022,2022-08-11,5,22534.0,False
637,Murina,Murina,False,Kino Lorber,2022-07-08,2022-07-08,2022,2022-12-01,18,55762.0,True
638,Where the Crawdads Sing,Where the Crawdads Sing,False,Sony Pictures Releasing,2022-07-15,2022-07-15,2022,2022-10-20,14,90230760.0,False
639,Paws of Fury: The Legend of Hank,Paws of Fury: The Legend of Hank,False,Paramount Pictures,2022-07-15,2022-07-15,2022,2022-08-18,5,17811382.0,False
640,Mrs. Harris Goes to Paris,Mrs. Harris Goes to Paris,False,Focus Features,2022-07-15,2022-07-15,2022,2022-10-13,13,10433915.0,False
641,Gone in the Night,Gone in the Night,False,Vertical Entertainment,2022-07-15,2022-07-15,2022,2022-08-04,3,266466.0,False
642,Gabby Giffords Won't Back Down,Gabby Giffords Won't Back Down,False,Briarcliff Entertainment,2022-07-15,2022-07-15,2022,2022-07-28,2,134098.0,False
643,She Will,She Will,False,,2022-07-15,2022-07-15,2022,2022-08-04,3,15269.0,True
644,"Costa Brava, Lebanon","Costa Brava, Lebanon",False,Kino Lorber,2022-07-15,2022-07-15,2022,2022-11-03,10,18712.0,False
645,Nope,Nope,False,Universal Pictures,2022-07-22,2022-07-22,2022,2022-10-06,11,123277080.0,True
646,"My Donkey, My Lover & I","My Donkey, My Lover & I",False,Greenwich Entertainment,2022-07-22,2022-07-22,2022,2022-10-06,11,152184.0,False
647,My Old School,My Old School,False,Magnolia Pictures,2022-07-22,2022-07-22,2022,2022-10-13,12,103966.0,False
648,The Grandmother,The Grandmother,False,Sony Pictures Releasing,2022-07-22,2022-07-22,2022,2022-07-28,1,4343.0,True
649,Anonymous Club,Anonymous Club,False,Oscilloscope,2022-07-22,2022-07-15,2022,2022-09-01,6,35481.0,True
650,DC League of Super-Pets,DC League of Super-Pets,False,Warner Bros.,2022-07-29,2022-07-29,2022,2022-12-01,18,93657117.0,False
651,Vengeance,Vengeance,False,Focus Features,2022-07-29,2022-07-29,2022,2022-12-29,6,4330720.0,True
652,Resurrection,Resurrection,False,IFC Films,2022-07-29,2022-07-29,2022,2026-04-16,25,627175.0,True
653,A Love Song,A Love Song,False,Bleecker Street Media,2022-07-29,2022-07-29,2022,2022-10-06,10,278889.0,False
654,Ali & Ava,Ali & Ava,False,Greenwich Entertainment,2022-07-29,2022-07-29,2022,2022-09-22,8,44072.0,False
655,Medusa,Medusa,False,Music Box Films,2022-07-29,2022-07-29,2022,2022-11-10,10,11315.0,True
656,Alma's Rainbow,Alma's Rainbow,False,Kino Lorber,2022-07-29,2022-07-29,2022,2022-10-27,8,9577.0,True
657,Bullet Train,Bullet Train,False,Sony Pictures Releasing,2022-08-05,2022-08-05,2022,2022-11-03,13,103368602.0,True
658,Easter Sunday,Easter Sunday,False,Universal Pictures,2022-08-05,2022-08-05,2022,2022-09-22,7,13013690.0,True
659,Bodies Bodies Bodies,Bodies Bodies Bodies,False,A24,2022-08-05,2022-08-05,2022,2022-10-06,9,11446602.0,False
660,Laal Singh Chaddha,Laal Singh Chaddha,False,Paramount Pictures,2022-08-05,2022-08-05,2022,2022-09-01,4,3401324.0,False
661,I Love My Dad,I Love My Dad,False,Magnolia Pictures,2022-08-05,2022-08-05,2022,2022-08-25,3,101508.0,False
662,Claydream,Claydream,False,Oscilloscope,2022-08-05,2022-08-05,2022,2022-09-29,8,25871.0,True
663,Fall,Fall,False,Lionsgate,2022-08-12,2022-08-12,2022,2022-10-13,9,7240521.0,True
664,Mack & Rita,Mack & Rita,False,Gravitas Premiere,2022-08-12,2022-08-12,2022,2022-09-08,4,2540965.0,False
665,E.T. the Extra-Terrestrial2022 Re-release,E.T. the Extra-Terrestrial,True,Universal Pictures,2022-08-12,2022-08-12,2022,2022-09-01,3,2030725.0,False
666,Emily the Criminal,Emily the Criminal,False,Roadside Attractions,2022-08-12,2022-08-12,2022,2022-10-13,9,2156296.0,False
667,Inu-Oh,Inu-Oh,False,GKIDS,2022-08-12,2022-08-12,2022,2022-09-22,6,351558.0,True
668,Emergency Declaration,Emergency Declaration,False,Well Go USA Entertainment,2022-08-12,2022-08-12,2022,2022-09-29,4,411820.0,True
669,Hansan: Rising Dragon,Hansan: Rising Dragon,False,Well Go USA Entertainment,2022-08-12,2022-07-29,2022,2022-09-29,4,865080.0,False
670,Summering,Summering,False,Bleecker Street Media,2022-08-12,2022-08-12,2022,2022-08-25,2,57770.0,True
671,Apocalypse Now2022 Re-release,Apocalypse Now,True,Rialto Pictures,2022-08-12,2022-08-12,2022,2022-11-03,8,71402.0,True
672,Let the Little Light Shine,Let the Little Light Shine,False,Argot Pictures,2022-08-12,2022-08-12,2022,2022-08-18,1,7144.0,False
673,Bloom Up: A Swinger Couple Story,Bloom Up: A Swinger Couple Story,False,Kino Lorber,2022-08-12,2022-08-12,2022,2022-09-22,3,3107.0,False
674,Gossamer Folds,Gossamer Folds,False,Indican Pictures,2022-08-12,2022-08-12,2022,2022-09-08,3,7113.0,True
675,Venicephrenia,Venicephrenia,False,Sony Pictures Releasing,2022-08-12,2022-08-12,2022,2022-08-18,1,1006.0,True
676,The Gravedigger,The Gravedigger,False,Indican Pictures,2022-08-12,2022-03-25,2022,2022-08-18,1,4726.0,True
677,Dragon Ball Super: Super Hero,Dragon Ball Super: Super Hero,False,Crunchyroll,2022-08-19,2022-08-19,2022,2022-10-13,8,38112140.0,False
678,Beast,Beast,False,Universal Pictures,2022-08-19,2022-08-19,2022,2026-04-30,11,31846530.0,True
679,Orphan: First Kill,Orphan: First Kill,False,Paramount Pictures,2022-08-19,2022-08-19,2022,2022-09-22,5,5413227.0,False
680,The Territory,The Territory,False,Picturehouse Entertainment,2022-08-19,2022-08-19,2022,2022-09-01,2,69316.0,True
681,Three Minutes: A Lengthening,Three Minutes: A Lengthening,False,Neon,2022-08-19,2022-08-19,2022,2022-09-15,4,90144.0,False
682,The Invitation,The Invitation,False,Sony Pictures Releasing,2022-08-26,2022-08-26,2022,2022-10-20,8,25100080.0,True
683,Three Thousand Years of Longing,Three Thousand Years of Longing,False,United Artists Releasing,2022-08-26,2022-08-26,2022,2022-10-06,6,8286741.0,False
684,Breaking,Breaking,False,Bleecker Street Media,2022-08-26,2022-08-26,2022,2022-10-06,6,2806359.0,True
685,Rogue One: A Star Wars Story2022 Re-release,Rogue One: A Star Wars Story,True,Walt Disney Studios Motion Pictures,2022-08-26,2022-08-26,2022,2022-09-01,1,1362667.0,False
686,The Good Boss,The Good Boss,False,Cohen Media Group,2022-08-26,2022-08-26,2022,2022-10-13,7,363130.0,False
687,Jane,Jane,False,Blue Fox Entertainment,2022-08-26,2022-08-26,2022,2022-09-08,2,13141.0,True
688,Private Desert,Private Desert,False,Kino Lorber,2022-08-26,2022-08-26,2022,2022-11-17,8,32681.0,True
689,Highway One,Highway One,False,Indican Pictures,2022-08-26,2022-08-26,2022,2022-09-08,2,3063.0,True
690,Spider-Man: No Way Home2022 Re-release,Spider-Man: No Way Home,True,Sony Pictures Releasing,2022-09-02,2022-09-02,2022,2022-10-06,5,9321593.0,False
691,Jaws2022 Re-release,Jaws,True,Universal Pictures,2022-09-02,2022-09-02,2022,2022-09-22,3,5100765.0,True
692,Honk for Jesus. Save Your Soul.,Honk for Jesus. Save Your Soul.,False,Focus Features,2022-09-02,2022-09-02,2022,2022-09-15,2,2561270.0,False
693,Gigi & Nate,Gigi & Nate,False,Roadside Attractions,2022-09-02,2022-09-02,2022,2022-10-27,8,2280814.0,False
694,After Ever Happy,After Ever Happy,False,Fathom Events,2022-09-02,2022-09-02,2022,2022-09-15,2,1072750.0,False
695,Star Trek II: The Wrath of Khan2022 Re-release,Star Trek II: The Wrath of Khan,True,Fathom Events,2022-09-02,2022-09-02,2022,2022-09-08,1,794943.0,False
696,Hawa,Hawa,False,Swapna Scarecrow,2022-09-02,2022-09-02,2022,2022-10-06,5,358052.0,True
697,Alienoid,Alienoid,False,Well Go USA Entertainment,2022-09-02,2022-08-26,2022,2022-09-15,2,165220.0,True
698,Carnal Knowledge2022 Re-release,Carnal Knowledge,True,Rialto Distribution,2022-09-02,2022-09-02,2022,2023-01-19,6,33668.0,True
699,Loving Highsmith,Loving Highsmith,False,Zeitgeist Films,2022-09-02,2022-09-02,2022,2022-11-24,8,46172.0,True
700,Burial,Burial,False,IFC Films,2022-09-02,2022-09-02,2022,2022-09-22,3,8124.0,True
701,Saloum,Saloum,False,IFC Films,2022-09-02,2022-09-02,2022,2022-09-08,1,5078.0,True
702,Barbarian,Barbarian,False,20th Century Studios,2022-09-09,2022-09-09,2022,2022-11-24,11,40842944.0,True
703,Brahmastra Part One: Shiva,Brahmastra Part One: Shiva,False,Walt Disney Studios Motion Pictures,2022-09-09,2022-09-09,2022,2022-10-13,5,7839108.0,False
704,Lifemark,Lifemark,False,Fathom Events,2022-09-09,2022-09-09,2022,2022-10-20,6,5180537.0,True
705,Medieval,Medieval,False,The Avenue Entertainment,2022-09-09,2022-09-09,2022,2022-09-22,2,1374325.0,True
706,Unfavorable Odds,Unfavorable Odds,False,Atlas Distribution Company,2022-09-09,2022-09-09,2022,2022-09-22,2,86203.0,True
707,Hockeyland,Hockeyland,False,Greenwich Entertainment,2022-09-09,2022-09-09,2022,2023-02-16,17,182488.0,True
708,"Goodbye, Don Glees!","Goodbye, Don Glees!",False,GKIDS,2022-09-09,2022-09-09,2022,2022-09-22,2,86610.0,False
709,Mysterious Circumstance: The Death of Meriwether Lewis,Mysterious Circumstance: The Death of Meriwether Lewis,False,Vision Films,2022-09-09,2022-09-09,2022,2022-09-29,3,25400.0,False
710,Hold Me Tight,Hold Me Tight,False,Kino Lorber,2022-09-09,2022-09-09,2022,2022-11-17,9,74723.0,False
711,About Fate,About Fate,False,United Artists Releasing,2022-09-09,2022-09-09,2022,2022-09-15,1,8688.0,True
712,The Story of Film: A New Generation,The Story of Film: A New Generation,False,Music Box Films,2022-09-09,2022-09-09,2022,2023-01-05,8,6463.0,False
713,The Woman King,The Woman King,False,TriStar Pictures,2022-09-16,2022-09-16,2022,2023-01-26,19,67328130.0,False
714,Pearl,Pearl,False,A24,2022-09-16,2022-09-16,2022,2022-11-03,7,9423445.0,True
715,See How They Run,See How They Run,False,Walt Disney Studios Motion Pictures,2022-09-16,2022-09-16,2022,2022-11-03,7,9586237.0,False
716,Moonage Daydream,Moonage Daydream,False,Neon,2022-09-16,2022-09-16,2022,2022-11-03,7,4218925.0,True
717,Jeepers Creepers: Reborn,Jeepers Creepers: Reborn,False,Fathom Events,2022-09-16,2022-09-16,2022,2022-10-13,3,2033057.0,False
718,Clerks III,Clerks III,False,Fathom Events,2022-09-16,2022-09-16,2022,2022-12-08,12,4663106.0,True
719,Running the Bases,Running the Bases,False,UP2U Films,2022-09-16,2022-09-16,2022,2022-11-24,10,1511980.0,False
720,"Confess, Fletch","Confess, Fletch",False,Paramount Pictures,2022-09-16,2022-09-16,2022,2022-09-29,2,538842.0,True
721,God's Country,God's Country,False,IFC Films,2022-09-16,2022-09-16,2022,2022-10-20,5,493679.0,True
722,The Silent Twins,The Silent Twins,False,Focus Features,2022-09-16,2022-09-16,2022,2022-09-29,2,205135.0,False
723,The African Desperate,The African Desperate,False,MUBI,2022-09-16,2022-09-16,2022,2022-10-06,3,29336.0,False
724,"Riotsville, U.S.A.","Riotsville, U.S.A.",False,Magnolia Pictures,2022-09-16,2022-09-16,2022,2022-11-10,8,40960.0,True
725,Carp-e Diem,Carp-e Diem,False,Indican Pictures,2022-09-16,2022-09-16,2022,2022-09-29,2,3364.0,True
726,The Modern Way,The Modern Way,False,Indican Pictures,2022-09-16,2022-09-16,2022,2022-09-22,1,2672.0,False
727,Tucker: The Man and His Dream2022 Re-release,Tucker: The Man and His Dream,True,Rialto Distribution,2022-09-16,2022-09-16,2022,2022-10-06,2,3475.0,False
728,Casablanca Beats,Casablanca Beats,False,Kino Lorber,2022-09-16,2022-09-16,2022,2022-12-01,7,32577.0,True
729,Don't Worry Darling,Don't Worry Darling,False,Warner Bros.,2022-09-23,2022-09-23,2022,2022-12-01,10,45309403.0,False
730,Avatar2022 Re-release,Avatar,True,Walt Disney Studios Motion Pictures,2022-09-23,2022-09-23,2022,2022-10-13,3,24714024.0,True
731,Saint Michael Meet the Angel,Saint Michael Meet the Angel,False,Fathom Events,2022-09-23,2022-09-23,2022,2022-09-29,1,643828.0,False
732,Howl's Moving Castle2022 Re-release,Howl's Moving Castle,True,Fathom Events,2022-09-23,2022-09-23,2022,2022-09-29,1,1212525.0,False
733,The Railway Children Return,The Railway Children Return,False,Blue Fox Entertainment,2022-09-23,2022-09-23,2022,2022-11-24,9,466166.0,False
734,When I'm Young,When I'm Young,False,Pantelion Films,2022-09-23,2022-09-23,2022,2022-11-03,6,588028.0,False
735,On the Come Up,On the Come Up,False,Paramount Pictures,2022-09-23,2022-09-23,2022,2022-10-06,2,236153.0,False
736,Give Me Five,Give Me Five,False,Well Go USA Entertainment,2022-09-23,2022-09-23,2022,2022-09-29,1,32643.0,False
737,Buried: The 1982 Alpine Meadows Avalanche,Buried: The 1982 Alpine Meadows Avalanche,False,Greenwich Entertainment,2022-09-23,2022-09-23,2022,2022-11-17,8,76762.0,False
738,Boblo Boats: A Detroit Ferry Tale,Boblo Boats: A Detroit Ferry Tale,False,Lucky Hat Entertainment,2022-09-23,2022-09-16,2022,2023-06-29,14,111332.0,False
739,Young Plato,Young Plato,False,Soilsu Films,2022-09-23,2022-09-23,2022,2022-10-13,3,24376.0,True
740,My Imaginary Country,My Imaginary Country,False,Icarus Films,2022-09-23,2022-09-23,2022,2022-11-03,6,12738.0,False
741,Carmen,Carmen,False,Good Deed Entertainment,2022-09-23,2022-09-23,2022,2023-06-22,10,103388.0,True
742,Smile,Smile,False,Paramount Pictures,2022-09-30,2022-09-30,2022,2022-12-15,11,105935048.0,True
743,Bros,Bros,False,Universal Pictures,2022-09-30,2022-09-30,2022,2022-11-03,5,11628165.0,True
744,Ponniyin Selvan: Part I,Ponniyin Selvan: Part I,False,Sarigama Cinemas,2022-09-30,2022-09-30,2022,2022-10-13,2,4282000.0,False
745,Vikram Vedha,Vikram Vedha,False,Reliance Entertainment,2022-09-30,2022-09-30,2022,2022-10-13,2,1589362.0,True
746,The Good House,The Good House,False,Roadside Attractions,2022-09-30,2022-09-30,2022,2022-11-24,8,2219760.0,False
747,Terrifier 2,Terrifier 2,False,Cinedigm Entertainment Group,2022-09-30,2022-09-30,2022,2022-12-01,9,10640105.0,True
748,Superspreader,Superspreader,False,Iconic Events Releasing,2022-09-30,2022-09-30,2022,2022-10-27,4,399370.0,True
749,Vesper,Vesper,False,IFC Films,2022-09-30,2022-09-30,2022,2022-10-27,4,49493.0,True
750,Guitar Lessons,Guitar Lessons,False,,2022-09-30,2022-09-23,2022,2023-04-20,28,162310.0,True
751,Sirens,Sirens,False,Oscilloscope,2022-09-30,2022-09-30,2022,2022-11-17,6,19262.0,True
752,Twixt2022 Re-release,Twixt,True,Rialto Pictures,2022-09-30,2022-09-30,2022,2022-10-06,1,1996.0,True
753,"Lyle, Lyle, Crocodile","Lyle, Lyle, Crocodile",False,Sony Pictures Releasing,2022-10-07,2022-10-07,2022,2023-02-02,17,46888441.0,False
754,Amsterdam,Amsterdam,False,20th Century Studios,2022-10-07,2022-10-07,2022,2022-11-24,7,14947969.0,True
755,Triangle of Sadness,Triangle of Sadness,False,Neon,2022-10-07,2022-10-07,2022,2023-03-16,21,4608096.0,False
756,Tár,Tár,False,Focus Features,2022-10-07,2022-10-07,2022,2023-03-16,23,6773650.0,True
757,The Storied Life of A.J. Fikry,The Storied Life of A.J. Fikry,False,Vertical Entertainment,2022-10-07,2022-10-07,2022,2022-10-13,1,121000.0,False
758,A Silent Voice: The Movie5th Anniversary,A Silent Voice: The Movie,True,Iconic Events Releasing,2022-10-07,2022-10-07,2022,2022-10-20,2,120332.0,False
759,Piggy,Piggy,False,Magnolia Pictures,2022-10-07,2022-10-07,2022,2022-11-03,4,50966.0,True
760,Pretty Problems,Pretty Problems,False,IFC Films,2022-10-07,2022-10-07,2022,2022-10-20,2,11400.0,True
761,Signs of Love,Signs of Love,False,Blue Fox Entertainment,2022-10-07,2022-10-07,2022,2022-11-10,4,6538.0,False
762,Last Flight Home,Last Flight Home,False,MTV Documentary Films,2022-10-07,2022-10-07,2022,2022-10-27,3,10984.0,False
763,Halloween Ends,Halloween Ends,False,Universal Pictures,2022-10-14,2022-10-14,2022,2022-11-17,5,64079860.0,True
764,Till,Till,False,United Artists Releasing,2022-10-14,2022-10-14,2022,2022-12-15,9,9000202.0,True
765,Decision to Leave,Decision to Leave,False,MUBI,2022-10-14,2022-10-14,2022,2022-10-20,1,140680.0,False
766,Life & Life,Life & Life,False,Indican Pictures,2022-10-14,2022-10-14,2022,2022-12-08,3,22125.0,False
767,Cat Daddies,Cat Daddies,False,Sky Island Films,2022-10-14,2022-10-14,2022,2023-03-23,18,112332.0,True
768,Lumpia with a Vengeance,Lumpia with a Vengeance,False,Golden Brown & Deep Fried Movie,2022-10-14,2022-09-30,2022,2022-12-08,5,78493.0,False
769,Black Adam,Black Adam,False,Warner Bros.,2022-10-21,2022-10-21,2022,2023-01-12,12,168152111.0,True
770,Ticket to Paradise,Ticket to Paradise,False,Universal Pictures,2022-10-21,2022-10-21,2022,2023-01-05,11,68275985.0,False
771,The Banshees of Inisherin,The Banshees of Inisherin,False,Searchlight Pictures,2022-10-21,2022-10-21,2022,2023-03-16,21,10582266.0,False
772,Paul's Promise,Paul's Promise,False,Integrity Releasing,2022-10-21,2022-10-21,2022,2022-11-10,3,258545.0,True
773,Aftersun,Aftersun,False,A24,2022-10-21,2022-10-21,2022,2023-03-16,21,1658790.0,True
774,MindReader,MindReader,False,Five & Two Pictures,2022-10-21,2022-10-21,2022,2023-11-23,22,116061.0,True
775,The Divine Protector: Master Salt Begins,The Divine Protector: Master Salt Begins,False,Freestyle Releasing,2022-10-21,2022-10-21,2022,2022-11-10,3,22321.0,False
776,Brainwashed: Sex-Camera-Power,Brainwashed: Sex-Camera-Power,False,Kino Lorber,2022-10-21,2022-10-21,2022,2023-03-09,12,28826.0,True
777,Voodoo Macbeth,Voodoo Macbeth,False,Lightyear Entertainment,2022-10-21,2022-10-21,2022,2022-10-27,1,7514.0,True
778,Prey for the Devil,Prey for the Devil,False,Lionsgate,2022-10-28,2022-10-28,2022,2022-12-22,8,19802293.0,False
779,Coldplay Music of The Spheres Live Broadcast from Buenos Aires,Coldplay Music of The Spheres Live Broadcast from Buenos Aires,False,Trafalgar Releasing,2022-10-28,2022-10-28,2022,2022-11-03,1,1015000.0,False
780,Call Jane,Call Jane,False,Roadside Attractions,2022-10-28,2022-10-28,2022,2022-11-24,4,512770.0,True
781,Armageddon Time,Armageddon Time,False,Focus Features,2022-10-28,2022-10-28,2022,2022-11-24,4,1860050.0,True
782,Holy Spider,Holy Spider,False,Utopia,2022-10-28,2022-10-28,2022,2023-03-30,20,307188.0,True
783,Please Baby Please,Please Baby Please,False,Music Box Films,2022-10-28,2022-10-28,2022,2023-09-07,13,26157.0,False
784,The Runner,The Runner,False,Rialto Pictures,2022-10-28,2022-10-28,2022,2023-04-13,13,34834.0,True
785,The Return of Tanya Tucker: Featuring Brandi Carlile,The Return of Tanya Tucker: Featuring Brandi Carlile,False,Sony Pictures Releasing,2022-10-28,2022-10-21,2022,2022-12-22,8,93275.0,False
786,One Piece Film: Red,One Piece Film: Red,False,Crunchyroll,2022-11-04,2022-11-04,2022,2022-11-17,2,12775324.0,False
787,Meet Me in the Bathroom,Meet Me in the Bathroom,False,Utopia,2022-11-04,2022-11-04,2022,2022-11-24,3,299388.0,False
788,Tad the Lost Explorer and the Emerald Tablet,Tad the Lost Explorer and the Emerald Tablet,False,Paramount Pictures,2022-11-04,2022-11-04,2022,2022-11-10,1,67599.0,False
789,Vandits,Vandits,False,Breakthrough Entertainment,2022-11-04,2022-11-04,2022,2022-11-17,2,7679.0,True
790,Utama,Utama,False,Kino Lorber,2022-11-04,2022-11-04,2022,2023-03-16,16,52793.0,True
791,Next Exit,Next Exit,False,Magnolia Pictures,2022-11-04,2022-11-04,2022,2022-11-17,2,4742.0,True
792,Salvatore: Shoemaker of Dreams,Salvatore: Shoemaker of Dreams,False,Sony Pictures Classics,2022-11-04,2022-11-04,2022,2022-12-22,7,65970.0,False
793,When Men Were Men,When Men Were Men,False,Indican Pictures,2022-11-04,2022-11-04,2022,2024-12-19,7,13027.0,False
794,Locked-in Society,Locked-in Society,False,Sony Pictures Releasing,2022-11-04,2022-11-04,2022,2022-11-10,1,212.0,True
795,Black Panther: Wakanda Forever,Black Panther: Wakanda Forever,False,Walt Disney Studios Motion Pictures,2022-11-11,2022-11-11,2022,2023-03-16,18,453829060.0,False
796,The Fabelmans,The Fabelmans,False,Universal Pictures,2022-11-11,2022-11-11,2022,2023-03-16,18,17348945.0,True
797,UFC 281: Adesanya vs. Pereira,UFC 281: Adesanya vs. Pereira,False,Iconic Events Releasing,2022-11-11,2022-11-11,2022,2022-11-17,1,138000.0,False
798,Yashoda,Yashoda,False,-,2022-11-11,2022-11-11,2022,2022-11-17,1,137000.0,True
799,A Couple,A Couple,False,MTV Documentary Films,2022-11-11,2022-11-11,2022,2022-12-01,3,18334.0,True
800,Going All the Way2022 Re-release,Going All the Way,True,Oscilloscope,2022-11-11,2022-11-04,2022,2022-11-17,1,3648.0,False
801,Bar Fight!,Bar Fight!,False,IFC Films,2022-11-11,2022-11-11,2022,2022-11-17,1,3300.0,True
802,The Menu,The Menu,False,Searchlight Pictures,2022-11-18,2022-11-18,2022,2023-02-02,11,38501125.0,True
803,The Chosen Season 3: Episode 1 & 2,The Chosen Season 3: Episode 1 & 2,False,Fathom Events,2022-11-18,2022-11-18,2022,2022-12-15,4,14612089.0,False
804,Strange World,Strange World,False,Walt Disney Studios Motion Pictures,2022-11-18,2022-11-18,2022,2023-02-02,11,37968963.0,True
805,Glass Onion,Glass Onion,False,Netflix,2022-11-18,2022-11-18,2022,2022-12-01,2,13280000.0,True
806,She Said,She Said,False,Universal Pictures,2022-11-18,2022-11-18,2022,2022-12-22,5,5825995.0,True
807,Devotion,Devotion,False,Columbia Pictures,2022-11-18,2022-11-18,2022,2023-02-02,11,20511938.0,True
808,Bones and All,Bones and All,False,United Artists Releasing,2022-11-18,2022-11-18,2022,2022-12-22,5,7834907.0,False
809,The Inspection,The Inspection,False,A24,2022-11-18,2022-11-18,2022,2022-12-15,4,385627.0,True
810,EO,EO,False,Sideshow Releasing,2022-11-18,2022-11-18,2022,2023-03-30,16,1068782.0,True
811,"Love, Charlie: The Rise and Fall of Chef Charlie Trotter","Love, Charlie: The Rise and Fall of Chef Charlie Trotter",False,Greenwich Entertainment,2022-11-18,2022-11-18,2022,2022-11-24,1,18757.0,False
812,Bad Axe,Bad Axe,False,IFC Films,2022-11-18,2022-11-18,2022,2022-12-15,4,20696.0,True
813,Only in Theaters,Only in Theaters,False,Wishing Well Entertainment,2022-11-18,2022-11-18,2022,2023-05-04,22,35093.0,False
814,All the Beauty and the Bloodshed,All the Beauty and the Bloodshed,False,Neon,2022-11-18,2022-11-18,2022,2023-03-16,17,500082.0,False
815,There There,There There,False,Magnolia Pictures,2022-11-18,2022-11-18,2022,2022-12-08,3,8694.0,True
816,I Heard the Bells,I Heard the Bells,False,Fathom Events,2022-11-25,2022-11-25,2022,2023-01-26,9,5644104.0,False
817,Leonor Will Never Die,Leonor Will Never Die,False,Music Box Films,2022-11-25,2022-11-25,2022,2023-04-20,14,30039.0,False
818,Violent Night,Violent Night,False,Universal Pictures,2022-12-02,2022-12-02,2022,2023-04-20,20,50057405.0,True
819,Johnny Cash: The Redemption of an American Icon,Johnny Cash: The Redemption of an American Icon,False,Fathom Events,2022-12-02,2022-12-02,2022,2022-12-08,1,840580.0,False
820,HIT: The 2nd Case,HIT: The 2nd Case,False,Tolly Movies,2022-12-02,2022-12-02,2022,2022-12-08,1,600000.0,False
821,The Quintessential Quintuplets Movie,The Quintessential Quintuplets Movie,False,Crunchyroll,2022-12-02,2022-12-02,2022,2022-12-08,1,502000.0,False
822,Evangelion: 3.0+1.0 Thrice Upon a Time,Evangelion: 3.0+1.0 Thrice Upon a Time,False,Fathom Events,2022-12-02,2022-12-02,2022,2022-12-15,2,810744.0,False
823,Spoiler Alert,Spoiler Alert,False,Focus Features,2022-12-02,2022-12-02,2022,2022-12-22,3,1384003.0,True
824,Decibel,Decibel,False,Wide Lens Pictures,2022-12-02,2022-12-02,2022,2022-12-29,4,60579.0,True
825,The Eternal Daughter,The Eternal Daughter,False,A24,2022-12-02,2022-12-02,2022,2022-12-08,1,33657.0,False
826,The Mean One,The Mean One,False,Atlas Distribution Company,2022-12-02,2022-12-02,2022,2023-01-12,6,612260.0,False
827,Hunt,Hunt,False,Magnolia Pictures,2022-12-02,2022-12-02,2022,2022-12-15,2,25091.0,True
828,Four Samosas,Four Samosas,False,IFC Films,2022-12-02,2022-12-02,2022,2022-12-15,2,14701.0,True
829,2nd Chance,2nd Chance,False,Bleecker Street Media,2022-12-02,2022-12-02,2022,2022-12-15,2,18523.0,True
830,Lowndes County and the Road to Black Power,Lowndes County and the Road to Black Power,False,Greenwich Entertainment,2022-12-02,2022-12-02,2022,2023-02-16,3,6603.0,False
831,Framing Agnes,Framing Agnes,False,Kino Lorber,2022-12-02,2022-12-02,2022,2023-03-30,15,48147.0,True
832,Tantura,Tantura,False,Reel Peak Films,2022-12-02,2022-12-02,2022,2022-12-22,3,6967.0,True
833,Reflections of a Broken Memory,Reflections of a Broken Memory,False,Indican Pictures,2022-12-02,2022-12-02,2022,2022-12-08,1,4323.0,False
834,Flaming Ears,Flaming Ears,False,Kino Lorber,2022-12-02,2022-11-18,2022,2022-12-08,1,6607.0,True
835,"Kevin Puts: The Hours, Libretto by Greg Pierce","Kevin Puts: The Hours, Libretto by Greg Pierce",False,Fathom Events,2022-12-09,2022-12-09,2022,2022-12-15,1,791374.0,False
836,The Whale,The Whale,False,A24,2022-12-09,2022-12-09,2022,2023-04-06,17,17453440.0,True
837,Empire of Light,Empire of Light,False,Searchlight Pictures,2022-12-09,2022-12-09,2022,2023-01-26,7,1177577.0,False
838,Father Stu: Reborn2022 Re-release (Father Stu: Reborn),Father Stu: Reborn,True,Sony Pictures Releasing,2022-12-09,2022-12-09,2022,2022-12-15,1,205881.0,False
839,Christmas Bloody Christmas,Christmas Bloody Christmas,False,RLJ Entertainment,2022-12-09,2022-12-09,2022,2022-12-29,3,250774.0,False
840,The Sparring Partner,The Sparring Partner,False,Well Go USA Entertainment,2022-12-09,2022-12-09,2022,2023-01-12,4,205832.0,False
841,Loudmouth,Loudmouth,False,Greenwich Entertainment,2022-12-09,2022-12-09,2022,2023-02-16,7,42000.0,True
842,To the End,To the End,False,Roadside Attractions,2022-12-09,2022-12-09,2022,2022-12-15,1,15801.0,False
843,The Trial2022 Re-release,The Trial,True,Rialto Pictures,2022-12-09,2022-12-09,2022,2023-07-06,24,93533.0,True
844,The Hit,The Hit,False,Safier Entertainment,2022-12-09,2022-12-09,2022,2022-12-15,1,3028.0,True
845,Avatar: The Way of Water,Avatar: The Way of Water,False,20th Century Studios,2022-12-16,2022-12-16,2022,2023-05-25,23,684075767.0,False
846,Puss in Boots: The Last Wish,Puss in Boots: The Last Wish,False,Universal Pictures,2022-12-16,2022-12-16,2022,2023-04-20,18,185535345.0,False
847,It's a Wonderful Life75th Anniversary,It's a Wonderful Life,True,Fathom Events,2022-12-16,2022-12-16,2022,2023-01-05,3,1439643.0,False
848,The Super 8 Years,The Super 8 Years,False,Kino Lorber,2022-12-16,2022-12-16,2022,2023-03-23,10,15061.0,False
849,The Almond and the Seahorse,The Almond and the Seahorse,False,,2022-12-16,2022-12-16,2022,2022-12-22,1,1250.0,False
850,Whitney Houston: I Wanna Dance with Somebody,Whitney Houston: I Wanna Dance with Somebody,False,TriStar Pictures,2022-12-23,2022-12-23,2022,2023-03-09,11,23708080.0,False
851,Babylon,Babylon,False,Paramount Pictures,2022-12-23,2022-12-23,2022,2023-01-26,5,15351455.0,True
852,Women Talking,Women Talking,False,United Artists Releasing,2022-12-23,2022-12-23,2022,2023-03-16,12,5456531.0,True
853,Corsage,Corsage,False,IFC Films,2022-12-23,2022-12-23,2022,2023-03-02,10,705767.0,True
854,Living,Living,False,Sony Pictures Classics,2022-12-23,2022-12-23,2022,2023-05-04,19,3038113.0,True
855,Broker,Broker,False,Neon,2022-12-23,2022-12-23,2022,2023-02-09,7,1046899.0,True
856,No Bears,No Bears,False,Janus Films,2022-12-23,2022-12-23,2022,2023-03-30,13,167333.0,True
857,A Man Called Otto,A Man Called Otto,False,Columbia Pictures,2022-12-30,2022-12-30,2022,2023-04-13,15,64267657.0,False
858,Turn Every Page: The Adventures of Robert Caro and Robert Gottlieb,Turn Every Page: The Adventures of Robert Caro and Robert Gottlieb,False,Sony Pictures Releasing,2022-12-30,2022-12-30,2022,2023-05-25,21,335417.0,False
859,M3GAN,M3GAN,False,Universal Pictures,2023-01-06,2023-01-06,2023,2023-03-16,10,95043350.0,True
860,Shin Ultraman,Shin Ultraman,False,Fathom Events,2023-01-06,2023-01-06,2023,2023-01-12,1,601490.0,True
861,The Conformist2023 Re-release,The Conformist,True,Kino Lorber,2023-01-06,2023-01-06,2023,2023-06-01,20,180135.0,True
862,Be Natural: The Untold Story of Alice Guy-Blaché,Be Natural: The Untold Story of Alice Guy-Blaché,False,Zeitgeist Films,2023-01-06,2019-04-19,2019,2023-01-12,1,116731.0,False
863,Plane,Plane,False,Lionsgate,2023-01-13,2023-01-13,2023,2023-03-02,7,32111181.0,True
864,House Party,House Party,False,Warner Bros.,2023-01-13,2023-01-13,2023,2023-02-23,6,9002247.0,True
865,Skinamarink,Skinamarink,False,IFC Films,2023-01-13,2023-01-13,2023,2023-03-16,9,2052272.0,True
866,The Devil Conspiracy,The Devil Conspiracy,False,-,2023-01-13,2023-01-13,2023,2023-02-02,3,765218.0,False
867,Waltair Veerayya,Waltair Veerayya,False,,2023-01-13,2023-01-13,2023,2023-01-19,1,320000.0,True
868,Saint Omer,Saint Omer,False,Neon,2023-01-13,2023-01-13,2023,2023-02-09,4,213953.0,True
869,Jethica,Jethica,False,Circle Collective,2023-01-13,2022-01-07,2022,2023-02-02,3,3440.0,True
870,Missing,Missing,False,Sony Pictures Releasing,2023-01-20,2023-01-20,2023,2023-03-30,10,32502025.0,True
871,Pathaan,Pathaan,False,Yash Raj Films USA Inc.,2023-01-20,2023-01-20,2023,2023-03-30,10,17487476.0,True
872,That Time I Got Reincarnated as a Slime the Movie: Scarlet Bond,That Time I Got Reincarnated as a Slime the Movie: Scarlet Bond,False,Crunchyroll,2023-01-20,2023-01-20,2023,2023-01-26,1,1588491.0,False
873,Left Behind: Rise of the Antichrist,Left Behind: Rise of the Antichrist,False,Fathom Events,2023-01-20,2023-01-20,2023,2023-02-09,3,3649422.0,False
874,The Son,The Son,False,Sony Pictures Classics,2023-01-20,2023-01-20,2023,2023-02-16,4,449650.0,True
875,When You Finish Saving the World,When You Finish Saving the World,False,A24,2023-01-20,2023-01-20,2023,2023-01-26,1,196920.0,False
876,"Alice, Darling","Alice, Darling",False,Lionsgate,2023-01-20,2022-12-30,2022,2023-01-26,1,101000.0,True
877,Brotherhood of the Wolf2023 Re-release,Brotherhood of the Wolf,True,Rialto Pictures,2023-01-20,2023-01-20,2023,2023-05-11,8,14514.0,False
878,Carole King Home Again: Live in Central Park,Carole King Home Again: Live in Central Park,False,Abramorama,2023-01-20,2023-01-20,2023,2023-02-02,2,16245.0,False
879,Infinity Pool,Infinity Pool,False,Neon,2023-01-27,2023-01-27,2023,2023-02-23,4,5078400.0,True
880,The Wandering Earth II,The Wandering Earth II,False,Well Go USA Entertainment,2023-01-27,2023-01-20,2023,2023-03-30,7,5004550.0,False
881,The Chosen Season 3 Finale,The Chosen Season 3 Finale,False,Fathom Events,2023-01-27,2023-01-27,2023,2023-02-09,2,5525069.0,False
882,Fear,Fear,False,Hidden Empire Film Group (HEFG),2023-01-27,2023-01-27,2023,2023-02-09,2,2020980.0,True
883,Maybe I Do,Maybe I Do,False,Vertical Entertainment,2023-01-27,2023-01-27,2023,2023-02-23,4,1293722.0,False
884,Close,Close,False,A24,2023-01-27,2023-01-27,2023,2023-03-16,7,1100113.0,True
885,One Fine Morning,One Fine Morning,False,Sony Pictures Releasing,2023-01-27,2023-01-27,2023,2023-05-04,14,214470.0,False
886,The Man in the Basement,The Man in the Basement,False,Greenwich Entertainment,2023-01-27,2023-01-27,2023,2023-03-23,5,12563.0,False
887,Remember This,Remember This,False,Abramorama,2023-01-27,2023-01-27,2023,2023-02-02,1,5120.0,True
888,Life Upside Down,Life Upside Down,False,IFC Films,2023-01-27,2023-01-27,2023,2023-02-09,2,4467.0,False
889,Filmmakers for the Prosecution,Filmmakers for the Prosecution,False,Kino Lorber,2023-01-27,2023-01-27,2023,2023-03-30,7,16394.0,False
890,80 for Brady,80 for Brady,False,Paramount Pictures,2023-02-03,2023-02-03,2023,2023-03-23,7,39330588.0,False
891,Knock at the Cabin,Knock at the Cabin,False,Universal Pictures,2023-02-03,2023-02-03,2023,2023-03-16,6,35397980.0,False
892,BTS: Yet to Come in Cinemas,BTS: Yet to Come in Cinemas,False,Trafalgar Releasing,2023-02-03,2023-01-27,2023,2023-02-09,1,8093270.0,False
893,The Amazing Maurice,The Amazing Maurice,False,Viva Pictures,2023-02-03,2023-02-03,2023,2023-04-06,9,4303645.0,False
894,Lourdes2022 Re-release,Lourdes,True,Fathom Events,2023-02-03,2023-02-03,2023,2023-02-09,1,197702.0,True
895,A Difficult Life2023 Re-release,A Difficult Life,True,Rialto Pictures,2023-02-03,2023-02-03,2023,2023-06-29,16,71630.0,False
896,Baby Ruby,Baby Ruby,False,Magnolia Pictures,2023-02-03,2023-02-03,2023,2023-02-16,2,16991.0,True
897,Godland,Godland,False,Janus Films,2023-02-03,2023-02-03,2023,2023-04-13,10,60735.0,True
898,Let It Be Morning,Let It Be Morning,False,Cohen Media Group,2023-02-03,2023-02-03,2023,2023-02-23,3,41354.0,False
899,Full Time,Full Time,False,Music Box Films,2023-02-03,2023-02-03,2023,2023-11-16,17,42566.0,True
900,Magic Mike's Last Dance,Magic Mike's Last Dance,False,Warner Bros.,2023-02-10,2023-02-10,2023,2023-03-23,6,26005156.0,False
901,Titanic25 Year Anniversary,Titanic,True,Paramount Pictures,2023-02-10,2023-02-10,2023,2023-03-09,4,15033795.0,True
902,Winnie-the-Pooh: Blood and Honey,Winnie-the-Pooh: Blood and Honey,False,Fathom Events,2023-02-10,2023-02-10,2023,2023-02-23,2,1750639.0,False
903,Marlowe,Marlowe,False,Open Road Films (II),2023-02-10,2023-02-10,2023,2023-03-09,4,4350243.0,True
904,Consecration,Consecration,False,IFC Films,2023-02-10,2023-02-10,2023,2023-03-02,3,538551.0,True
905,The Outwaters,The Outwaters,False,Cinedigm Entertainment Group,2023-02-10,2023-02-10,2023,2023-02-16,1,120497.0,True
906,The Civil Dead,The Civil Dead,False,Utopia,2023-02-10,2023-02-10,2023,2023-04-20,10,32346.0,False
907,iMordecai,iMordecai,False,Greenwich Entertainment,2023-02-10,2023-02-10,2023,2023-04-27,11,140272.0,True
908,Cinema Sabaya,Cinema Sabaya,False,Kino Lorber,2023-02-10,2023-02-10,2023,2023-06-08,15,69609.0,True
909,Ant-Man and the Wasp: Quantumania,Ant-Man and the Wasp: Quantumania,False,Walt Disney Studios Motion Pictures,2023-02-17,2023-02-17,2023,2023-06-15,17,214504909.0,False
910,2023 Oscar Nominated Short Films: Live Action,2023 Oscar Nominated Short Films: Live Action,False,ShortsTV,2023-02-17,2023-02-17,2023,2023-03-30,6,3025631.0,False
911,Hidden Blade,Hidden Blade,False,Well Go USA Entertainment,2023-02-17,2023-02-17,2023,2023-03-16,3,790095.0,True
912,Of an Age,Of an Age,False,Focus Features,2023-02-17,2023-02-17,2023,2023-03-02,2,556585.0,False
913,"Crouching Tiger, Hidden Dragon2023 Re-release","Crouching Tiger, Hidden Dragon",True,Sony Pictures Classics,2023-02-17,2023-02-17,2023,2023-05-04,11,451549.0,False
914,Emily,Emily,False,Bleecker Street Media,2023-02-17,2023-02-17,2023,2023-03-23,5,1097067.0,True
915,Return to Seoul,Return to Seoul,False,Sony Pictures Classics,2023-02-17,2023-02-17,2023,2023-06-22,18,798774.0,False
916,Relative2023 Re-release,Relative,True,,2023-02-17,2023-02-17,2023,2023-02-23,1,1911.0,True
917,Cocaine Bear,Cocaine Bear,False,Universal Pictures,2023-02-24,2023-02-24,2023,2023-04-20,8,64388510.0,True
918,Jesus Revolution,Jesus Revolution,False,Lionsgate,2023-02-24,2023-02-24,2023,2023-04-27,9,52102987.0,True
919,Mummies,Mummies,False,Warner Bros.,2023-02-24,2023-02-24,2023,2023-04-13,7,4275970.0,True
920,Selfiee,Selfiee,False,-,2023-02-24,2023-02-24,2023,2023-03-09,2,335775.0,True
921,Bunker,Bunker,False,Blue Fox Entertainment,2023-02-24,2023-02-24,2023,2023-03-02,1,101045.0,True
922,Path of the Panther,Path of the Panther,False,Grizzly Creek Films,2023-02-24,2023-02-24,2023,2023-04-06,5,140140.0,False
923,The Quiet Girl,The Quiet Girl,False,Neon,2023-02-24,2023-02-24,2023,2023-04-20,8,1500014.0,False
924,My Happy Ending,My Happy Ending,False,Roadside Attractions,2023-02-24,2023-02-24,2023,2023-03-09,2,59329.0,False
925,Juniper,Juniper,False,Greenwich Entertainment,2023-02-24,2023-02-24,2023,2023-04-27,9,82969.0,True
926,Linoleum,Linoleum,False,Shout! Studios,2023-02-24,2023-02-24,2023,2023-04-20,8,87786.0,True
927,Chocolat2023 Re-release,Chocolat,True,Janus Films,2023-02-24,2023-02-24,2023,2023-03-16,3,24485.0,True
928,The Sorrow and the Pity,The Sorrow and the Pity,False,Kino Lorber,2023-02-24,2023-02-24,2023,2023-04-27,7,13082.0,False
929,God's Time,God's Time,False,IFC Films,2023-02-24,2023-02-24,2023,2023-03-09,2,10033.0,True
930,Film: The Living Record of Our Memory,Film: The Living Record of Our Memory,False,Kino Lorber,2023-02-24,2023-02-24,2023,2023-05-25,9,8655.0,False
931,Creed III,Creed III,False,United Artists Releasing,2023-03-03,2023-03-03,2023,2023-05-18,11,156248615.0,True
932,Demon Slayer: Kimetsu No Yaiba - To the Swordsmith Village,Demon Slayer: Kimetsu No Yaiba - To the Swordsmith Village,False,Crunchyroll,2023-03-03,2023-03-03,2023,2023-03-09,1,10117806.0,False
933,Operation Fortune: Ruse de Guerre,Operation Fortune: Ruse de Guerre,False,Lionsgate,2023-03-03,2023-03-03,2023,2023-03-23,3,6496125.0,False
934,Children of the Corn,Children of the Corn,False,RLJ Entertainment,2023-03-03,2023-03-03,2023,2023-03-09,1,325583.0,False
935,Tu Jhoothi Main Makkaar,Tu Jhoothi Main Makkaar,False,Yash Raj Films USA Inc.,2023-03-03,2023-03-03,2023,2023-04-06,5,2503604.0,False
936,RRR Fan CelebRRRation2023 Re-release,RRR Fan CelebRRRation,True,Variance Films,2023-03-03,2023-03-03,2023,2023-03-09,1,256566.0,False
937,Give Me Pity!,Give Me Pity!,False,Utopia,2023-03-03,2023-03-03,2023,2023-03-09,1,8572.0,False
938,Gods of Mexico,Gods of Mexico,False,Oscilloscope,2023-03-03,2023-03-03,2023,2023-03-09,1,5424.0,False
939,The Forger,The Forger,False,Kino Lorber,2023-03-03,2023-03-03,2023,2023-06-08,12,61033.0,True
940,La civil,La civil,False,Zeitgeist Films,2023-03-03,2023-03-03,2023,2023-04-27,8,21108.0,True
941,Scream VI,Scream VI,False,Paramount Pictures,2023-03-10,2023-03-10,2023,2023-05-04,8,108161389.0,True
942,65,65,False,Sony Pictures Releasing,2023-03-10,2023-03-10,2023,2023-05-11,9,32062904.0,True
943,Champions,Champions,False,Focus Features,2023-03-10,2023-03-10,2023,2023-05-04,8,16271910.0,True
944,Come Out in Jesus Name,Come Out in Jesus Name,False,Fathom Events,2023-03-10,2023-03-10,2023,2023-04-13,2,2500574.0,False
945,Southern Gospel,Southern Gospel,False,Bridgestone Multimedia,2023-03-10,2023-03-10,2023,2023-04-06,4,293496.0,True
946,The Magic Flute,The Magic Flute,False,Shout! Studios,2023-03-10,2023-03-10,2023,2023-03-16,1,137562.0,False
947,Unwelcome,Unwelcome,False,Well Go USA Entertainment,2023-03-10,2023-03-10,2023,2023-03-16,1,20979.0,True
948,I Got a Monster,I Got a Monster,False,Greenwich Entertainment,2023-03-10,2023-03-10,2023,2023-03-23,2,7971.0,False
949,Therapy Dogs,Therapy Dogs,False,Utopia,2023-03-10,2023-03-10,2023,2023-03-23,2,5268.0,True
950,Shazam! Fury of the Gods,Shazam! Fury of the Gods,False,Warner Bros.,2023-03-17,2023-03-17,2023,2023-05-04,7,57638006.0,False
951,Moving On,Moving On,False,Roadside Attractions,2023-03-17,2023-03-17,2023,2023-06-01,11,2136832.0,True
952,Inside,Inside,False,Focus Features,2023-03-17,2023-03-17,2023,2023-03-30,2,897190.0,True
953,UFC 286,UFC 286,False,Iconic Events Releasing,2023-03-17,2023-03-17,2023,2023-03-23,1,132634.0,True
954,The Innocent,The Innocent,False,Janus Films,2023-03-17,2023-03-17,2023,2023-04-13,4,34822.0,True
955,Rodeo,Rodeo,False,Music Box Films,2023-03-17,2023-03-17,2023,2023-04-20,5,18076.0,True
956,Drylongso,Drylongso,False,Janus Films,2023-03-17,2023-03-17,2023,2023-04-13,4,16423.0,True
957,Making Him Famous,Making Him Famous,False,Atlas Distribution Company,2023-03-17,2023-03-17,2023,2023-03-23,1,4967.0,False
958,Rimini,Rimini,False,Big World Pictures,2023-03-17,2023-03-10,2023,2023-03-23,1,3801.0,True
959,John Wick: Chapter 4,John Wick: Chapter 4,False,Lionsgate,2023-03-24,2023-03-24,2023,2023-06-15,12,187131806.0,False
960,A Good Person,A Good Person,False,United Artists Releasing,2023-03-24,2023-03-24,2023,2023-04-20,4,2210465.0,False
961,The Lost King,The Lost King,False,IFC Films,2023-03-24,2023-03-24,2023,2023-05-11,7,1188032.0,False
962,School of Magical Animals,School of Magical Animals,False,Blue Fox Entertainment,2023-03-24,2023-03-24,2023,2023-04-13,3,288414.0,False
963,¡Que viva México!,¡Que viva México!,False,Sony Pictures Releasing,2023-03-24,2023-03-24,2023,2023-04-13,3,161222.0,False
964,Nam June Paik: Moon Is the Oldest TV,Nam June Paik: Moon Is the Oldest TV,False,Greenwich Entertainment,2023-03-24,2023-03-24,2023,2023-05-04,6,59023.0,False
965,Tori and Lokita,Tori and Lokita,False,Janus Films,2023-03-24,2023-03-24,2023,2023-04-06,2,33628.0,False
966,"What the Hell Happened to Blood, Sweat & Tears?","What the Hell Happened to Blood, Sweat & Tears?",False,Abramorama,2023-03-24,2023-03-24,2023,2023-04-06,2,27100.0,False
967,The Worst Ones,The Worst Ones,False,Kino Lorber,2023-03-24,2023-03-24,2023,2023-06-15,9,19833.0,False
968,The Super Mario Bros. Movie,The Super Mario Bros. Movie,False,Universal Pictures,2023-03-31,2023-03-31,2023,2023-09-07,23,574934330.0,False
969,Dungeons & Dragons: Honor Among Thieves,Dungeons & Dragons: Honor Among Thieves,False,Paramount Pictures,2023-03-31,2023-03-31,2023,2023-06-01,9,93277026.0,False
970,His Only Son,His Only Son,False,Angel,2023-03-31,2023-03-31,2023,2023-09-28,18,12392740.0,False
971,Air,Air,False,Amazon MGM Studios,2023-03-31,2023-03-31,2023,2023-06-01,9,52460106.0,True
972,The Journey: A Music Special from Andrea Bocelli,The Journey: A Music Special from Andrea Bocelli,False,Fathom Events,2023-03-31,2023-03-31,2023,2023-04-13,2,3574915.0,False
973,A Thousand and One,A Thousand and One,False,Focus Features,2023-03-31,2023-03-31,2023,2023-05-04,5,3400020.0,False
974,The Thorn,The Thorn,False,Fathom Events,2023-03-31,2023-03-03,2023,2023-04-13,2,577004.0,True
975,Malum,Malum,False,Welcome Villain,2023-03-31,2023-03-31,2023,2023-04-06,1,221738.0,True
976,Enys Men,Enys Men,False,Neon,2023-03-31,2023-03-31,2023,2023-04-20,3,189579.0,True
977,Summoning Sylvia,Summoning Sylvia,False,The Horror Collective,2023-03-31,2023-03-31,2023,2023-04-20,3,52663.0,True
978,Smoking Causes Coughing,Smoking Causes Coughing,False,Magnolia Pictures,2023-03-31,2023-03-31,2023,2023-06-01,9,64484.0,False
979,In Viaggio: The Travels of Pope Francis,In Viaggio: The Travels of Pope Francis,False,Magnolia Pictures,2023-03-31,2023-03-31,2023,2023-05-04,5,23142.0,False
980,Eight Deadly Shots,Eight Deadly Shots,False,Janus Films,2023-03-31,2023-03-31,2023,2023-04-06,1,3776.0,False
981,Imagining the Indian,Imagining the Indian,False,Ciesla Foundation,2023-03-31,2023-03-31,2023,2023-04-06,1,1380.0,False
982,Venus,Venus,False,Sony Pictures Releasing,2023-03-31,2023-03-31,2023,2023-04-06,1,1242.0,True
983,The Lord of the Rings: The Return of the King2023 Re-release (20th Anniversary),The Lord of the Rings: The Return of the King,True,Fathom Events,2023-04-07,2023-04-07,2023,2023-04-13,1,1176085.0,False
984,Paint,Paint,False,IFC Films,2023-04-07,2023-04-07,2023,2023-05-11,5,811739.0,True
985,La Usurpadora: The Musical,La Usurpadora: The Musical,False,Pantelion Films,2023-04-07,2023-04-07,2023,2023-04-13,1,160527.0,False
986,How to Blow Up a Pipeline,How to Blow Up a Pipeline,False,Neon,2023-04-07,2023-04-07,2023,2023-05-04,4,750010.0,False
987,Showing Up,Showing Up,False,A24,2023-04-07,2023-04-07,2023,2023-05-25,7,754483.0,True
988,Joyland,Joyland,False,Oscilloscope,2023-04-07,2023-04-07,2023,2023-07-13,13,302550.0,True
989,The Headmistress,The Headmistress,False,Indican Pictures,2023-04-07,2023-01-13,2023,2023-05-25,7,31002.0,True
990,Heretic,Heretic,False,Indican Pictures,2023-04-07,2023-01-20,2023,2025-01-23,13,27986380.0,True
991,The Pope's Exorcist,The Pope's Exorcist,False,Screen Gems,2023-04-14,2023-04-14,2023,2023-06-29,11,20009380.0,False
992,Renfield,Renfield,False,Universal Pictures,2023-04-14,2023-04-14,2023,2023-05-18,5,17152625.0,True
993,Suzume,Suzume,False,Crunchyroll,2023-04-14,2023-04-14,2023,2023-11-16,14,10932037.0,True
994,Mafia Mamma,Mafia Mamma,False,Bleecker Street Media,2023-04-14,2023-04-14,2023,2023-04-27,2,3496761.0,True
995,Nefarious,Nefarious,False,SDG Releasing,2023-04-14,2023-04-14,2023,2023-06-22,10,5433685.0,True
996,Sweetwater,Sweetwater,False,Briarcliff Entertainment,2023-04-14,2023-04-14,2023,2023-04-27,2,541633.0,True
997,Beau Is Afraid,Beau Is Afraid,False,A24,2023-04-14,2023-04-14,2023,2023-06-08,8,8176562.0,False
998,Mirando Al Cielo,Mirando Al Cielo,False,Fathom Events,2023-04-14,2023-04-14,2023,2023-04-20,1,295539.0,False
999,The Lost Weekend: A Love Story,The Lost Weekend: A Love Story,False,Iconic Events Releasing,2023-04-14,2023-04-07,2023,2023-04-27,2,102531.0,False
1000,Wild Life,Wild Life,False,Picturehouse,2023-04-14,2023-04-14,2023,2023-05-25,6,326184.0,True
1001,Sick of Myself,Sick of Myself,False,Utopia,2023-04-14,2023-04-14,2023,2023-07-20,12,106156.0,False
1002,"Blind Willow, Sleeping Woman","Blind Willow, Sleeping Woman",False,Zeitgeist Films,2023-04-14,2023-04-14,2023,2023-08-10,13,51351.0,False
1003,Rare Objects,Rare Objects,False,IFC Films,2023-04-14,2023-04-14,2023,2023-05-04,3,10454.0,True
1004,Passion,Passion,False,Film Movement,2023-04-14,2023-04-14,2023,2023-04-27,2,10130.0,True
1005,Tommy Guns,Tommy Guns,False,Kino Lorber,2023-04-14,2023-04-07,2023,2023-05-11,3,5085.0,True
1006,Evil Dead Rise,Evil Dead Rise,False,Warner Bros.,2023-04-21,2023-04-21,2023,2023-06-15,8,67233054.0,False
1007,The Covenant,The Covenant,False,Metro-Goldwyn-Mayer (MGM),2023-04-21,2023-04-21,2023,2023-06-01,6,16938039.0,True
1008,Chevalier,Chevalier,False,Walt Disney Studios Motion Pictures,2023-04-21,2023-04-21,2023,2023-06-15,8,3541159.0,True
1009,Spirited Away: Live on Stage,Spirited Away: Live on Stage,False,,2023-04-21,2023-04-21,2023,2023-05-04,2,1455081.0,False
1010,Somewhere in Queens,Somewhere in Queens,False,Roadside Attractions,2023-04-21,2023-04-21,2023,2023-08-03,15,1802442.0,False
1011,Little Richard: I Am Everything,Little Richard: I Am Everything,False,Magnolia Pictures,2023-04-21,2023-04-21,2023,2023-06-08,7,131490.0,False
1012,Other People's Children,Other People's Children,False,Music Box Films,2023-04-21,2023-04-21,2023,2024-04-18,20,87032.0,False
1013,River,River,False,Greenwich Entertainment,2023-04-21,2023-04-21,2023,2023-05-04,2,22789.0,True
1014,"Are You There God? It's Me, Margaret.","Are You There God? It's Me, Margaret.",False,Lionsgate,2023-04-28,2023-04-28,2023,2023-06-15,7,20372406.0,False
1015,Star Wars: Episode VI - Return of the Jedi2023 Re-release,Star Wars: Episode VI - Return of the Jedi,True,,2023-04-28,2023-04-28,2023,2023-05-04,1,7259924.0,False
1016,Sisu,Sisu,False,Lionsgate,2023-04-28,2023-04-28,2023,2023-06-01,5,7265622.0,True
1017,Ponniyin Selvan: Part Two,Ponniyin Selvan: Part Two,False,,2023-04-28,2023-04-28,2023,2023-05-04,1,3813000.0,False
1018,Big George Foreman,Big George Foreman,False,Sony Pictures Releasing,2023-04-28,2023-04-28,2023,2023-06-01,5,5426772.0,False
1019,Polite Society,Polite Society,False,Focus Features,2023-04-28,2023-04-28,2023,2023-05-18,3,1545600.0,True
1020,A Father's Heart,A Father's Heart,False,Fathom Events,2023-04-28,2023-04-28,2023,2023-05-04,1,447912.0,False
1021,The End of Sex,The End of Sex,False,Blue Fox Entertainment,2023-04-28,2023-04-28,2023,2023-05-04,1,54527.0,False
1022,Nuclear Now,Nuclear Now,False,Abramorama,2023-04-28,2023-04-28,2023,2023-05-04,1,48064.0,True
1023,The Eight Mountains,The Eight Mountains,False,Variance Films,2023-04-28,2023-04-28,2023,2023-06-29,7,302456.0,False
1024,32 Sounds,32 Sounds,False,Abramorama,2023-04-28,2023-04-28,2023,2023-08-17,5,127792.0,True
1025,R.M.N.,R.M.N.,False,IFC Films,2023-04-28,2023-04-28,2023,2023-06-08,6,46360.0,True
1026,Always a Winner,Always a Winner,False,Five & Two Pictures,2023-04-28,2023-04-28,2023,2023-11-23,4,19085.0,False
1027,The Monsters Without,The Monsters Without,False,,2023-04-28,2023-04-21,2023,2023-05-18,3,5628.0,False
1028,Guardians of the Galaxy Vol. 3,Guardians of the Galaxy Vol. 3,False,Walt Disney Studios Motion Pictures,2023-05-05,2023-05-05,2023,2023-08-10,14,358995815.0,False
1029,Love Again,Love Again,False,Screen Gems,2023-05-05,2023-05-05,2023,2023-06-15,6,6230837.0,True
1030,Roll with It,Roll with It,False,Fathom Events,2023-05-05,2023-05-05,2023,2023-05-18,2,757981.0,False
1031,Chile '76,Chile '76,False,Kino Lorber,2023-05-05,2023-05-05,2023,2023-10-19,22,165958.0,True
1032,The Melt Goes on Forever: The Art & Times of David Hammons,The Melt Goes on Forever: The Art & Times of David Hammons,False,Greenwich Entertainment,2023-05-05,2023-05-05,2023,2023-06-29,8,28595.0,False
1033,Four Quartets,Four Quartets,False,Kino Lorber,2023-05-05,2023-04-28,2023,2023-06-22,6,13098.0,True
1034,Book Club: The Next Chapter,Book Club: The Next Chapter,False,Focus Features,2023-05-12,2023-05-12,2023,2023-06-22,6,17556340.0,False
1035,Hypnotic,Hypnotic,False,Ketchup Entertainment,2023-05-12,2023-05-12,2023,2023-06-01,3,4500169.0,True
1036,Knights of the Zodiac,Knights of the Zodiac,False,,2023-05-12,2023-05-12,2023,2023-06-08,4,1090155.0,False
1037,BlackBerry,BlackBerry,False,IFC Films,2023-05-12,2023-05-12,2023,2023-07-06,8,1476597.0,True
1038,Fool's Paradise,Fool's Paradise,False,Roadside Attractions,2023-05-12,2023-05-12,2023,2023-06-22,6,855173.0,True
1039,The Way2023 Re-release,The Way,True,Fathom Events,2023-05-12,2023-05-12,2023,2023-05-18,1,567448.0,True
1040,Rally Road Racers,Rally Road Racers,False,Viva Pictures,2023-05-12,2023-05-12,2023,2023-06-01,3,744169.0,False
1041,It Ain't Over,It Ain't Over,False,Sony Pictures Releasing,2023-05-12,2023-05-12,2023,2023-08-10,13,705355.0,False
1042,The Starling Girl,The Starling Girl,False,Bleecker Street Media,2023-05-12,2023-05-12,2023,2023-06-15,5,161290.0,False
1043,Monica,Monica,False,IFC Films,2023-05-12,2023-05-12,2023,2023-06-29,7,152619.0,True
1044,L'immensità,L'immensità,False,Music Box Films,2023-05-12,2023-05-12,2023,2023-11-02,13,104264.0,True
1045,Fast X,Fast X,False,Universal Pictures,2023-05-19,2023-05-19,2023,2023-07-13,8,145960660.0,True
1046,Master Gardener,Master Gardener,False,Magnolia Pictures,2023-05-19,2023-05-19,2023,2023-07-27,10,667114.0,True
1047,Sanctuary,Sanctuary,False,Neon,2023-05-19,2023-05-19,2023,2023-06-22,5,535201.0,True
1048,Moon Garden,Moon Garden,False,Oscilloscope,2023-05-19,2023-05-19,2023,2023-07-20,8,54013.0,True
1049,The Night of the 12th,The Night of the 12th,False,Film Movement,2023-05-19,2023-05-19,2023,2023-07-06,7,60955.0,False
1050,The Cow Who Sang a Song Into the Future,The Cow Who Sang a Song Into the Future,False,Kino Lorber,2023-05-19,2023-05-19,2023,2023-08-03,10,31879.0,False
1051,The Little Mermaid,The Little Mermaid,False,Walt Disney Studios Motion Pictures,2023-05-26,2023-05-26,2023,2023-09-14,16,298172056.0,False
1052,The Machine,The Machine,False,Sony Pictures Releasing,2023-05-26,2023-05-26,2023,2023-06-29,5,10458331.0,True
1053,About My Father,About My Father,False,Lionsgate,2023-05-26,2023-05-26,2023,2023-07-13,7,12089391.0,False
1054,Kandahar,Kandahar,False,Open Road Films (II),2023-05-26,2023-05-26,2023,2023-06-22,4,4813132.0,True
1055,You Hurt My Feelings,You Hurt My Feelings,False,A24,2023-05-26,2023-05-26,2023,2023-07-13,7,4830788.0,False
1056,The Wrath of Becky,The Wrath of Becky,False,Quiver Distribution,2023-05-26,2023-05-26,2023,2023-06-01,1,168109.0,False
1057,Werckmeister Harmonies2023 Re-release,Werckmeister Harmonies,True,Janus Films,2023-05-26,2023-05-26,2023,2023-07-27,9,44462.0,True
1058,Close to Vermeer,Close to Vermeer,False,Kino Lorber,2023-05-26,2023-05-26,2023,2023-10-05,17,178761.0,False
1059,White Balls on Walls,White Balls on Walls,False,Icarus Films,2023-05-26,2023-05-26,2023,2023-06-15,3,7012.0,False
1060,Spider-Man: Across the Spider-Verse,Spider-Man: Across the Spider-Verse,False,Columbia Pictures,2023-06-02,2023-06-02,2023,2023-09-14,15,381311319.0,False
1061,The Boogeyman,The Boogeyman,False,20th Century Studios,2023-06-02,2023-06-02,2023,2023-07-27,8,43244282.0,True
1062,Past Lives,Past Lives,False,A24,2023-06-02,2023-06-02,2023,2024-02-15,37,11331983.0,True
1063,The Roundup: No Way Out,The Roundup: No Way Out,False,Capelight Pictures,2023-06-02,2023-06-02,2023,2023-07-13,6,909411.0,False
1064,Falcon Lake,Falcon Lake,False,Yellow Veil Pictures,2023-06-02,2023-06-02,2023,2023-06-15,2,12768.0,True
1065,Lynch/Oz,Lynch/Oz,False,Janus Films,2023-06-02,2023-06-02,2023,2023-07-20,7,60701.0,True
1066,Transformers: Rise of the Beasts,Transformers: Rise of the Beasts,False,Paramount Pictures,2023-06-09,2023-06-09,2023,2023-08-10,9,157066392.0,False
1067,Mending the Line,Mending the Line,False,Blue Fox Entertainment,2023-06-09,2023-06-09,2023,2023-06-29,3,379890.0,False
1068,The Angry Black Girl and Her Monster,The Angry Black Girl and Her Monster,False,RLJ Entertainment,2023-06-09,2023-06-09,2023,2023-07-20,6,123107.0,False
1069,Daliland,Daliland,False,Magnolia Pictures,2023-06-09,2023-06-09,2023,2023-07-27,7,82769.0,True
1070,Squaring the Circle: The Story of Hipgnosis,Squaring the Circle: The Story of Hipgnosis,False,Utopia,2023-06-09,2023-06-09,2023,2023-08-31,12,111589.0,False
1071,Blue Jean,Blue Jean,False,Magnolia Pictures,2023-06-09,2023-06-09,2023,2023-08-10,9,110722.0,True
1072,Scarlet,Scarlet,False,Kino Lorber,2023-06-09,2023-06-09,2023,2026-02-26,16,629038.0,True
1073,The Flash,The Flash,False,Warner Bros.,2023-06-16,2023-06-16,2023,2023-08-17,9,108133313.0,True
1074,Elemental,Elemental,False,Walt Disney Studios Motion Pictures,2023-06-16,2023-06-16,2023,2023-09-28,15,154426697.0,True
1075,The Blackening,The Blackening,False,Lionsgate,2023-06-16,2023-06-16,2023,2023-07-27,6,17707207.0,True
1076,Asteroid City,Asteroid City,False,Focus Features,2023-06-16,2023-06-16,2023,2023-09-07,12,28153025.0,True
1077,Lonely Castle in the Mirror,Lonely Castle in the Mirror,False,GKIDS,2023-06-16,2023-06-16,2023,2023-06-29,2,139154.0,False
1078,The Wicker Man50th Anniversary,The Wicker Man,True,Rialto Pictures,2023-06-16,2023-06-16,2023,2023-11-23,20,87991.0,False
1079,Make Me Famous,Make Me Famous,False,Red Splat Productions,2023-06-16,2023-06-16,2023,2024-11-21,48,66517.0,False
1080,No Hard Feelings,No Hard Feelings,False,Sony Pictures Releasing,2023-06-23,2023-06-23,2023,2023-08-17,8,50452282.0,False
1081,The Last Rider,The Last Rider,False,Roadside Attractions,2023-06-23,2023-06-23,2023,2023-08-17,8,147979.0,False
1082,"Desperate Souls, Dark City and the Legend of Midnight Cowboy","Desperate Souls, Dark City and the Legend of Midnight Cowboy",False,Zeitgeist Films,2023-06-23,2023-06-23,2023,2023-09-14,12,55124.0,False
1083,Revoir Paris,Revoir Paris,False,Music Box Films,2023-06-23,2023-06-23,2023,2024-03-07,14,52835.0,True
1084,The In-Law Gang!,The In-Law Gang!,False,Entertainment Squad,2023-06-23,2023-06-23,2023,2023-07-06,2,11301.0,False
1085,Loren & Rose,Loren & Rose,False,Wise Lars,2023-06-23,2023-06-23,2023,2023-07-06,2,10513.0,False
1086,The Mother and the Whore,The Mother and the Whore,False,Janus Films,2023-06-23,2023-06-23,2023,2023-07-27,5,40555.0,False
1087,Kings of L.A.,Kings of L.A.,False,Indican Pictures,2023-06-23,2023-06-23,2023,2023-06-29,1,5430.0,False
1088,Indiana Jones and the Dial of Destiny,Indiana Jones and the Dial of Destiny,False,Walt Disney Studios Motion Pictures,2023-06-30,2023-06-30,2023,2023-09-14,11,174480468.0,False
1089,Sound of Freedom,Sound of Freedom,False,Angel,2023-06-30,2023-06-30,2023,2023-12-07,23,184178046.0,False
1090,Ruby Gillman: Teenage Kraken,Ruby Gillman: Teenage Kraken,False,DreamWorks,2023-06-30,2023-06-30,2023,2023-08-17,7,15753600.0,False
1091,Every Body,Every Body,False,Focus Features,2023-06-30,2023-06-30,2023,2023-07-13,2,273860.0,True
1092,Contempt4k Restoration - 60th Anniversary,Contempt,True,Rialto Pictures,2023-06-30,2023-06-30,2023,2023-11-23,20,247818.0,True
1093,Shift: The Ragbrai Documentary,Shift: The Ragbrai Documentary,False,-,2023-06-30,2023-04-28,2023,2023-07-06,1,14907.0,False
1094,Millie Lies Low,Millie Lies Low,False,Film Movement,2023-06-30,2023-06-30,2023,2023-07-13,2,11265.0,False
1095,Insidious: The Red Door,Insidious: The Red Door,False,Screen Gems,2023-07-07,2023-07-07,2023,2023-09-14,10,82156962.0,False
1096,Mission: Impossible - Dead Reckoning Part One,Mission: Impossible - Dead Reckoning Part One,False,Paramount Pictures,2023-07-07,2023-07-07,2023,2023-09-21,11,172135383.0,False
1097,Joy Ride,Joy Ride,False,Lionsgate,2023-07-07,2023-07-07,2023,2023-08-03,4,12897789.0,True
1098,Lost in the Stars,Lost in the Stars,False,CMC Pictures,2023-07-07,2023-07-07,2023,2023-08-10,5,1721446.0,False
1099,The Lesson,The Lesson,False,-,2023-07-07,2023-07-07,2023,2023-07-20,2,310746.0,True
1100,Priyotoma,Priyotoma,False,Swapna Scarecrow,2023-07-07,2023-07-07,2023,2023-08-17,6,132295.0,True
1101,Biosphere,Biosphere,False,IFC Films,2023-07-07,2023-07-07,2023,2023-07-27,3,60149.0,True
1102,Amanda,Amanda,False,Oscilloscope,2023-07-07,2023-07-07,2023,2023-08-31,5,28588.0,True
1103,Once Upon a Time in Uganda,Once Upon a Time in Uganda,False,Yellow Veil Pictures,2023-07-07,2023-07-07,2023,2023-07-20,2,16185.0,False
1104,Our Deadly Vows,Our Deadly Vows,False,Entertainment Squad,2023-07-07,2023-07-07,2023,2023-07-20,2,7394.0,False
1105,The Crusades,The Crusades,False,VMI Worldwide,2023-07-07,2023-07-07,2023,2023-07-13,1,5887.0,True
1106,The Miracle Club,The Miracle Club,False,Sony Pictures Releasing,2023-07-14,2023-07-14,2023,2023-11-09,15,2402780.0,False
1107,Theater Camp,Theater Camp,False,Searchlight Pictures,2023-07-14,2023-07-14,2023,2023-09-28,11,4009945.0,True
1108,Psycho-Pass: Providence,Psycho-Pass: Providence,False,Crunchyroll,2023-07-14,2023-07-14,2023,2023-07-27,2,309757.0,True
1109,Terrifier,Terrifier,False,Iconic Events Releasing,2023-07-14,2023-07-14,2023,2023-08-03,3,339946.0,True
1110,Afire,Afire,False,Sideshow Releasing,2023-07-14,2023-07-14,2023,2023-09-28,11,244031.0,True
1111,The League,The League,False,Magnolia Pictures,2023-07-14,2023-07-14,2023,2023-08-31,7,70038.0,True
1112,Go West,Go West,False,Purdie Distribution,2023-07-14,2023-07-14,2023,2023-08-31,7,340017.0,True
1113,Black Ice,Black Ice,False,Roadside Attractions,2023-07-14,2023-07-14,2023,2023-07-27,2,47362.0,True
1114,Two Tickets to Greece,Two Tickets to Greece,False,Greenwich Entertainment,2023-07-14,2023-07-14,2023,2023-08-10,4,18513.0,False
1115,Lakota Nation vs. United States,Lakota Nation vs. United States,False,IFC Films,2023-07-14,2023-07-14,2023,2023-09-21,10,89101.0,False
1116,Have You Got It Yet? The Story of Syd Barrett and Pink Floyd,Have You Got It Yet? The Story of Syd Barrett and Pink Floyd,False,Abramorama,2023-07-14,2023-07-14,2023,2023-09-14,6,133770.0,False
1117,Final Cut,Final Cut,False,Kino Lorber,2023-07-14,2023-07-14,2023,2023-09-14,8,15124.0,True
1118,Barbie,Barbie,False,Warner Bros.,2023-07-21,2023-07-21,2023,2024-01-25,27,636238421.0,True
1119,Oppenheimer,Oppenheimer,False,Universal Pictures,2023-07-21,2023-07-21,2023,2025-03-06,36,330078895.0,True
1120,Return to Dust,Return to Dust,False,Film Movement,2023-07-21,2023-07-21,2023,2023-08-03,2,22692.0,False
1121,Haunted Mansion,Haunted Mansion,False,Walt Disney Studios Motion Pictures,2023-07-28,2023-07-28,2023,2023-11-02,14,67653287.0,True
1122,Talk to Me,Talk to Me,False,A24,2023-07-28,2023-07-28,2023,2023-10-26,13,48299436.0,False
1123,Teenage Mutant Ninja Turtles: Mutant Mayhem,Teenage Mutant Ninja Turtles: Mutant Mayhem,False,Paramount Pictures,2023-07-28,2023-07-28,2023,2023-10-26,13,118613586.0,False
1124,The First Slam Dunk,The First Slam Dunk,False,GKIDS,2023-07-28,2023-07-28,2023,2023-10-12,10,1291869.0,False
1125,The Essential Church,The Essential Church,False,Atlas Distribution Company,2023-07-28,2023-07-28,2023,2023-08-17,3,412550.0,False
1126,UFC 291: Poirier vs. Gaethje 2,UFC 291: Poirier vs. Gaethje 2,False,Iconic Events Releasing,2023-07-28,2023-07-28,2023,2023-08-03,1,308825.0,False
1127,Kokomo City,Kokomo City,False,Magnolia Pictures,2023-07-28,2023-07-28,2023,2023-08-31,5,77278.0,True
1128,Bobi Wine: The People's President,Bobi Wine: The People's President,False,National Geographic Documentary Films,2023-07-28,2023-07-28,2023,2023-08-17,3,30189.0,False
1129,The Unknown Country,The Unknown Country,False,Music Box Films,2023-07-28,2023-07-28,2023,2024-04-04,22,69751.0,False
1130,Sympathy for the Devil,Sympathy for the Devil,False,RLJ Entertainment,2023-07-28,2023-07-28,2023,2023-08-03,1,11990.0,False
1131,The Beasts,The Beasts,False,Greenwich Entertainment,2023-07-28,2023-07-28,2023,2023-10-05,10,46105.0,True
1132,Meg 2: The Trench,Meg 2: The Trench,False,Warner Bros.,2023-08-04,2023-08-04,2023,2023-10-12,10,82600317.0,False
1133,Shortcomings,Shortcomings,False,Sony Pictures Classics,2023-08-04,2023-08-04,2023,2023-10-12,8,675257.0,True
1134,Dreamin' Wild,Dreamin' Wild,False,Roadside Attractions,2023-08-04,2023-08-04,2023,2023-10-26,12,296290.0,True
1135,CatVideoFest 2023,CatVideoFest 2023,False,Oscilloscope,2023-08-04,2023-08-04,2023,2023-12-14,14,608599.0,True
1136,The Highest of Stakes,The Highest of Stakes,False,Indican Pictures,2023-08-04,2023-08-04,2023,2023-08-31,4,161313.0,False
1137,Passages,Passages,False,MUBI,2023-08-04,2023-08-04,2023,2023-08-10,1,86804.0,True
1138,Ransomed,Ransomed,False,Well Go USA Entertainment,2023-08-04,2023-08-04,2023,2023-08-31,2,127682.0,True
1139,A Compassionate Spy,A Compassionate Spy,False,Magnolia Pictures,2023-08-04,2023-08-04,2023,2023-10-05,9,34502.0,False
1140,Shiva Baby2023 Re-release,Shiva Baby,True,Utopia,2023-08-04,2023-08-04,2023,2023-09-07,5,42623.0,True
1141,Tokyo Pop,Tokyo Pop,False,Kino Lorber,2023-08-04,2023-08-04,2023,2023-10-12,10,37834.0,True
1142,What Comes Around,What Comes Around,False,IFC Films,2023-08-04,2023-08-04,2023,2023-08-10,1,5935.0,False
1143,The Last Voyage of the Demeter,The Last Voyage of the Demeter,False,Universal Pictures,2023-08-11,2023-08-11,2023,2023-09-07,4,13637180.0,False
1144,Coraline2023 Re-release (remastered),Coraline,True,,2023-08-11,2023-08-11,2023,2023-08-31,2,7149366.0,True
1145,Jules,Jules,False,Bleecker Street Media,2023-08-11,2023-08-11,2023,2023-10-05,8,1924922.0,True
1146,Oldboy2023 Re-release,Oldboy,True,Neon,2023-08-11,2023-08-11,2023,2023-09-28,7,1750719.0,True
1147,Day by Day,Day by Day,False,Utopia,2023-08-11,2023-08-11,2023,2023-09-28,5,96227.0,False
1148,The Pod Generation,The Pod Generation,False,Vertical Entertainment,2023-08-11,2023-08-11,2023,2023-08-17,1,31569.0,False
1149,Winter Kills2023 Re-release,Winter Kills,True,Rialto Pictures,2023-08-11,2023-08-11,2023,2023-12-21,13,77587.0,True
1150,The Eternal Memory,The Eternal Memory,False,MTV Documentary Films,2023-08-11,2023-08-11,2023,2023-09-28,6,67594.0,False
1151,Between Two Worlds,Between Two Worlds,False,Cohen Media Group,2023-08-11,2023-08-11,2023,2023-10-05,8,75282.0,False
1152,The Others2023 Re-release,The Others,True,Rialto Pictures,2023-08-11,2023-08-11,2023,2023-11-09,10,55815.0,True
1153,King Coal,King Coal,False,Fourth Act Film,2023-08-11,2023-08-11,2023,2024-02-08,4,54051.0,True
1154,Love Life,Love Life,False,Oscilloscope,2023-08-11,2023-08-11,2023,2023-09-14,4,6623.0,True
1155,Operation Napoleon,Operation Napoleon,False,Magnolia Pictures,2023-08-11,2023-08-11,2023,2023-08-17,1,1618.0,True
1156,Blue Beetle,Blue Beetle,False,Warner Bros.,2023-08-18,2023-08-18,2023,2023-11-02,11,72488072.0,True
1157,Strays,Strays,False,Universal Pictures,2023-08-18,2023-08-18,2023,2023-09-28,6,23988885.0,True
1158,Back on the Strip,Back on the Strip,False,Luminosity Entertainment,2023-08-18,2023-08-18,2023,2023-09-28,6,669472.0,False
1159,Landscape with Invisible Hand,Landscape with Invisible Hand,False,Metro-Goldwyn-Mayer (MGM),2023-08-18,2023-08-18,2023,2023-08-31,2,203403.0,False
1160,Birth/Rebirth,Birth/Rebirth,False,IFC Films,2023-08-18,2023-08-18,2023,2023-09-21,5,138617.0,True
1161,Gran Turismo,Gran Turismo,False,Sony Pictures Releasing,2023-08-25,2023-08-25,2023,2023-11-16,12,44428554.0,True
1162,Retribution,Retribution,False,Roadside Attractions,2023-08-25,2023-08-25,2023,2023-10-26,9,6937696.0,True
1163,The Hill,The Hill,False,Briarcliff Entertainment,2023-08-25,2023-08-25,2023,2023-09-28,5,7665865.0,True
1164,Golda,Golda,False,Bleecker Street Media,2023-08-25,2023-08-25,2023,2023-11-02,10,4801781.0,True
1165,Jurassic Park2023 Re-release (30th Anniversary),Jurassic Park,True,Universal Pictures,2023-08-25,2023-08-25,2023,2023-09-07,2,2970355.0,True
1166,Bottoms,Bottoms,False,Orion Pictures,2023-08-25,2023-08-25,2023,2023-10-19,8,12036071.0,True
1167,MR-9: Do or Die,MR-9: Do or Die,False,Swapna Scarecrow,2023-08-25,2023-08-25,2023,2023-08-31,1,49224.0,False
1168,Fremont,Fremont,False,Music Box Films,2023-08-25,2023-08-25,2023,2024-02-22,18,271343.0,True
1169,Scrapper,Scrapper,False,Kino Lorber,2023-08-25,2023-08-25,2023,2023-12-14,15,213960.0,True
1170,The Moon,The Moon,False,Well Go USA Entertainment,2023-08-25,2023-08-18,2023,2023-08-31,1,87684.0,True
1171,Piaffe,Piaffe,False,Oscilloscope,2023-08-25,2023-08-25,2023,2023-10-05,6,21861.0,True
1172,The Dive,The Dive,False,RLJ Entertainment,2023-08-25,2023-08-25,2023,2023-08-31,1,5914.0,True
1173,"Before, Now & Then","Before, Now & Then",False,Film Movement,2023-08-25,2023-08-25,2023,2023-09-07,2,16538.0,False
1174,"Our Father, the Devil","Our Father, the Devil",False,Cinedigm Entertainment Group,2023-08-25,2023-08-25,2023,2023-09-14,3,18351.0,False
1175,The Equalizer 3,The Equalizer 3,False,Columbia Pictures,2023-09-01,2023-09-01,2023,2023-11-23,12,92373751.0,False
1176,Jawan,Jawan,False,Yash Raj Films USA Inc.,2023-09-01,2023-09-01,2023,2023-10-26,8,15198530.0,True
1177,The Good Mother,The Good Mother,False,Vertical Entertainment,2023-09-01,2023-09-01,2023,2023-09-07,1,503378.0,False
1178,Zombie Town,Zombie Town,False,Viva Pictures,2023-09-01,2023-09-01,2023,2023-09-07,1,130802.0,True
1179,Ernest and Celestine: A Trip to Gibberitia,Ernest and Celestine: A Trip to Gibberitia,False,GKIDS,2023-09-01,2023-09-01,2023,2023-10-12,6,17446.0,False
1180,The Nun II,The Nun II,False,Warner Bros.,2023-09-08,2023-09-08,2023,2023-11-16,10,86267073.0,False
1181,My Big Fat Greek Wedding 3,My Big Fat Greek Wedding 3,False,Focus Features,2023-09-08,2023-09-08,2023,2023-10-26,7,28496030.0,False
1182,Aristotle and Dante Discover the Secrets of the Universe,Aristotle and Dante Discover the Secrets of the Universe,False,Blue Fox Entertainment,2023-09-08,2023-09-08,2023,2023-10-05,4,407838.0,False
1183,Amerikatsi,Amerikatsi,False,Variance Films,2023-09-08,2023-09-08,2023,2023-10-26,7,409476.0,True
1184,A Haunting in Venice,A Haunting in Venice,False,20th Century Studios,2023-09-15,2023-09-15,2023,2023-11-16,9,42471412.0,False
1185,The Retirement Plan,The Retirement Plan,False,Falling Forward Films,2023-09-15,2023-09-15,2023,2023-09-28,2,1607344.0,False
1186,Camp Hideout,Camp Hideout,False,Roadside Attractions,2023-09-15,2023-09-15,2023,2023-11-30,11,1125010.0,True
1187,Dumb Money,Dumb Money,False,Sony Pictures Releasing,2023-09-15,2023-09-15,2023,2023-11-16,9,13925356.0,True
1188,Outlaw Johnny Black,Outlaw Johnny Black,False,The Samuel Goldwyn Company,2023-09-15,2023-09-15,2023,2023-09-28,2,319848.0,False
1189,The Inventor,The Inventor,False,Blue Fox Entertainment,2023-09-15,2023-09-15,2023,2023-10-05,3,306385.0,True
1190,Canary,Canary,False,Oscilloscope,2023-09-15,2023-09-15,2023,2023-10-05,3,35563.0,True
1191,Invisible Beauty,Invisible Beauty,False,Magnolia Pictures,2023-09-15,2023-09-15,2023,2023-11-02,7,92040.0,True
1192,Radical Wolfe,Radical Wolfe,False,Kino Lorber,2023-09-15,2023-09-15,2023,2023-11-23,9,39623.0,True
1193,Last Night of Amore,Last Night of Amore,False,Focus World,2023-09-15,2023-09-15,2023,2023-09-21,1,3865.0,False
1194,The Expendables 4,The Expendables 4,False,Lionsgate,2023-09-22,2023-09-22,2023,2023-10-26,5,16710153.0,False
1195,It Lives Inside,It Lives Inside,False,Neon,2023-09-22,2023-09-22,2023,2023-10-19,4,4675092.0,False
1196,Stop Making Sense2023 Re-release,Stop Making Sense,True,-,2023-09-22,2023-09-22,2023,2024-02-15,21,5211310.0,False
1197,Creation of the Gods I: Kingdom of Storms,Creation of the Gods I: Kingdom of Storms,False,Well Go USA Entertainment,2023-09-22,2023-09-22,2023,2023-10-12,3,1646796.0,False
1198,The Blind,The Blind,False,Fathom Events,2023-09-22,2023-09-22,2023,2023-11-09,7,17265487.0,True
1199,I Can,I Can,False,Kappa Distribution,2023-09-22,2023-09-22,2023,2023-10-26,5,233110.0,True
1200,The Origin of Evil,The Origin of Evil,False,IFC Films,2023-09-22,2023-09-22,2023,2023-10-05,2,87344.0,False
1201,"My Sailor, My Love","My Sailor, My Love",False,Music Box Films,2023-09-22,2023-09-22,2023,2024-03-07,12,89237.0,False
1202,Farewell My Concubine2023 Re-release,Farewell My Concubine,True,Film Movement,2023-09-22,2023-09-22,2023,2023-11-30,5,329120.0,False
1203,Antarjal,Antarjal,False,Swapna Scarecrow,2023-09-22,2023-09-22,2023,2023-10-05,2,25788.0,True
1204,Uncharitable,Uncharitable,False,Abramorama,2023-09-22,2023-09-22,2023,2023-10-05,2,38683.0,True
1205,What Doesn't Float,What Doesn't Float,False,Circle Collective,2023-09-22,2023-09-22,2023,2023-11-16,8,17980.0,False
1206,La marginale,La marginale,False,Sony Pictures Releasing,2023-09-22,2023-09-22,2023,2023-09-28,1,539.0,True
1207,PAW Patrol: The Mighty Movie,PAW Patrol: The Mighty Movie,False,Paramount Pictures,2023-09-29,2023-09-29,2023,2023-11-23,8,65231360.0,False
1208,Saw X,Saw X,False,Lionsgate,2023-09-29,2023-09-29,2023,2023-11-16,7,53607898.0,True
1209,The Creator,The Creator,False,20th Century Studios,2023-09-29,2023-09-29,2023,2023-11-23,8,40774679.0,True
1210,Carlos,Carlos,False,Sony Pictures Releasing,2023-09-29,2023-09-29,2023,2023-12-07,10,432479.0,True
1211,Mother Teresa & Me,Mother Teresa & Me,False,Fathom Events,2023-09-29,2023-09-29,2023,2023-10-05,1,345937.0,False
1212,On Fire,On Fire,False,Cineverse,2023-09-29,2023-09-29,2023,2023-10-05,1,205118.0,True
1213,The Kill Room,The Kill Room,False,Shout! Studios,2023-09-29,2023-09-29,2023,2023-10-05,1,139358.0,False
1214,Story Ave,Story Ave,False,Kino Lorber,2023-09-29,2023-09-29,2023,2023-12-21,10,60218.0,True
1215,Before the Sunset,Before the Sunset,False,Freestyle Releasing,2023-09-29,2023-09-29,2023,2023-11-02,5,23306.0,False
1216,Muzzle,Muzzle,False,IFC Films,2023-09-29,2023-09-29,2023,2023-10-05,1,7807.0,True
1217,Senior Year: Love Never Fails,Senior Year: Love Never Fails,False,Atlas Distribution Company,2023-09-29,2023-09-29,2023,2023-10-12,2,5470.0,False
1218,Deliver Us,Deliver Us,False,Magnolia Pictures,2023-09-29,2023-09-29,2023,2023-10-05,1,4883.0,True
1219,Siege,Siege,False,Sony Pictures Releasing,2023-09-29,2023-09-29,2023,2023-10-05,1,684.0,True
1220,The Exorcist: Believer,The Exorcist: Believer,False,Universal Pictures,2023-10-06,2023-10-06,2023,2023-11-30,8,65537395.0,False
1221,Hocus Pocus30th Anniversary re-release,Hocus Pocus,True,Walt Disney Studios Motion Pictures,2023-10-06,2023-10-06,2023,2023-11-09,5,4929004.0,True
1222,She Came to Me,She Came to Me,False,Vertical Entertainment,2023-10-06,2023-10-06,2023,2023-10-19,2,733978.0,False
1223,The Royal Hotel,The Royal Hotel,False,Neon,2023-10-06,2023-10-06,2023,2023-11-02,4,780263.0,False
1224,When Evil Lurks,When Evil Lurks,False,IFC Films,2023-10-06,2023-10-06,2023,2023-11-02,4,546626.0,False
1225,Strange Way of Life,Strange Way of Life,False,Sony Pictures Releasing,2023-10-06,2023-10-06,2023,2023-12-14,10,503992.0,False
1226,Blue Giant,Blue Giant,False,GKIDS,2023-10-06,2023-10-06,2023,2023-10-12,1,266645.0,True
1227,Dicks: The Musical,Dicks: The Musical,False,A24,2023-10-06,2023-10-06,2023,2023-11-30,8,1453012.0,False
1228,Shelter in Solitude,Shelter in Solitude,False,EM Films,2023-10-06,2023-10-06,2023,2023-10-19,2,235103.0,False
1229,Dr. Cheon and Lost Talisman,Dr. Cheon and Lost Talisman,False,Well Go USA Entertainment,2023-10-06,2023-10-06,2023,2023-10-12,1,47428.0,False
1230,Common Ground,Common Ground,False,Area 23a,2023-10-06,2023-09-29,2023,2024-01-18,14,259228.0,True
1231,Joan Baez I Am a Noise,Joan Baez I Am a Noise,False,Magnolia Pictures,2023-10-06,2023-10-06,2023,2023-12-14,10,648299.0,False
1232,Cat Person,Cat Person,False,Rialto Pictures,2023-10-06,2023-10-06,2023,2023-11-23,7,55548.0,True
1233,Taylor Swift: The Eras Tour,Taylor Swift: The Eras Tour,False,AMC Theatres,2023-10-13,2023-10-13,2023,2024-01-11,13,180756269.0,False
1234,Onyx the Fortuitous and the Talisman of Souls,Onyx the Fortuitous and the Talisman of Souls,False,Fathom Events,2023-10-13,2023-10-13,2023,2023-10-19,1,182021.0,False
1235,Anatomy of a Fall,Anatomy of a Fall,False,Neon,2023-10-13,2023-10-13,2023,2024-03-14,22,5076369.0,False
1236,The Mission,The Mission,False,Picturehouse Entertainment,2023-10-13,2023-10-13,2023,2023-11-09,4,58377.0,True
1237,Once Within a Time,Once Within a Time,False,Oscilloscope,2023-10-13,2023-10-13,2023,2023-12-07,6,50377.0,False
1238,The Road Dance,The Road Dance,False,Music Box Films,2023-10-13,2023-10-13,2023,2024-04-11,10,22872.0,False
1239,Divinity,Divinity,False,Utopia,2023-10-13,2023-10-13,2023,2023-12-14,9,102891.0,True
1240,Killers of the Flower Moon,Killers of the Flower Moon,False,Paramount Pictures,2023-10-20,2023-10-20,2023,2024-03-14,21,68026901.0,False
1241,The Nightmare Before Christmas30th Anniversary Re-Release,The Nightmare Before Christmas,True,Walt Disney Studios Motion Pictures,2023-10-20,2023-10-20,2023,2023-11-09,3,10251956.0,False
1242,The Domino Revival,The Domino Revival,False,Fathom Events,2023-10-20,2023-10-20,2023,2023-11-16,2,851398.0,False
1243,The Canterville Ghost,The Canterville Ghost,False,Blue Fox Entertainment,2023-10-20,2023-10-20,2023,2023-10-26,1,192310.0,False
1244,The Other Zoey,The Other Zoey,False,Brainstorm Media,2023-10-20,2023-10-20,2023,2023-11-02,2,165398.0,False
1245,Malibu Horror Story,Malibu Horror Story,False,Iconic Events Releasing,2023-10-20,2023-10-20,2023,2023-11-02,2,118281.0,False
1246,Soul Mates,Soul Mates,False,Faith Media Distribution,2023-10-20,2023-10-20,2023,2023-10-26,1,95507.0,True
1247,The Persian Version,The Persian Version,False,Sony Pictures Classics,2023-10-20,2023-10-20,2023,2023-12-21,9,559820.0,False
1248,Another Body,Another Body,False,Utopia,2023-10-20,2023-10-20,2023,2023-12-14,6,14403.0,True
1249,Five Nights at Freddy's,Five Nights at Freddy's,False,Universal Pictures,2023-10-27,2023-10-27,2023,2023-12-21,8,137275620.0,False
1250,After Death,After Death,False,Angel,2023-10-27,2023-10-27,2023,2024-01-18,12,11478326.0,True
1251,Freelance,Freelance,False,Relativity Media,2023-10-27,2023-10-27,2023,2023-11-23,4,5314136.0,True
1252,Inspector Sun,Inspector Sun,False,Viva Pictures,2023-10-27,2023-10-27,2023,2023-11-16,3,642192.0,True
1253,Terrifier 22023 Re-release,Terrifier 2,True,Iconic Events Releasing,2023-10-27,2023-10-27,2023,2023-11-02,1,322394.0,True
1254,The Holdovers,The Holdovers,False,Focus Features,2023-10-27,2023-10-27,2023,2024-03-14,20,20355375.0,True
1255,Priscilla,Priscilla,False,A24,2023-10-27,2023-10-27,2023,2024-02-15,16,20960939.0,True
1256,Suitable Flesh,Suitable Flesh,False,RLJ Entertainment,2023-10-27,2023-10-27,2023,2023-11-02,1,18447.0,True
1257,Four Daughters,Four Daughters,False,Kino Lorber,2023-10-27,2023-10-27,2023,2024-05-16,25,138180.0,True
1258,Radical,Radical,False,Pantelion Films,2023-11-03,2023-11-03,2023,2024-02-01,13,8702731.0,True
1259,What Happens Later,What Happens Later,False,Bleecker Street Media,2023-11-03,2023-11-03,2023,2023-11-23,3,3273895.0,False
1260,The Marsh King's Daughter,The Marsh King's Daughter,False,Lionsgate,2023-11-03,2023-11-03,2023,2023-12-21,7,1792905.0,False
1261,"The Tunnel to Summer, the Exit of Goodbyes","The Tunnel to Summer, the Exit of Goodbyes",False,Sentai Filmworks,2023-11-03,2023-11-03,2023,2023-11-09,1,113777.0,False
1262,Lonesome Soldier,Lonesome Soldier,False,Military Movies,2023-11-03,2023-11-03,2023,2023-11-16,2,43030.0,True
1263,All Dirt Roads Taste of Salt,All Dirt Roads Taste of Salt,False,A24,2023-11-03,2023-11-03,2023,2023-11-30,4,52084.0,False
1264,Beyond Utopia,Beyond Utopia,False,Fathom Events,2023-11-03,2023-10-20,2023,2023-11-16,2,11716.0,True
1265,Subject,Subject,False,Greenwich Entertainment,2023-11-03,2023-11-03,2023,2023-11-23,3,15117.0,True
1266,Lucy and Whitney,Lucy and Whitney,False,Indican Pictures,2023-11-03,2023-11-03,2023,2023-11-16,2,7652.0,False
1267,At the Gates,At the Gates,False,Picturehouse,2023-11-03,2023-11-03,2023,2023-11-16,2,7552.0,False
1268,Landfill,Landfill,False,Indican Pictures,2023-11-03,2023-11-03,2023,2023-11-16,2,3020.0,True
1269,The Marvels,The Marvels,False,Walt Disney Studios Motion Pictures,2023-11-10,2023-11-10,2023,2024-01-04,8,84500223.0,True
1270,Tiger 3,Tiger 3,False,Yash Raj Films USA Inc.,2023-11-10,2023-11-10,2023,2023-11-30,3,5365263.0,True
1271,Journey to Bethlehem,Journey to Bethlehem,False,Affirm Films,2023-11-10,2023-11-10,2023,2024-01-04,8,6820796.0,False
1272,It's a Wonderful Knife,It's a Wonderful Knife,False,RLJ Entertainment,2023-11-10,2023-11-10,2023,2023-11-30,3,811818.0,False
1273,Dream Scenario,Dream Scenario,False,A24,2023-11-10,2023-11-10,2023,2024-02-15,13,5738650.0,True
1274,Orlando: My Political Biography,Orlando: My Political Biography,False,Sideshow Releasing,2023-11-10,2023-11-10,2023,2023-12-07,3,36145.0,False
1275,This Much We Know,This Much We Know,False,Oscilloscope,2023-11-10,2023-11-10,2023,2023-11-16,1,2296.0,False
1276,The Hunger Games: The Ballad of Songbirds & Snakes,The Hunger Games: The Ballad of Songbirds & Snakes,False,Lionsgate,2023-11-17,2023-11-17,2023,2024-02-01,11,166350594.0,False
1277,Trolls Band Together,Trolls Band Together,False,Universal Pictures,2023-11-17,2023-11-17,2023,2025-01-02,16,103270155.0,False
1278,Thanksgiving,Thanksgiving,False,TriStar Pictures,2023-11-17,2023-11-17,2023,2024-02-01,11,31908884.0,True
1279,Napoleon,Napoleon,False,Columbia Pictures,2023-11-17,2023-11-17,2023,2024-02-15,13,61524375.0,True
1280,Wish,Wish,False,Walt Disney Studios Motion Pictures,2023-11-17,2023-11-17,2023,2024-03-14,17,63973821.0,True
1281,Next Goal Wins,Next Goal Wins,False,Searchlight Pictures,2023-11-17,2023-11-17,2023,2023-12-21,5,6713826.0,False
1282,Saltburn,Saltburn,False,Amazon MGM Studios,2023-11-17,2023-11-17,2023,2024-01-11,8,11425829.0,True
1283,Fallen Leaves,Fallen Leaves,False,MUBI,2023-11-17,2023-11-17,2023,2023-12-28,6,618369.0,True
1284,The Stones and Brian Jones,The Stones and Brian Jones,False,Magnolia Pictures,2023-11-17,2023-11-17,2023,2023-12-21,5,57924.0,False
1285,The Disappearance of Shere Hite,The Disappearance of Shere Hite,False,,2023-11-17,2023-11-17,2023,2024-01-18,8,49124.0,False
1286,Delicatessen2023 Re-release,Delicatessen,True,Rialto Distribution,2023-11-17,2023-11-17,2023,2023-11-30,2,9070.0,True
1287,Monster,Monster,False,Well Go USA Entertainment,2023-11-24,2023-11-17,2023,2024-02-08,11,431884.0,True
1288,Peeping Tom2023 Re-release,Peeping Tom,True,,2023-11-24,2023-10-27,2023,2024-02-15,10,36598.0,True
1289,Deep Sea,Deep Sea,False,Viva Pictures,2023-11-24,2023-11-24,2023,2023-11-30,1,9575.0,True
1290,Smoke Sauna Sisterhood,Smoke Sauna Sisterhood,False,Greenwich Entertainment,2023-11-24,2023-11-24,2023,2024-02-01,9,30373.0,False
1291,"Black God, White Devil2023 Re-release","Black God, White Devil",True,Janus Films,2023-11-24,2023-11-17,2023,2023-11-30,1,7826.0,False
1292,You're All Gonna Die,You're All Gonna Die,False,Indican Pictures,2023-11-24,2023-11-24,2023,2023-12-14,3,3800.0,False
1293,Renaissance: A Film by Beyoncé,Renaissance: A Film by Beyoncé,False,AMC Theatres,2023-12-01,2023-12-01,2023,2024-01-11,6,33889684.0,False
1294,Godzilla Minus One,Godzilla Minus One,False,Toho,2023-12-01,2023-12-01,2023,2024-11-07,10,57144669.0,False
1295,Animal,Animal,False,,2023-12-01,2023-12-01,2023,2024-02-01,9,15004482.0,True
1296,The Shift,The Shift,False,Angel,2023-12-01,2023-12-01,2023,2024-03-07,14,12118219.0,True
1297,Silent Night,Silent Night,False,Lionsgate,2023-12-01,2023-12-01,2023,2024-01-04,5,8012103.0,True
1298,Monty Python and the Holy Grail2023 Re-release (48½th Anniversary),Monty Python and the Holy Grail,True,Iconic Events Releasing,2023-12-01,2023-12-01,2023,2023-12-07,1,734696.0,False
1299,Waitress: The Musical,Waitress: The Musical,False,Bleecker Street Media,2023-12-01,2023-12-01,2023,2023-12-21,3,5402148.0,False
1300,The Abyss4K - Special Edition,The Abyss4K - Special Edition,False,20th Century Studios,2023-12-01,2023-12-01,2023,2023-12-07,1,520104.0,False
1301,Eileen,Eileen,False,Neon,2023-12-01,2023-12-01,2023,2024-01-04,5,1435007.0,True
1302,The Sweet East,The Sweet East,False,Utopia,2023-12-01,2023-12-01,2023,2024-05-16,24,337152.0,False
1303,Teddy's Christmas,Teddy's Christmas,False,Capelight Pictures,2023-12-01,2023-12-01,2023,2023-12-14,2,38953.0,True
1304,Menus-Plaisirs - Les Troisgros,Menus-Plaisirs - Les Troisgros,False,Zipporah Films,2023-12-01,2023-11-17,2023,2024-03-07,11,140348.0,False
1305,La Syndicaliste,La Syndicaliste,False,Kino Lorber,2023-12-01,2023-12-01,2023,2024-02-08,8,30143.0,True
1306,Clean Slate2023 Re-release,Clean Slate,True,Rialto Pictures,2023-12-01,2023-12-01,2023,2024-01-11,3,11527.0,True
1307,How I Learned to Fly,How I Learned to Fly,False,Film Movement,2023-12-01,2023-12-01,2023,2023-12-07,1,5125.0,False
1308,The Boy and the Heron,The Boy and the Heron,False,GKIDS,2023-12-08,2023-12-08,2023,2024-05-23,24,46832867.0,False
1309,Die Hard2023 Re-release,Die Hard,True,20th Century Studios,2023-12-08,2023-12-08,2023,2023-12-21,2,2048453.0,True
1310,Poor Things,Poor Things,False,Searchlight Pictures,2023-12-08,2023-12-08,2023,2024-03-28,16,34553225.0,True
1311,Love Actually2023 Re-release,Love Actually,True,Universal Pictures,2023-12-08,2023-12-08,2023,2023-12-21,2,525266.0,True
1312,The Oath,The Oath,False,Freestyle Releasing,2023-12-08,2023-12-08,2023,2024-03-21,15,509470.0,True
1313,Origin,Origin,False,Neon,2023-12-08,2023-12-08,2023,2024-03-14,9,4689830.0,True
1314,Unit 262,Unit 262,False,Indican Pictures,2023-12-08,2023-12-08,2023,2024-02-01,3,160357.0,True
1315,SOMM: Cup of Salvation,SOMM: Cup of Salvation,False,Vitagraph Films,2023-12-08,2023-10-06,2023,2023-12-14,1,29638.0,False
1316,Day by Day: The Dynasty,Day by Day: The Dynasty,False,Utopia,2023-12-08,2023-12-08,2023,2023-12-28,3,12637.0,False
1317,Lord of Misrule,Lord of Misrule,False,Magnolia Pictures,2023-12-08,2023-12-08,2023,2023-12-21,2,3717.0,False
1318,Total Trust,Total Trust,False,Film Movement,2023-12-08,2023-12-08,2023,2023-12-14,1,5593.0,True
1319,Wonka,Wonka,False,Warner Bros.,2023-12-15,2023-12-15,2023,2024-04-04,16,218402312.0,True
1320,Dunki,Dunki,False,Yash Raj Films USA Inc.,2023-12-15,2023-12-15,2023,2024-01-04,3,7460159.0,True
1321,American Fiction,American Fiction,False,Metro-Goldwyn-Mayer (MGM),2023-12-15,2023-12-15,2023,2024-03-14,13,21098470.0,True
1322,The Zone of Interest,The Zone of Interest,False,A24,2023-12-15,2023-12-08,2023,2024-04-25,19,8659464.0,False
1323,Immediate Family,Immediate Family,False,Magnolia Pictures,2023-12-15,2023-12-15,2023,2024-01-18,5,66379.0,True
1324,Anselm,Anselm,False,Janus Films,2023-12-15,2023-12-08,2023,2024-04-04,15,508895.0,True
1325,Godard Cinema,Godard Cinema,False,Kino Lorber,2023-12-15,2023-12-15,2023,2024-02-22,9,23257.0,True
1326,The Kennedy Incident,The Kennedy Incident,False,Indican Pictures,2023-12-15,2023-12-15,2023,2023-12-21,1,6534.0,False
1327,Aquaman and the Lost Kingdom,Aquaman and the Lost Kingdom,False,Warner Bros.,2023-12-22,2023-12-22,2023,2024-03-14,12,124481226.0,False
1328,Migration,Migration,False,Universal Pictures,2023-12-22,2023-12-22,2023,2025-01-02,17,127630880.0,True
1329,The Color Purple,The Color Purple,False,Warner Bros.,2023-12-22,2023-12-22,2023,2024-02-22,9,60619191.0,False
1330,Anyone But You,Anyone But You,False,Columbia Pictures,2023-12-22,2023-12-22,2023,2024-04-18,17,88319668.0,False
1331,The Boys in the Boat,The Boys in the Boat,False,Amazon MGM Studios,2023-12-22,2023-12-22,2023,2024-03-14,12,52641306.0,False
1332,The Iron Claw,The Iron Claw,False,A24,2023-12-22,2023-12-22,2023,2024-02-29,10,35070222.0,False
1333,Salaar,Salaar,False,,2023-12-22,2023-12-22,2023,2024-02-01,6,8929282.0,True
1334,Ferrari,Ferrari,False,Neon,2023-12-22,2023-12-22,2023,2024-02-15,8,18550028.0,True
1335,All of Us Strangers,All of Us Strangers,False,Searchlight Pictures,2023-12-22,2023-12-22,2023,2024-03-07,11,4050103.0,False
1336,Casper,Casper,False,Universal Pictures,2023-12-22,1995-05-26,1995,2024-12-26,2,100836847.0,True
1337,Noryang: Deadly Sea,Noryang: Deadly Sea,False,Well Go USA Entertainment,2023-12-22,2023-12-22,2023,2024-02-08,7,315245.0,False
1338,Freud's Last Session,Freud's Last Session,False,Sony Pictures Releasing,2023-12-22,2023-12-22,2023,2024-03-28,14,906283.0,False
1339,The Teachers' Lounge,The Teachers' Lounge,False,Sony Pictures Classics,2023-12-22,2023-12-22,2023,2024-05-09,20,628218.0,False
1340,The Crime Is Mine,The Crime Is Mine,False,Music Box Films,2023-12-29,2023-12-22,2023,2024-08-08,23,122083.0,False
1341,Night Swim,Night Swim,False,Universal Pictures,2024-01-05,2024-01-05,2024,2024-03-14,10,32494740.0,True
1342,Weak Layers,Weak Layers,False,Greenwich Entertainment,2024-01-05,2024-01-05,2024,2024-02-15,6,154445.0,True
1343,Great Pretender: Razbliuto,Great Pretender: Razbliuto,False,Sony Pictures Releasing,2024-01-05,2024-01-05,2024,2024-01-11,1,22624.0,False
1344,Mayhem!,Mayhem!,False,IFC Films,2024-01-05,2024-01-05,2024,2024-01-11,1,8510.0,True
1345,Questions,Questions,False,Entertainment Squad,2024-01-05,2024-01-05,2024,2024-01-11,1,7181.0,True
1346,Mean Girls,Mean Girls,False,Paramount Pictures,2024-01-12,2024-01-12,2024,2024-03-07,8,72404248.0,True
1347,The Beekeeper,The Beekeeper,False,Metro-Goldwyn-Mayer (MGM),2024-01-12,2024-01-12,2024,2024-03-28,11,66220535.0,True
1348,The Book of Clarence,The Book of Clarence,False,Sony Pictures Releasing,2024-01-12,2024-01-12,2024,2024-02-22,6,6132813.0,False
1349,Soul,Soul,False,Walt Disney Studios Motion Pictures,2024-01-12,2024-01-12,2024,2024-01-25,2,946154.0,True
1350,I Did It My Way,I Did It My Way,False,Well Go USA Entertainment,2024-01-12,2024-01-12,2024,2024-02-08,4,196305.0,False
1351,Driving Madeleine,Driving Madeleine,False,Cohen Media Group,2024-01-12,2024-01-12,2024,2024-02-15,5,300646.0,True
1352,Household Saints2024 Re-release,Household Saints,True,Kino Lorber,2024-01-12,2024-01-12,2024,2024-07-04,22,38815.0,True
1353,Inshallah a Boy,Inshallah a Boy,False,Greenwich Entertainment,2024-01-12,2024-01-12,2024,2024-02-08,4,23069.0,False
1354,I.S.S.,I.S.S.,False,Bleecker Street Media,2024-01-19,2024-01-19,2024,2024-02-15,4,6573799.0,True
1355,Spider-Man: Across the Spider-Verse2024 Re-release,Spider-Man: Across the Spider-Verse,True,Sony Pictures Releasing,2024-01-19,2024-01-19,2024,2024-02-01,2,282435.0,False
1356,Inside the Yellow Cocoon Shell,Inside the Yellow Cocoon Shell,False,Kino Lorber,2024-01-19,2024-01-19,2024,2024-05-23,13,75056.0,False
1357,One from the Heart: Reprise2024 Re-release,One from the Heart: Reprise,True,Rialto Pictures,2024-01-19,2024-01-19,2024,2024-05-23,18,61076.0,False
1358,Pasang: In the Shadow of Everest,Pasang: In the Shadow of Everest,False,Slice of Pie,2024-01-19,2024-01-19,2024,2024-05-16,7,23675.0,False
1359,The Chosen: S4 Episodes 1-3,The Chosen: S4 Episodes 1-3,False,Fathom Events,2024-01-26,2024-01-26,2024,2024-03-28,4,14409169.0,False
1360,Fighter,Fighter,False,Viva Pictures,2024-01-26,2024-01-19,2024,2024-02-01,1,1000000.0,True
1361,Sometimes I Think About Dying,Sometimes I Think About Dying,False,Oscilloscope,2024-01-26,2024-01-26,2024,2024-02-22,4,130457.0,False
1362,Alienoid: The Return to the Future,Alienoid: The Return to the Future,False,Well Go USA Entertainment,2024-01-26,2024-01-26,2024,2024-02-08,2,57195.0,False
1363,Hundreds of Beavers,Hundreds of Beavers,False,SRH,2024-01-26,2024-01-26,2024,2026-09-17,111,938375.0,False
1364,The Peasants,The Peasants,False,Sony Pictures Classics,2024-01-26,2024-01-26,2024,2024-04-25,13,155188.0,True
1365,Totem,Totem,False,Janus Films,2024-01-26,2024-01-26,2024,2024-03-28,7,99015.0,True
1366,American Star,American Star,False,IFC Films,2024-01-26,2024-01-26,2024,2024-02-08,2,14523.0,True
1367,The Pianist2024 Re-release,The Pianist,True,Rialto Pictures,2024-01-26,2024-01-26,2024,2024-04-11,5,18173.0,True
1368,The Seeding,The Seeding,False,Magnet Releasing,2024-01-26,2024-01-26,2024,2024-02-08,2,4974.0,True
1369,Argylle,Argylle,False,Universal Pictures,2024-02-02,2024-02-02,2024,2024-03-21,7,45207275.0,True
1370,Jungle Bunch: Operation Meltdown,Jungle Bunch: Operation Meltdown,False,Viva Pictures,2024-02-02,2024-02-02,2024,2024-03-07,5,831200.0,False
1371,Scrambled,Scrambled,False,Lionsgate,2024-02-02,2024-02-02,2024,2024-02-29,4,422555.0,True
1372,The Promised Land,The Promised Land,False,Magnolia Pictures,2024-02-02,2024-02-02,2024,2024-03-07,5,257749.0,False
1373,Perfect Days,Perfect Days,False,Neon,2024-02-02,2024-02-02,2024,2024-05-16,15,3766668.0,True
1374,Fitting In,Fitting In,False,Blue Fox Entertainment,2024-02-02,2024-02-02,2024,2024-03-14,6,87995.0,True
1375,Bushman2024 Re-release,Bushman,True,Kino Lorber,2024-02-02,2024-02-02,2024,2024-05-30,14,31380.0,True
1376,Skin Deep,Skin Deep,False,Kino Lorber,2024-02-02,2024-02-02,2024,2024-04-18,7,10342.0,True
1377,Disco Boy,Disco Boy,False,Big World Pictures,2024-02-02,2024-02-02,2024,2024-04-11,5,11507.0,True
1378,Bob Marley: One Love,Bob Marley: One Love,False,Paramount Pictures,2024-02-09,2024-02-09,2024,2024-04-25,11,96893170.0,False
1379,Madame Web,Madame Web,False,Columbia Pictures,2024-02-09,2024-02-09,2024,2024-04-18,10,43817106.0,True
1380,Lisa Frankenstein,Lisa Frankenstein,False,Focus Features,2024-02-09,2024-02-09,2024,2024-03-07,4,9774285.0,True
1381,Out of Darkness,Out of Darkness,False,Bleecker Street Media,2024-02-09,2024-02-09,2024,2024-02-29,3,1951547.0,False
1382,Turning Red,Turning Red,False,Walt Disney Studios Motion Pictures,2024-02-09,2024-02-09,2024,2024-02-22,2,1399001.0,True
1383,The Chosen: S4 Episodes 4-6,The Chosen: S4 Episodes 4-6,False,Fathom Events,2024-02-09,2024-02-09,2024,2024-02-29,3,8927147.0,False
1384,DuneIMAX,DuneIMAX,False,IMAX,2024-02-09,2024-02-09,2024,2024-02-15,1,570000.0,True
1385,The Taste of Things,The Taste of Things,False,IFC Films,2024-02-09,2024-02-09,2024,2024-04-04,8,2644182.0,False
1386,The Monk and the Gun,The Monk and the Gun,False,A Contracorriente Films,2024-02-09,2024-02-02,2024,2024-05-09,13,165470.0,False
1387,Popular Theory,Popular Theory,False,Blue Fox Entertainment,2024-02-09,2024-02-09,2024,2024-03-21,5,38781.0,True
1388,Inheritance to Love,Inheritance to Love,False,Purdie Distribution,2024-02-09,2024-02-09,2024,2024-02-22,2,27305.0,False
1389,Ennio,Ennio,False,Music Box Films,2024-02-09,2024-02-09,2024,2024-10-17,15,80431.0,True
1390,Drift,Drift,False,Utopia,2024-02-09,2024-02-02,2024,2024-03-07,3,10077.0,True
1391,Sex-Positive,Sex-Positive,False,Entertainment Squad,2024-02-09,2024-02-09,2024,2024-02-22,2,3748.0,True
1392,Land of Bad,Land of Bad,False,The Avenue Entertainment,2024-02-16,2024-02-16,2024,2024-04-11,8,4620045.0,False
1393,2024 Oscar Nominated Short Films: Documentary,2024 Oscar Nominated Short Films: Documentary,False,ShortsTV,2024-02-16,2024-02-16,2024,2024-03-28,6,3162293.0,False
1394,Amélie2024 Re-release,Amélie,True,Sony Pictures Releasing,2024-02-16,2024-02-16,2024,2024-04-04,7,486945.0,True
1395,No Way Up,No Way Up,False,Nashe Kino,2024-02-16,2024-02-16,2024,2024-02-29,2,148582.0,False
1396,God & Country,God & Country,False,Oscilloscope,2024-02-16,2024-02-16,2024,2024-05-09,12,108385.0,False
1397,Altered Reality,Altered Reality,False,K Street Pictures,2024-02-16,2024-02-16,2024,2024-02-22,1,30800.0,True
1398,Nostalgia2024 Re-release,Nostalgia,True,Kino Lorber,2024-02-16,2024-02-16,2024,2024-11-07,32,262008.0,True
1399,Demon Slayer: Kimetsu No Yaiba - To the Hashira Training,Demon Slayer: Kimetsu No Yaiba - To the Hashira Training,False,Sony Pictures Releasing,2024-02-23,2024-02-23,2024,2024-04-18,8,17657658.0,False
1400,Ordinary Angels,Ordinary Angels,False,Lionsgate,2024-02-23,2024-02-23,2024,2024-04-04,6,19174421.0,True
1401,Drive-Away Dolls,Drive-Away Dolls,False,Focus Features,2024-02-23,2024-02-23,2024,2024-03-14,3,5028215.0,True
1402,The Chosen: S4 Episodes 7-8,The Chosen: S4 Episodes 7-8,False,Fathom Events,2024-02-23,2024-02-23,2024,2024-04-04,6,7729152.0,False
1403,Stopmotion,Stopmotion,False,IFC Films,2024-02-23,2024-02-23,2024,2024-03-21,4,789226.0,True
1404,Article 370,Article 370,False,,2024-02-23,2024-02-23,2024,2024-04-04,6,1088790.0,True
1405,Les Misérables2024 Re-release,Les Misérables,True,Universal Pictures,2024-02-23,2024-02-23,2024,2024-02-29,1,450370.0,True
1406,The Stolen Valley,The Stolen Valley,False,Blue Fox Entertainment,2024-02-23,2024-02-23,2024,2024-03-21,4,38909.0,False
1407,Red Right Hand,Red Right Hand,False,Magnolia Pictures,2024-02-23,2024-02-23,2024,2024-03-21,4,35368.0,False
1408,About Dry Grasses,About Dry Grasses,False,Sideshow Releasing,2024-02-23,2024-02-23,2024,2024-04-18,8,118955.0,False
1409,Isle of Hope,Isle of Hope,False,Aventura Entertainment,2024-02-23,2024-02-23,2024,2024-03-07,2,10217.0,False
1410,Golden Years,Golden Years,False,Music Box Films,2024-02-23,2024-02-23,2024,2024-07-11,14,17194.0,True
1411,The Invisible Fight,The Invisible Fight,False,Kino Lorber,2024-02-23,2024-02-23,2024,2024-05-30,9,14861.0,False
1412,They Shot the Piano Player,They Shot the Piano Player,False,Sony Pictures Releasing,2024-02-23,2024-02-23,2024,2024-05-09,11,59490.0,False
1413,Bring Him to Me,Bring Him to Me,False,Roadside Attractions,2024-02-23,2024-02-23,2024,2024-02-29,1,2301.0,False
1414,Dune: Part Two,Dune: Part Two,False,Warner Bros.,2024-03-01,2024-03-01,2024,2024-05-16,11,282144358.0,False
1415,Problemista,Problemista,False,A24,2024-03-01,2024-03-01,2024,2024-05-02,9,2503154.0,True
1416,Io Capitano,Io Capitano,False,Cohen Media Group,2024-03-01,2024-02-23,2024,2024-03-07,1,112022.0,True
1417,Shayda,Shayda,False,Sony Pictures Releasing,2024-03-01,2024-03-01,2024,2024-05-09,10,61617.0,True
1418,Amelia's Children,Amelia's Children,False,Magnolia Pictures,2024-03-01,2024-03-01,2024,2024-03-14,2,11073.0,True
1419,Kung Fu Panda 4,Kung Fu Panda 4,False,Universal Pictures,2024-03-08,2024-03-08,2024,2024-06-06,13,193590620.0,False
1420,Imaginary,Imaginary,False,Lionsgate,2024-03-08,2024-03-08,2024,2024-04-25,7,28009161.0,True
1421,Cabrini,Cabrini,False,Angel,2024-03-08,2024-03-08,2024,2024-07-11,17,19512134.0,True
1422,Yolo,Yolo,False,Sony Pictures Releasing,2024-03-08,2024-03-08,2024,2024-04-25,7,2001584.0,True
1423,Forty-Seven Days with Jesus,Forty-Seven Days with Jesus,False,Fathom Events,2024-03-08,2024-03-08,2024,2024-03-14,1,348317.0,False
1424,Love Lies Bleeding,Love Lies Bleeding,False,A24,2024-03-08,2024-03-08,2024,2024-05-02,8,8335797.0,False
1425,Accidental Texan,Accidental Texan,False,Roadside Attractions,2024-03-08,2024-03-08,2024,2024-05-23,11,292687.0,True
1426,High & Low - John Galliano,High & Low - John Galliano,False,MUBI,2024-03-08,2024-03-08,2024,2024-04-25,7,66039.0,False
1427,Glitter & Doom,Glitter & Doom,False,Music Box Films,2024-03-08,2024-03-01,2024,2024-06-13,11,18905.0,False
1428,Arthur the King,Arthur the King,False,Lionsgate,2024-03-15,2024-03-15,2024,2024-05-09,8,25049006.0,False
1429,One Life,One Life,False,Bleecker Street Media,2024-03-15,2024-03-15,2024,2024-05-16,9,5716885.0,True
1430,The American Society of Magical Negroes,The American Society of Magical Negroes,False,Focus Features,2024-03-15,2024-03-15,2024,2024-04-04,3,2480645.0,False
1431,The Ark and the Darkness,The Ark and the Darkness,False,Fathom Events,2024-03-15,2024-03-15,2024,2024-04-04,3,2097560.0,False
1432,Neon Genesis Evangelion: The End of Evangelion,Neon Genesis Evangelion: The End of Evangelion,False,GKIDS,2024-03-15,2024-03-15,2024,2024-03-28,2,1302300.0,False
1433,Snack Shack,Snack Shack,False,Republic Pictures,2024-03-15,2024-03-15,2024,2024-03-28,2,455708.0,True
1434,Exhuma,Exhuma,False,Well Go USA Entertainment,2024-03-15,2024-03-15,2024,2024-05-09,8,2274556.0,True
1435,The Big Risk2024 Re-release,The Big Risk,True,Rialto Distribution,2024-03-15,2024-03-15,2024,2024-05-09,6,37515.0,False
1436,Uproar,Uproar,False,Blue Fox Entertainment,2024-03-15,2024-03-15,2024,2024-05-30,10,26316.0,True
1437,Pastor's Kid,Pastor's Kid,False,Atlas Distribution Company,2024-03-15,2024-03-15,2024,2024-03-21,1,12215.0,True
1438,The Animal Kingdom,The Animal Kingdom,False,Magnolia Pictures,2024-03-15,2024-03-15,2024,2024-03-28,2,11767.0,False
1439,Club Zero,Club Zero,False,Film Movement,2024-03-15,2024-03-15,2024,2024-03-21,1,9453.0,True
1440,Prey,Prey,False,Vertical Entertainment,2024-03-15,2024-03-15,2024,2024-03-21,1,5336.0,True
1441,Remembering Gene Wilder,Remembering Gene Wilder,False,Kino Lorber,2024-03-15,2024-03-15,2024,2024-08-01,19,165708.0,False
1442,On the Adamant,On the Adamant,False,Kino Lorber,2024-03-15,2024-03-15,2024,2024-05-30,7,18332.0,False
1443,Ghostbusters: Frozen Empire,Ghostbusters: Frozen Empire,False,Sony Pictures Releasing,2024-03-22,2024-03-22,2024,2024-07-04,15,113376590.0,False
1444,Immaculate,Immaculate,False,Neon,2024-03-22,2024-03-22,2024,2024-05-02,6,15671307.0,True
1445,Late Night with the Devil,Late Night with the Devil,False,IFC Films,2024-03-22,2024-03-22,2024,2024-06-13,10,10001000.0,False
1446,Luca,Luca,False,Walt Disney Studios Motion Pictures,2024-03-22,2021-06-18,2021,2024-04-04,2,1324302.0,True
1447,Winnie-the-Pooh: Blood and Honey 2,Winnie-the-Pooh: Blood and Honey 2,False,Fathom Events,2024-03-22,2024-03-22,2024,2024-03-28,1,533144.0,False
1448,You Can Call Me Bill,You Can Call Me Bill,False,,2024-03-22,2024-03-22,2024,2024-04-04,2,480991.0,False
1449,Ghostbusters: Afterlife2024 Re-release,Ghostbusters: Afterlife,True,Sony Pictures Releasing,2024-03-22,2024-03-22,2024,2024-04-11,3,111292.0,True
1450,Carol Doda Topless at the Condor,Carol Doda Topless at the Condor,False,Picturehouse,2024-03-22,2024-03-22,2024,2024-04-11,3,99356.0,False
1451,Femme,Femme,False,Utopia,2024-03-22,2024-03-22,2024,2024-06-13,11,187053.0,True
1452,Free Time,Free Time,False,Cartilage Films,2024-03-22,2024-03-22,2024,2024-05-02,6,19664.0,True
1453,Do Not Expect Too Much from the End of the World,Do Not Expect Too Much from the End of the World,False,MUBI,2024-03-22,2024-03-22,2024,2024-04-25,5,68130.0,False
1454,The Heart Stays,The Heart Stays,False,Indican Pictures,2024-03-22,2024-03-22,2024,2024-12-19,7,26287.0,False
1455,Godzilla X Kong: The New Empire,Godzilla X Kong: The New Empire,False,Warner Bros.,2024-03-29,2024-03-29,2024,2024-06-06,10,196350016.0,False
1456,Tillu Square,Tillu Square,False,Friday Entertainment,2024-03-29,2024-03-29,2024,2024-04-04,1,1870000.0,True
1457,In the Land of Saints and Sinners,In the Land of Saints and Sinners,False,The Samuel Goldwyn Company,2024-03-29,2024-03-29,2024,2024-04-18,3,2258795.0,False
1458,Crew,Crew,False,Friday Entertainment,2024-03-29,2024-03-29,2024,2024-04-04,1,1500000.0,True
1459,The Goat Life,The Goat Life,False,AA Films,2024-03-29,2024-03-29,2024,2024-04-04,1,625000.0,False
1460,Asphalt City,Asphalt City,False,,2024-03-29,2024-03-29,2024,2024-04-11,2,220970.0,True
1461,A Cat's Life,A Cat's Life,False,Blue Fox Entertainment,2024-03-29,2024-03-29,2024,2024-06-20,9,144669.0,False
1462,A Fragile Flower,A Fragile Flower,False,Atlas Distribution Company,2024-03-29,2024-03-29,2024,2024-04-18,3,140300.0,False
1463,Wicked Little Letters,Wicked Little Letters,False,Sony Pictures Releasing,2024-03-29,2024-03-29,2024,2024-08-01,18,5008179.0,False
1464,La Chimera,La Chimera,False,Neon,2024-03-29,2024-03-29,2024,2024-08-22,20,1004503.0,True
1465,DogMan,DogMan,False,Briarcliff Entertainment,2024-03-29,2024-03-29,2024,2024-04-11,2,76395.0,True
1466,Le Samouraï,Le Samouraï,False,Janus Films,2024-03-29,2024-03-29,2024,2024-07-04,14,216696.0,True
1467,Ryuichi Sakamoto: Opus,Ryuichi Sakamoto: Opus,False,Janus Films,2024-03-29,2024-03-15,2024,2024-05-16,7,86554.0,False
1468,Karaoke,Karaoke,False,Greenwich Entertainment,2024-03-29,2024-03-29,2024,2024-04-11,2,11900.0,True
1469,Lousy Carter,Lousy Carter,False,Magnolia Pictures,2024-03-29,2024-03-29,2024,2024-04-11,2,11236.0,True
1470,Mind Body & Soul,Mind Body & Soul,False,Indican Pictures,2024-03-29,2024-03-29,2024,2024-04-11,2,8014.0,False
1471,The Windigo,The Windigo,False,Indican Pictures,2024-03-29,2024-03-29,2024,2024-11-07,5,11737.0,True
1472,Monkey Man,Monkey Man,False,Universal Pictures,2024-04-05,2024-04-05,2024,2024-05-16,6,25116955.0,True
1473,The First Omen,The First Omen,False,20th Century Studios,2024-04-05,2024-04-05,2024,2024-05-30,8,20092802.0,False
1474,Someone Like You,Someone Like You,False,Fathom Events,2024-04-05,2024-04-05,2024,2024-05-02,4,5937306.0,False
1475,SUGA: Agust D Tour 'D-DAY' the Movie,SUGA: Agust D Tour 'D-DAY' the Movie,False,Trafalgar Releasing,2024-04-05,2024-04-05,2024,2024-04-18,2,1951896.0,False
1476,Epic Tails,Epic Tails,False,Viva Pictures,2024-04-05,2024-04-05,2024,2024-04-11,1,355088.0,True
1477,Bade Miyan Chote Miyan,Bade Miyan Chote Miyan,False,Yash Raj Films USA Inc.,2024-04-05,2024-04-05,2024,2024-04-18,2,689505.0,False
1478,It's Only Life After All,It's Only Life After All,False,Oscilloscope,2024-04-05,2024-04-05,2024,2024-06-20,11,232803.0,False
1479,The Beast,The Beast,False,Janus Films,2024-04-05,2024-04-05,2024,2024-07-11,14,413978.0,True
1480,Housekeeping for Beginners,Housekeeping for Beginners,False,Focus Features,2024-04-05,2024-04-05,2024,2025-01-02,4,280510.0,False
1481,The Old Oak,The Old Oak,False,Kino Lorber,2024-04-05,2024-04-05,2024,2024-08-01,15,229763.0,False
1482,Chicken for Linda!,Chicken for Linda!,False,GKIDS,2024-04-05,2024-04-05,2024,2024-05-23,7,21500.0,False
1483,Civil War,Civil War,False,A24,2024-04-12,2024-04-12,2024,2024-06-27,11,68603430.0,True
1484,Shrek 22024 Re-release,Shrek 2,True,DreamWorks,2024-04-12,2024-04-12,2024,2024-05-02,3,3427910.0,True
1485,The Long Game,The Long Game,False,,2024-04-12,2024-04-12,2024,2024-05-23,6,3060040.0,False
1486,Sting,Sting,False,Well Go USA Entertainment,2024-04-12,2024-04-12,2024,2024-05-02,3,1123343.0,True
1487,Columbia 100th Anniversary SeriesColumbia 100th Anniversary Series,Columbia 1,True,Sony Pictures Releasing,2024-04-12,2024-04-12,2024,2024-06-13,9,6013515.0,True
1488,Arcadian,Arcadian,False,RLJ Entertainment,2024-04-12,2024-04-12,2024,2024-04-25,2,828919.0,True
1489,Escape from Germany,Escape from Germany,False,Susan Tuckett Media,2024-04-12,2024-04-12,2024,2024-09-19,23,2616475.0,False
1490,The Hopeful,The Hopeful,False,Fathom Events,2024-04-12,2024-04-12,2024,2024-04-25,2,273569.0,True
1491,Sasquatch Sunset,Sasquatch Sunset,False,Bleecker Street Media,2024-04-12,2024-04-12,2024,2024-05-16,5,1008662.0,True
1492,The Absence of Eden,The Absence of Eden,False,Vertical Entertainment,2024-04-12,2024-04-12,2024,2024-04-25,2,37265.0,False
1493,"Food, Inc. 2","Food, Inc. 2",False,Magnolia Pictures,2024-04-12,2024-04-12,2024,2024-04-25,2,26502.0,False
1494,Lost Angel: The Genius of Judee Sill,Lost Angel: The Genius of Judee Sill,False,Greenwich Entertainment,2024-04-12,2024-04-12,2024,2024-04-18,1,14463.0,False
1495,Omen,Omen,False,Utopia,2024-04-12,2024-04-12,2024,2024-06-06,8,10895.0,True
1496,Abigail,Abigail,False,Universal Pictures,2024-04-19,2024-04-19,2024,2024-05-30,6,25867515.0,True
1497,The Ministry of Ungentlemanly Warfare,The Ministry of Ungentlemanly Warfare,False,Lionsgate,2024-04-19,2024-04-19,2024,2024-05-30,6,20535053.0,False
1498,Spy x Family Code: White,Spy x Family Code: White,False,Crunchyroll,2024-04-19,2024-04-19,2024,2024-05-30,6,8110042.0,False
1499,Hard Miles,Hard Miles,False,Blue Fox Entertainment,2024-04-19,2024-04-19,2024,2024-07-11,11,386891.0,True
1500,We Grown Now,We Grown Now,False,Sony Pictures Releasing,2024-04-19,2024-04-19,2024,2024-06-27,10,296535.0,False
1501,Stress Positions,Stress Positions,False,Neon,2024-04-19,2024-04-19,2024,2024-05-16,4,105995.0,True
1502,Rajkumar,Rajkumar,False,Swapna Scarecrow,2024-04-19,2024-04-19,2024,2024-05-09,3,34512.0,True
1503,Challengers,Challengers,False,Amazon MGM Studios,2024-04-26,2024-04-26,2024,2024-06-27,9,50119408.0,True
1504,Unsung Hero,Unsung Hero,False,Lionsgate,2024-04-26,2024-04-26,2024,2024-06-13,7,20335239.0,True
1505,Alien2024 Re-release,Alien,True,Walt Disney Studios Motion Pictures,2024-04-26,2024-04-26,2024,2024-05-02,1,2305647.0,True
1506,Boy Kills World,Boy Kills World,False,Roadside Attractions,2024-04-26,2024-04-26,2024,2024-05-30,5,2626127.0,False
1507,The Mummy2024 Re-release,The Mummy,True,Universal Pictures,2024-04-26,2024-04-26,2024,2024-05-09,2,1579230.0,True
1508,The Roundup: Punishment,The Roundup: Punishment,False,Capelight Pictures,2024-04-26,2024-04-26,2024,2024-07-11,11,1154475.0,False
1509,Humane,Humane,False,IFC Films,2024-04-26,2024-04-26,2024,2024-05-09,2,44509.0,True
1510,The Feeling That the Time for Doing Something Has Passed,The Feeling That the Time for Doing Something Has Passed,False,Magnolia Pictures,2024-04-26,2024-04-26,2024,2024-06-27,9,82083.0,False
1511,Nowhere Special,Nowhere Special,False,Cohen Media Group,2024-04-26,2024-04-26,2024,2024-05-02,1,16812.0,True
1512,The Fall Guy,The Fall Guy,False,Universal Pictures,2024-05-03,2024-05-03,2024,2024-07-18,11,92900355.0,False
1513,Star Wars: Episode I - The Phantom Menace2024 Re-release,Star Wars: Episode I - The Phantom Menace,True,Walt Disney Studios Motion Pictures,2024-05-03,2024-05-03,2024,2024-05-30,4,13029994.0,False
1514,Tarot,Tarot,False,Screen Gems,2024-05-03,2024-05-03,2024,2024-07-04,9,18771004.0,True
1515,Dragonkeeper,Dragonkeeper,False,Viva Pictures,2024-05-03,2024-05-03,2024,2024-05-23,3,805091.0,True
1516,I Saw the TV Glow,I Saw the TV Glow,False,A24,2024-05-03,2024-05-03,2024,2024-07-18,11,5017817.0,False
1517,Mars Express,Mars Express,False,GKIDS,2024-05-03,2024-05-03,2024,2024-06-06,5,200581.0,True
1518,Irena's Vow,Irena's Vow,False,Quiver Distribution,2024-05-03,2024-04-12,2024,2024-06-06,5,1193687.0,True
1519,Evil Does Not Exist,Evil Does Not Exist,False,Janus Films,2024-05-03,2024-05-03,2024,2024-08-08,14,831685.0,False
1520,Wildcat,Wildcat,False,Oscilloscope,2024-05-03,2024-05-03,2024,2024-07-04,9,563591.0,True
1521,Thabo and the Rhino Case,Thabo and the Rhino Case,False,Purdie Distribution,2024-05-03,2024-05-03,2024,2024-05-30,4,46002.0,False
1522,Catching Fire: The Story of Anita Pallenberg,Catching Fire: The Story of Anita Pallenberg,False,Magnolia Pictures,2024-05-03,2024-05-03,2024,2024-05-30,4,14089.0,False
1523,Lost Soulz,Lost Soulz,False,Kino Lorber,2024-05-03,2024-05-03,2024,2024-06-06,5,23521.0,True
1524,Kingdom of the Planet of the Apes,Kingdom of the Planet of the Apes,False,20th Century Studios,2024-05-10,2024-05-10,2024,2024-08-15,14,171130165.0,False
1525,Not Another Church Movie,Not Another Church Movie,False,Briarcliff Entertainment,2024-05-10,2024-05-10,2024,2024-05-23,2,576243.0,False
1526,Poolman,Poolman,False,Vertical Entertainment,2024-05-10,2024-05-10,2024,2024-05-16,1,131000.0,True
1527,Shinda Shinda No Papa,Shinda Shinda No Papa,False,,2024-05-10,2024-05-10,2024,2024-05-16,1,124000.0,False
1528,Aggro Dr1ft,Aggro Dr1ft,False,EDGLRD,2024-05-10,2024-02-09,2024,2024-06-06,4,201351.0,True
1529,Force of Nature,Force of Nature,False,IFC Films,2024-05-10,2024-05-10,2024,2024-05-23,2,58690.0,False
1530,The Lavender Hill Mob,The Lavender Hill Mob,False,Rialto Pictures,2024-05-10,2024-05-10,2024,2024-05-30,3,16361.0,False
1531,Gasoline Rainbow,Gasoline Rainbow,False,MUBI,2024-05-10,2024-05-10,2024,2024-05-30,3,29068.0,True
1532,Return to Reason: Four Films by Man Ray,Return to Reason: Four Films by Man Ray,False,Janus Films,2024-05-10,2024-05-10,2024,2024-06-20,6,25490.0,False
1533,Stay with Us,Stay with Us,False,Film Movement,2024-05-10,2024-05-10,2024,2024-05-16,1,20236.0,False
1534,IF,IF,False,Paramount Pictures,2024-05-17,2024-05-17,2024,2024-07-18,9,111149917.0,True
1535,The Strangers: Chapter 1,The Strangers: Chapter 1,False,Lionsgate,2024-05-17,2024-05-17,2024,2024-07-04,7,35202562.0,False
1536,Back to Black,Back to Black,False,Focus Features,2024-05-17,2024-05-17,2024,2025-01-02,4,6178165.0,False
1537,The Blue Angels,The Blue Angels,False,Amazon MGM Studios,2024-05-17,2024-05-17,2024,2024-06-06,3,2560945.0,False
1538,Babes,Babes,False,Neon,2024-05-17,2024-05-17,2024,2024-07-11,8,3800038.0,True
1539,Taking Venice,Taking Venice,False,Kino Lorber,2024-05-17,2024-05-17,2024,2024-09-05,13,65334.0,True
1540,Furiosa: A Mad Max Saga,Furiosa: A Mad Max Saga,False,Warner Bros.,2024-05-24,2024-05-24,2024,2024-07-11,7,67475791.0,False
1541,The Garfield Movie,The Garfield Movie,False,Sony Pictures Releasing,2024-05-24,2024-05-24,2024,2024-09-05,15,91956547.0,False
1542,Sight,Sight,False,Angel,2024-05-24,2024-05-24,2024,2024-08-29,14,7206741.0,True
1543,Kidnapped: The Abduction of Edgardo Mortara,Kidnapped: The Abduction of Edgardo Mortara,False,Cohen Media Group,2024-05-24,2024-05-24,2024,2024-05-30,1,21008.0,False
1544,Solo,Solo,False,Music Box Films,2024-05-24,2024-05-24,2024,2024-06-27,5,13369.0,True
1545,Star Wars: Episode I - The Phantom Menace2012 3D Release,Star Wars: Episode I - The Phantom Menace,True,20th Century Fox,2024-05-24,2012-02-10,2012,2024-05-30,1,43458335.0,False
1546,Haikyu!! The Dumpster Battle,Haikyu!! The Dumpster Battle,False,Crunchyroll,2024-05-31,2024-05-31,2024,2024-07-11,6,7071622.0,False
1547,In a Violent Nature,In a Violent Nature,False,IFC Films,2024-05-31,2024-05-31,2024,2024-07-04,5,4229999.0,False
1548,Jesus Thirsts: The Miracle of the Eucharist,Jesus Thirsts: The Miracle of the Eucharist,False,Fathom Events,2024-05-31,2024-05-31,2024,2024-06-20,2,2927121.0,False
1549,Ezra,Ezra,False,Bleecker Street Media,2024-05-31,2024-05-31,2024,2024-06-27,4,2631450.0,True
1550,Summer Camp,Summer Camp,False,Roadside Attractions,2024-05-31,2024-05-31,2024,2024-08-15,11,2403638.0,True
1551,The Dead Don't Hurt,The Dead Don't Hurt,False,Shout! Factory,2024-05-31,2024-05-31,2024,2024-07-04,5,752964.0,False
1552,Young Woman and the Sea,Young Woman and the Sea,False,Walt Disney Studios Motion Pictures,2024-05-31,2024-05-31,2024,2024-06-06,1,500000.0,False
1553,Deer Camp '86,Deer Camp '86,False,Panoramic Pictures,2024-05-31,2024-05-31,2024,2024-06-13,2,58449.0,False
1554,Robot Dreams,Robot Dreams,False,Neon,2024-05-31,2024-05-31,2024,2024-08-22,12,875215.0,True
1555,Kajolrekha,Kajolrekha,False,Swapna Scarecrow,2024-05-31,2024-05-31,2024,2024-06-13,2,23687.0,True
1556,Flipside,Flipside,False,Oscilloscope,2024-05-31,2024-05-31,2024,2024-08-08,8,51940.0,True
1557,Know Your Place,Know Your Place,False,Blue Harbor Entertainment,2024-05-31,2024-05-24,2024,2024-12-12,13,53028.0,False
1558,Handling the Undead,Handling the Undead,False,Neon,2024-05-31,2024-05-31,2024,2024-06-13,2,26208.0,False
1559,What You Wish For,What You Wish For,False,Magnet Releasing,2024-05-31,2024-05-31,2024,2024-06-13,2,6279.0,False
1560,Bad Boys: Ride or Die,Bad Boys: Ride or Die,False,Sony Pictures Releasing,2024-06-07,2024-06-07,2024,2024-09-05,13,193573217.0,False
1561,The Watchers,The Watchers,False,Warner Bros.,2024-06-07,2024-06-07,2024,2024-07-11,5,19071404.0,True
1562,The Lord of the Rings: The Fellowship of the Ring2024 Re-release,The Lord of the Rings: The Fellowship of the Ring,True,Fathom Events,2024-06-07,2024-06-07,2024,2024-06-27,3,3256658.0,False
1563,The Lord of the Rings: The Two Towers2024 Re-release,The Lord of the Rings: The Two Towers,True,Fathom Events,2024-06-07,2024-06-07,2024,2024-06-27,3,2566412.0,False
1564,The Lord of the Rings: The Return of the King2024 Re-release,The Lord of the Rings: The Return of the King,True,Fathom Events,2024-06-07,2024-06-07,2024,2024-06-27,3,2450927.0,False
1565,Run Lola Run25th Anniversary,Run Lola Run,True,Sony Pictures Classics,2024-06-07,2024-06-07,2024,2024-07-11,5,379599.0,False
1566,School of Magical Animals 2,School of Magical Animals 2,False,Blue Fox Entertainment,2024-06-07,2024-06-07,2024,2024-07-04,4,45860.0,False
1567,I Used to Be Funny,I Used to Be Funny,False,Utopia,2024-06-07,2024-06-07,2024,2024-07-18,5,171756.0,False
1568,Tuesday,Tuesday,False,A24,2024-06-07,2024-06-07,2024,2024-07-18,6,706683.0,True
1569,Banel & Adama,Banel & Adama,False,Kino Lorber,2024-06-07,2024-06-07,2024,2024-10-03,14,49503.0,False
1570,Inside Out 2,Inside Out 2,False,Walt Disney Studios Motion Pictures,2024-06-14,2024-06-14,2024,2024-10-10,17,652980194.0,False
1571,Ghost: Rite Here Rite Now,Ghost: Rite Here Rite Now,False,Trafalgar Releasing,2024-06-14,2024-06-14,2024,2024-06-27,2,2647702.0,False
1572,Treasure,Treasure,False,Bleecker Street Media,2024-06-14,2024-06-14,2024,2024-06-27,2,541578.0,True
1573,Firebrand,Firebrand,False,Roadside Attractions,2024-06-14,2024-06-14,2024,2024-08-08,8,521366.0,True
1574,Jesus,Jesus,False,Iconic Events Releasing,2024-06-14,2024-06-14,2024,2024-07-04,3,417578.0,True
1575,Ghostlight,Ghostlight,False,IFC Films,2024-06-14,2024-06-14,2024,2024-08-15,9,697229.0,True
1576,Cora Bora,Cora Bora,False,Brainstorm Media,2024-06-14,2024-06-14,2024,2024-07-04,3,35040.0,True
1577,Shoeshine,Shoeshine,False,Janus Films,2024-06-14,2024-06-14,2024,2024-07-18,5,34677.0,True
1578,The Grab,The Grab,False,Magnolia Pictures,2024-06-14,2024-06-14,2024,2024-07-04,3,11984.0,True
1579,Naked Acts,Naked Acts,False,Kino Lorber,2024-06-14,2024-06-14,2024,2025-02-06,25,27385.0,True
1580,Summer Solstice,Summer Solstice,False,Cartilage Films,2024-06-14,2024-06-14,2024,2024-06-20,1,5472.0,True
1581,Just the Two of Us,Just the Two of Us,False,Music Box Films,2024-06-14,2024-06-14,2024,2024-07-18,4,3506.0,False
1582,The Bikeriders,The Bikeriders,False,Focus Features,2024-06-21,2024-06-21,2024,2025-01-02,7,21746895.0,True
1583,Thelma,Thelma,False,Magnolia Pictures,2024-06-21,2024-06-21,2024,2024-10-24,18,9002073.0,True
1584,The Exorcism,The Exorcism,False,Vertical Entertainment,2024-06-21,2024-06-21,2024,2024-07-04,2,4530418.0,True
1585,Kinds of Kindness,Kinds of Kindness,False,Searchlight Pictures,2024-06-21,2024-06-21,2024,2024-08-01,6,5038931.0,False
1586,Ghost in the Shell 2: Innocence2024 Re-release,Ghost in the Shell 2: Innocence,True,GKIDS,2024-06-21,2024-06-21,2024,2024-06-27,1,290178.0,False
1587,I Am: Celine Dion,I Am: Celine Dion,False,Amazon MGM Studios,2024-06-21,2024-06-21,2024,2024-06-27,1,283358.0,False
1588,Something to Stand for with Mike Rowe,Something to Stand for with Mike Rowe,False,Fathom Events,2024-06-21,2024-06-21,2024,2024-07-18,4,1358690.0,False
1589,Janet Planet,Janet Planet,False,A24,2024-06-21,2024-06-21,2024,2024-08-22,9,793638.0,True
1590,Green Border,Green Border,False,Kino Lorber,2024-06-21,2024-06-21,2024,2024-12-05,21,96595.0,True
1591,For Prophet,For Prophet,False,Integrity Releasing,2024-06-21,2024-06-21,2024,2024-06-27,1,9475.0,True
1592,Chestnut,Chestnut,False,Utopia,2024-06-21,2024-06-21,2024,2024-07-18,3,8631.0,True
1593,Midas,Midas,False,Entertainment Squad,2024-06-21,2024-06-21,2024,2024-08-15,8,28790.0,True
1594,A Quiet Place: Day One,A Quiet Place: Day One,False,Paramount Pictures,2024-06-28,2024-06-28,2024,2024-08-22,8,138930553.0,False
1595,Despicable Me 4,Despicable Me 4,False,Universal Pictures,2024-06-28,2024-06-28,2024,2024-10-10,15,361004205.0,False
1596,Horizon: An American Saga - Chapter 1,Horizon: An American Saga - Chapter 1,False,Warner Bros.,2024-06-28,2024-06-28,2024,2024-08-08,6,29035702.0,False
1597,Kalki 2898 AD,Kalki 2898 AD,False,Prathyangira Cinemas,2024-06-28,2024-06-21,2024,2024-07-18,3,18025351.0,False
1598,Sound of Hope: The Story of Possum Trot,Sound of Hope: The Story of Possum Trot,False,Angel,2024-06-28,2024-06-28,2024,2024-10-03,14,11647099.0,False
1599,Jatt & Juliet 3,Jatt & Juliet 3,False,Friday Entertainment,2024-06-28,2024-06-28,2024,2024-07-04,1,1515000.0,False
1600,Blue Lock: Episode Nagi,Blue Lock: Episode Nagi,False,Crunchyroll,2024-06-28,2024-06-28,2024,2024-07-18,3,1855384.0,False
1601,Daddio,Daddio,False,Sony Pictures Classics,2024-06-28,2024-06-28,2024,2024-10-24,16,987845.0,True
1602,Kill,Kill,False,Roadside Attractions,2024-06-28,2024-06-28,2024,2024-08-01,5,1171487.0,True
1603,Last Summer,Last Summer,False,Sideshow Releasing,2024-06-28,2024-06-28,2024,2024-08-29,9,174977.0,True
1604,The Small Back Room,The Small Back Room,False,Rialto Distribution,2024-06-28,2024-06-28,2024,2024-07-25,4,25091.0,False
1605,How to Come Alive with Norman Mailer,How to Come Alive with Norman Mailer,False,Kino Lorber,2024-06-28,2024-06-28,2024,2024-10-03,13,66974.0,False
1606,June Zero,June Zero,False,Cohen Media Group,2024-06-28,2024-06-28,2024,2024-07-18,3,29856.0,True
1607,The Vourdalak,The Vourdalak,False,Oscilloscope,2024-06-28,2024-06-28,2024,2024-08-22,7,46937.0,True
1608,MaXXXine,MaXXXine,False,A24,2024-07-05,2024-07-05,2024,2024-08-22,7,15097632.0,True
1609,Hijack 1971,Hijack 1971,False,Sony Pictures Releasing,2024-07-05,2024-07-05,2024,2024-08-01,4,242069.0,True
1610,Seven Samurai70th Anniversary 4K Re-Release,Seven Samurai,True,Janus Films,2024-07-05,2024-07-05,2024,2024-12-05,18,501629.0,True
1611,Mother Couch,Mother Couch,False,Film Movement,2024-07-05,2024-07-05,2024,2024-07-25,3,27332.0,True
1612,The Nature of Love,The Nature of Love,False,Music Box Films,2024-07-05,2024-07-05,2024,2025-03-27,12,24400.0,False
1613,Longlegs,Longlegs,False,Neon,2024-07-12,2024-07-12,2024,2024-10-31,12,74346140.0,True
1614,Fly Me to the Moon,Fly Me to the Moon,False,Columbia Pictures,2024-07-12,2024-07-12,2024,2024-09-05,8,20532222.0,False
1615,The Lion King2024 Re-release,The Lion King,True,Walt Disney Studios Motion Pictures,2024-07-12,2024-07-12,2024,2024-07-25,2,2195943.0,False
1616,Indian 2,Indian 2,False,-,2024-07-12,2024-07-12,2024,2024-07-18,1,1200000.0,True
1617,Touch,Touch,False,Focus Features,2024-07-12,2024-07-12,2024,2025-01-02,4,1174640.0,True
1618,Sing Sing,Sing Sing,False,A24,2024-07-12,2024-07-12,2024,2024-10-10,13,2403211.0,True
1619,Disciples in the Moonlight,Disciples in the Moonlight,False,Fathom Events,2024-07-12,2024-07-12,2024,2024-07-25,2,708379.0,False
1620,Dandelion,Dandelion,False,IFC Films,2024-07-12,2024-07-12,2024,2024-07-25,2,89433.0,True
1621,National Anthem,National Anthem,False,LD Entertainment,2024-07-12,2024-07-12,2024,2024-08-29,7,268183.0,True
1622,Eno,Eno,False,Film First Co.,2024-07-12,2024-07-12,2024,2024-07-18,1,14446.0,True
1623,Water Brother,Water Brother,False,Kinnane Brothers,2024-07-12,2024-07-05,2024,2024-08-15,4,78407.0,True
1624,The Convert,The Convert,False,Magnolia Pictures,2024-07-12,2024-07-12,2024,2024-08-01,3,5491.0,True
1625,Twisters,Twisters,False,Universal Pictures,2024-07-19,2024-07-19,2024,2024-10-10,12,267762265.0,True
1626,Bad Newz,Bad Newz,False,-,2024-07-19,2024-07-19,2024,2024-07-25,1,1069000.0,True
1627,Oddity,Oddity,False,Shudder,2024-07-19,2024-07-19,2024,2024-08-22,5,1200477.0,True
1628,Widow Clicquot,Widow Clicquot,False,Vertical Entertainment,2024-07-19,2024-07-19,2024,2024-09-19,9,1023984.0,True
1629,Crumb Catcher,Crumb Catcher,False,Music Box Films,2024-07-19,2024-07-19,2024,2024-10-17,7,39660.0,True
1630,Crossing,Crossing,False,MUBI,2024-07-19,2024-07-19,2024,2024-08-01,2,43540.0,True
1631,Great Absence,Great Absence,False,Gaga,2024-07-19,2024-07-19,2024,2024-07-25,1,10012.0,True
1632,50 km/h,50 km/h,False,,2024-07-19,2024-07-19,2024,2024-07-25,1,543.0,True
1633,Scream Therapy,Scream Therapy,False,Indican Pictures,2024-07-19,2024-07-19,2024,2024-08-22,5,10159.0,True
1634,Valleyheart,Valleyheart,False,Indican Pictures,2024-07-19,2024-07-19,2024,2024-08-01,2,5003.0,True
1635,Deadpool & Wolverine,Deadpool & Wolverine,False,Walt Disney Studios Motion Pictures,2024-07-26,2024-07-26,2024,2024-11-07,15,636745858.0,False
1636,The Fabulous Four,The Fabulous Four,False,Bleecker Street Media,2024-07-26,2024-07-26,2024,2024-08-15,3,2854291.0,False
1637,Raayan,Raayan,False,Prime Media Pictures,2024-07-26,2024-07-26,2024,2024-08-01,1,453000.0,True
1638,Dìdi,Dìdi,False,Focus Features,2024-07-26,2024-07-26,2024,2024-09-26,9,4839360.0,True
1639,The Time Masters,The Time Masters,False,Janus Films,2024-07-26,2024-07-26,2024,2024-09-12,7,43686.0,False
1640,Mapantsula2024 Re-release,Mapantsula,True,Film Movement,2024-07-26,2024-07-26,2024,2024-08-01,1,5683.0,True
1641,The Last Breath,The Last Breath,False,RLJ Entertainment,2024-07-26,2024-07-26,2024,2024-08-01,1,3214.0,False
1642,The Arctic Convoy,The Arctic Convoy,False,Magnolia Pictures,2024-07-26,2024-07-26,2024,2024-08-08,2,2869.0,False
1643,Trap,Trap,False,Warner Bros.,2024-08-02,2024-08-02,2024,2024-10-10,10,42777281.0,True
1644,Harold and the Purple Crayon,Harold and the Purple Crayon,False,Columbia Pictures,2024-08-02,2024-08-02,2024,2024-10-03,9,17640924.0,False
1645,The Firing Squad,The Firing Squad,False,Atlas Distribution Company,2024-08-02,2024-08-02,2024,2024-08-29,4,1757110.0,False
1646,PonyoStudio Ghibli Fest 2024,Ponyo,True,Fathom Events,2024-08-02,2024-08-02,2024,2024-08-08,1,800000.0,True
1647,Kneecap,Kneecap,False,Sony Pictures Releasing,2024-08-02,2024-08-02,2024,2024-10-10,10,1145143.0,True
1648,CatVideoFest 2024,CatVideoFest 2024,False,Oscilloscope,2024-08-02,2024-08-02,2024,2024-12-19,15,790134.0,True
1649,Coup!,Coup!,False,Greenwich Entertainment,2024-08-02,2024-08-02,2024,2024-09-12,6,166559.0,True
1650,Dark Feathers: Dance of the Geisha,Dark Feathers: Dance of the Geisha,False,Hannover House,2024-08-02,2024-08-02,2024,2024-08-22,3,38254.0,False
1651,Sebastian,Sebastian,False,Kino Lorber,2024-08-02,2024-08-02,2024,2024-11-28,13,65636.0,True
1652,War Game,War Game,False,Submarine Deluxe,2024-08-02,2024-08-02,2024,2024-10-03,9,111088.0,True
1653,Army of Shadows4K restoration,Army of Shadows,True,Rialto Pictures,2024-08-02,2024-08-02,2024,2024-11-28,12,90027.0,False
1654,It Ends with Us,It Ends with Us,False,Sony Pictures Releasing,2024-08-09,2024-08-09,2024,2024-11-07,13,148518266.0,False
1655,Borderlands,Borderlands,False,Lionsgate,2024-08-09,2024-08-09,2024,2024-09-05,4,15482668.0,True
1656,Cuckoo,Cuckoo,False,Neon,2024-08-09,2024-08-09,2024,2024-09-05,4,6217733.0,True
1657,Coraline15th Anniversary,Coraline,True,Fathom Events,2024-08-09,2024-08-09,2024,2024-09-19,6,33626425.0,True
1658,Twilight of the Warriors: Walled In,Twilight of the Warriors: Walled In,False,Well Go USA Entertainment,2024-08-09,2024-08-09,2024,2024-09-05,4,332942.0,False
1659,Sirocco and the Kingdom of the Winds,Sirocco and the Kingdom of the Winds,False,GKIDS,2024-08-09,2024-08-09,2024,2024-08-22,2,67498.0,False
1660,Good One,Good One,False,Metrograph Pictures,2024-08-09,2024-08-09,2024,2024-12-26,16,352135.0,True
1661,The Conversation2024 Re-release (50th Anniversary),The Conversation,True,Rialto Distribution,2024-08-09,2024-08-09,2024,2024-12-19,14,180394.0,True
1662,Dance First,Dance First,False,Magnolia Pictures,2024-08-09,2024-08-09,2024,2024-08-29,3,24914.0,True
1663,Sugarcane,Sugarcane,False,National Geographic Documentary Films,2024-08-09,2024-08-09,2024,2024-11-21,15,112251.0,True
1664,Alien: Romulus,Alien: Romulus,False,20th Century Studios,2024-08-16,2024-08-16,2024,2024-10-24,10,105313091.0,True
1665,Stree 2,Stree 2,False,Parthenos,2024-08-16,2024-08-16,2024,2024-08-22,1,2570000.0,True
1666,My Penguin Friend,My Penguin Friend,False,Roadside Attractions,2024-08-16,2024-08-16,2024,2024-11-07,12,2769460.0,False
1667,Ryan's World the Movie: Titan Universe Adventure,Ryan's World the Movie: Titan Universe Adventure,False,Falling Forward Films,2024-08-16,2024-08-16,2024,2024-09-05,3,613001.0,False
1668,Skincare,Skincare,False,IFC Films,2024-08-16,2024-08-16,2024,2024-09-05,3,456590.0,True
1669,Rob Peace,Rob Peace,False,-,2024-08-16,2024-08-16,2024,2024-08-29,2,383520.0,True
1670,LiSA LiVE is SMiLE ALWAYS -LANDER-,LiSA LiVE is SMiLE ALWAYS -LANDER-,False,Crunchyroll,2024-08-16,2024-08-16,2024,2024-08-22,1,60710.0,False
1671,Close to You,Close to You,False,Greenwich Entertainment,2024-08-16,2024-08-16,2024,2024-09-19,5,68389.0,False
1672,The Good Half,The Good Half,False,Fathom Events,2024-08-16,2024-07-19,2024,2024-09-05,3,151894.0,False
1673,Mountains,Mountains,False,Music Box Films,2024-08-16,2024-08-16,2024,2025-07-03,12,46954.0,True
1674,Red Island,Red Island,False,Film Movement,2024-08-16,2024-08-16,2024,2024-08-22,1,7398.0,True
1675,Blink Twice,Blink Twice,False,Amazon MGM Studios,2024-08-23,2024-08-23,2024,2024-10-03,6,23093906.0,True
1676,The Forge,The Forge,False,Affirm Films,2024-08-23,2024-08-23,2024,2024-11-28,14,29123632.0,True
1677,The Crow,The Crow,False,Lionsgate,2024-08-23,2024-08-23,2024,2024-09-12,3,9275659.0,True
1678,Strange Darling,Strange Darling,False,,2024-08-23,2024-08-23,2024,2024-10-03,6,3083595.0,True
1679,Between the Temples,Between the Temples,False,Sony Pictures Classics,2024-08-23,2024-08-23,2024,2024-11-07,11,2084122.0,False
1680,Close Your Eyes,Close Your Eyes,False,Film Movement,2024-08-23,2024-08-23,2024,2024-09-26,4,79017.0,False
1681,Revolver,Revolver,False,Well Go USA Entertainment,2024-08-23,2024-08-23,2024,2024-09-05,2,4137.0,True
1682,Reagan,Reagan,False,Showbiz Direct,2024-08-30,2024-08-30,2024,2024-10-24,8,30047417.0,True
1683,Afraid,Afraid,False,Sony Pictures Releasing,2024-08-30,2024-08-30,2024,2024-09-26,4,6725687.0,True
1684,Sight & Sound Presents: Daniel LIVE,Sight & Sound Presents: Daniel LIVE,False,Fathom Events,2024-08-30,2024-08-30,2024,2024-09-05,1,2629933.0,False
1685,1992,1992,False,Lionsgate,2024-08-30,2024-08-30,2024,2024-09-19,3,2906073.0,True
1686,City of Dreams,City of Dreams,False,Roadside Attractions,2024-08-30,2024-08-30,2024,2024-10-03,5,1713427.0,False
1687,You Gotta Believe,You Gotta Believe,False,Well Go USA Entertainment,2024-08-30,2024-08-30,2024,2024-09-19,3,1353189.0,False
1688,Shaun of the Dead2024 Re-release,Shaun of the Dead,True,Focus Features,2024-08-30,2024-08-30,2024,2024-09-12,2,789695.0,False
1689,Slingshot,Slingshot,False,Bleecker Street Media,2024-08-30,2024-08-30,2024,2024-09-12,2,735738.0,True
1690,The Wasp,The Wasp,False,Shout! Factory,2024-08-30,2024-08-30,2024,2024-09-12,2,36878.0,True
1691,"Paris, Texas2024 Re-release","Paris, Texas",True,Janus Films,2024-08-30,2024-08-30,2024,2024-11-14,10,240095.0,True
1692,Tokyo Cowboy,Tokyo Cowboy,False,Purdie Distribution,2024-08-30,2024-08-30,2024,2024-11-21,12,149575.0,True
1693,Out Come the Wolves,Out Come the Wolves,False,Shudder,2024-08-30,2024-08-30,2024,2024-09-05,1,9649.0,False
1694,Seeking Mavis Beacon,Seeking Mavis Beacon,False,Neon,2024-08-30,2024-08-30,2024,2024-09-19,3,52897.0,False
1695,Stranger and the Fog,Stranger and the Fog,False,Janus Films,2024-08-30,2024-08-30,2024,2024-09-12,2,11125.0,False
1696,Escape,Escape,False,Well Go USA Entertainment,2024-08-30,2024-07-05,2024,2024-09-05,1,259242.0,True
1697,The Falling Star,The Falling Star,False,Kino Lorber,2024-08-30,2024-08-30,2024,2024-11-14,8,10211.0,False
1698,Petrol,Petrol,False,Indican Pictures,2024-08-30,2024-08-30,2024,2025-01-23,5,12386.0,True
1699,Beetlejuice Beetlejuice,Beetlejuice Beetlejuice,False,Warner Bros.,2024-09-06,2024-09-06,2024,2024-11-28,12,294100435.0,True
1700,The Front Room,The Front Room,False,A24,2024-09-06,2024-09-06,2024,2024-11-07,9,3092269.0,False
1701,God's Not Dead: In God We Trust,God's Not Dead: In God We Trust,False,Fathom Events,2024-09-06,2024-09-06,2024,2024-09-26,3,3269322.0,False
1702,Red Rooms,Red Rooms,False,Utopia,2024-09-06,2024-09-06,2024,2024-10-03,3,82874.0,True
1703,The Concierge at Hokkyoku Department Store,The Concierge at Hokkyoku Department Store,False,Crunchyroll,2024-09-06,2024-09-06,2024,2024-09-12,1,36333.0,False
1704,¡Casa Bonita Mi Amor!,¡Casa Bonita Mi Amor!,False,MTV Documentary Films,2024-09-06,2024-09-06,2024,2024-10-10,5,128261.0,False
1705,The Cowboy and the Queen,The Cowboy and the Queen,False,Greenwich Entertainment,2024-09-06,2024-09-06,2024,2024-10-31,8,57589.0,False
1706,The Paragon,The Paragon,False,Music Box Films,2024-09-06,2024-09-06,2024,2024-11-21,3,4658.0,True
1707,Speak No Evil,Speak No Evil,False,Universal Pictures,2024-09-13,2024-09-13,2024,2024-11-07,8,36931420.0,False
1708,Am I Racist?,Am I Racist?,False,SDG Releasing,2024-09-13,2024-09-13,2024,2024-11-07,8,12311598.0,False
1709,The Killer's Game,The Killer's Game,False,Lionsgate,2024-09-13,2024-09-13,2024,2024-10-03,3,5404378.0,False
1710,Jung Kook: I Am Still,Jung Kook: I Am Still,False,Trafalgar Releasing,2024-09-13,2024-09-13,2024,2024-09-26,2,2574318.0,False
1711,DAN DA DAN: First Encounter,DAN DA DAN: First Encounter,False,GKIDS,2024-09-13,2024-09-13,2024,2024-10-03,3,1052679.0,False
1712,The Critic,The Critic,False,Greenwich Entertainment,2024-09-13,2024-09-13,2024,2024-10-31,7,449020.0,True
1713,My Old Ass,My Old Ass,False,Amazon MGM Studios,2024-09-13,2024-09-13,2024,2024-10-24,6,5372282.0,False
1714,Faith of Angels,Faith of Angels,False,Purdie Distribution,2024-09-13,2024-09-06,2024,2024-11-21,10,570027.0,False
1715,Trapezium,Trapezium,False,Crunchyroll,2024-09-13,2024-09-13,2024,2024-09-19,1,32541.0,True
1716,Music for Mushrooms,Music for Mushrooms,False,Area 23a,2024-09-13,2024-09-13,2024,2024-10-10,3,54178.0,False
1717,Alimañas,Alimañas,False,Sony Pictures Releasing,2024-09-13,2024-09-13,2024,2024-09-19,1,485.0,True
1718,Transformers One,Transformers One,False,Paramount Pictures,2024-09-20,2024-09-20,2024,2024-11-21,9,59054170.0,True
1719,Never Let Go,Never Let Go,False,Lionsgate,2024-09-20,2024-09-20,2024,2024-10-17,4,10306106.0,False
1720,The Substance,The Substance,False,MUBI,2024-09-20,2024-09-20,2024,2025-03-20,26,17584795.0,True
1721,Whiplash10th Anniversary,Whiplash,True,Sony Pictures Releasing,2024-09-20,2024-09-20,2024,2024-10-17,4,911391.0,True
1722,Howl's Moving Castle20th Anniversary – Studio Ghibli Fest 2024,Howl's Moving Castle,True,Fathom Events,2024-09-20,2024-09-20,2024,2024-10-03,2,2384690.0,False
1723,A Different Man,A Different Man,False,A24,2024-09-20,2024-09-20,2024,2024-11-07,7,654254.0,False
1724,The Shade,The Shade,False,Level 33 Entertainment,2024-09-20,2024-09-20,2024,2024-10-03,2,64812.0,True
1725,Omni Loop,Omni Loop,False,Magnolia Pictures,2024-09-20,2024-09-20,2024,2024-10-10,3,40269.0,True
1726,A Mistake,A Mistake,False,Quiver Distribution,2024-09-20,2024-09-20,2024,2024-09-26,1,30212.0,True
1727,The Featherweight,The Featherweight,False,mTuckman Media,2024-09-20,2024-09-20,2024,2024-10-10,3,22011.0,True
1728,In the Summers,In the Summers,False,Music Box Films,2024-09-20,2024-09-20,2024,2025-03-27,11,90443.0,False
1729,Happy Clothes: A Film About Patricia Field,Happy Clothes: A Film About Patricia Field,False,Greenwich Entertainment,2024-09-20,2024-09-20,2024,2024-10-10,3,17943.0,False
1730,Raye - My 21st Century Symphony,Raye - My 21st Century Symphony,False,Abramorama,2024-09-20,2024-09-20,2024,2024-09-26,1,10490.0,False
1731,Basquiat2024 Re-release,Basquiat,True,Janus Films,2024-09-20,2024-09-13,2024,2024-10-24,5,35204.0,True
1732,Eureka,Eureka,False,Film Movement,2024-09-20,2024-09-20,2024,2024-09-26,1,8596.0,True
1733,The Wild Robot,The Wild Robot,False,Universal Pictures,2024-09-27,2024-09-27,2024,2025-01-30,18,143901945.0,False
1734,Devara Part 1,Devara Part 1,False,Prathyangira Cinemas,2024-09-27,2024-09-20,2024,2024-10-03,1,5600000.0,False
1735,Megalopolis,Megalopolis,False,Lionsgate,2024-09-27,2024-09-27,2024,2024-10-24,4,7629085.0,True
1736,Lee,Lee,False,Roadside Attractions,2024-09-27,2024-09-27,2024,2024-12-12,11,2005488.0,True
1737,Vindicating Trump,Vindicating Trump,False,SDG Releasing,2024-09-27,2024-09-27,2024,2024-10-24,4,1372091.0,True
1738,Azrael,Azrael,False,Shudder,2024-09-27,2024-09-27,2024,2024-10-10,2,433861.0,True
1739,Saturday Night,Saturday Night,False,Sony Pictures Releasing,2024-09-27,2024-09-27,2024,2024-11-28,9,9511315.0,True
1740,"I, the Executioner","I, the Executioner",False,Blue Fox Entertainment,2024-09-27,2024-09-27,2024,2024-11-14,7,388067.0,False
1741,Sleep,Sleep,False,Magnolia Pictures,2024-09-27,2024-09-27,2024,2024-10-31,5,34221.0,True
1742,Food and Country,Food and Country,False,Greenwich Entertainment,2024-09-27,2024-09-27,2024,2024-10-24,4,11052.0,False
1743,Joker: Folie à Deux,Joker: Folie à Deux,False,Warner Bros.,2024-10-04,2024-10-04,2024,2024-11-14,6,58300287.0,False
1744,White Bird,White Bird,False,Lionsgate,2024-10-04,2024-10-04,2024,2024-11-14,6,5069171.0,True
1745,Sam and Colby: The Legends of the Paranormal,Sam and Colby: The Legends of the Paranormal,False,AMC Theatres,2024-10-04,2024-10-04,2024,2024-10-10,1,1755000.0,False
1746,Look Back,Look Back,False,GKIDS,2024-10-04,2024-10-04,2024,2024-12-12,10,2002270.0,True
1747,Monster Summer,Monster Summer,False,Pastime Pictures,2024-10-04,2024-10-04,2024,2024-11-14,6,1228186.0,True
1748,The Outrun,The Outrun,False,Sony Pictures Releasing,2024-10-04,2024-10-04,2024,2024-12-05,9,1025958.0,True
1749,Leap of Faith,Leap of Faith,False,Picturehouse Entertainment,2024-10-04,2024-10-04,2024,2024-10-10,1,39083.0,False
1750,Hotel Transylvania2024 Re-release,Hotel Transylvania,True,Sony Pictures Releasing,2024-10-04,2024-10-04,2024,2024-10-31,4,113257.0,True
1751,Daytime Revolution,Daytime Revolution,False,Kino Lorber,2024-10-04,2024-10-04,2024,2025-01-23,13,36977.0,True
1752,Nurse Unseen,Nurse Unseen,False,Ryan Bruce Levey Film Distribution and PR Services,2024-10-04,2024-10-04,2024,2024-10-24,3,38177.0,True
1753,Little Bites,Little Bites,False,IFC Films,2024-10-04,2024-10-04,2024,2024-10-10,1,9299.0,True
1754,Things Will Be Different,Things Will Be Different,False,Magnolia Pictures,2024-10-04,2024-10-04,2024,2024-10-17,2,7746.0,False
1755,Daaaaaali!,Daaaaaali!,False,Music Box Films,2024-10-04,2024-10-04,2024,2024-12-19,10,28509.0,True
1756,Terrifier 3,Terrifier 3,False,Cineverse,2024-10-11,2024-10-11,2024,2024-11-14,5,53981071.0,True
1757,Piece by Piece,Piece by Piece,False,Focus Features,2024-10-11,2024-10-11,2024,2024-11-14,5,9756635.0,False
1758,My Hero Academia: You're Next,My Hero Academia: You're Next,False,Toho,2024-10-11,2024-10-11,2024,2024-11-07,4,5041781.0,False
1759,The Nightmare Before Christmas2024 Re-release,The Nightmare Before Christmas,True,Walt Disney Studios Motion Pictures,2024-10-11,2024-10-11,2024,2024-11-07,4,6124705.0,False
1760,The Apprentice,The Apprentice,False,Briarcliff Entertainment,2024-10-11,2024-10-11,2024,2024-12-05,8,4001904.0,True
1761,We Live in Time,We Live in Time,False,A24,2024-10-11,2024-10-11,2024,2025-01-02,12,24692924.0,False
1762,Six Days in August,Six Days in August,False,Susan Tuckett Media,2024-10-11,2024-10-11,2024,2024-12-26,11,388683.0,False
1763,Bocchi the Rock! Recap Part 1,Bocchi the Rock! Recap Part 1,False,Crunchyroll,2024-10-11,2024-10-04,2024,2024-10-17,1,167948.0,False
1764,"Carville: Winning Is Everything, Stupid","Carville: Winning Is Everything, Stupid",False,Greenwich Entertainment,2024-10-11,2024-10-11,2024,2024-10-31,3,19207.0,False
1765,A Little Family Drama,A Little Family Drama,False,Atlas Distribution Company,2024-10-11,2024-10-11,2024,2024-10-24,2,8125.0,False
1766,The Cruise,The Cruise,False,Oscilloscope,2024-10-11,2024-10-11,2024,2024-12-19,5,19144.0,True
1767,Smile 2,Smile 2,False,Paramount Pictures,2024-10-18,2024-10-18,2024,2024-12-12,8,68967012.0,True
1768,Hocus Pocus2024 Re-release,Hocus Pocus,True,Walt Disney Studios Motion Pictures,2024-10-18,2024-10-18,2024,2024-11-07,3,1706986.0,True
1769,Goodrich,Goodrich,False,Ketchup Entertainment,2024-10-18,2024-10-18,2024,2024-11-07,3,1333431.0,True
1770,Anora,Anora,False,Neon,2024-10-18,2024-10-18,2024,2025-04-03,24,20474295.0,True
1771,Rumours,Rumours,False,Bleecker Street Media,2024-10-18,2024-10-18,2024,2024-10-31,2,571909.0,True
1772,Exhibiting Forgiveness,Exhibiting Forgiveness,False,Roadside Attractions,2024-10-18,2024-10-18,2024,2024-11-21,5,506520.0,True
1773,The Fall2024 Re-release,The Fall,True,MUBI,2024-10-18,2024-10-18,2024,2024-11-21,5,314516.0,True
1774,Ghostbusters2024 Re-release,Ghostbusters,True,Sony Pictures Releasing,2024-10-18,2024-10-18,2024,2024-10-31,2,61323.0,True
1775,Union,Union,False,Level Ground Productions,2024-10-18,2024-10-18,2024,2024-11-07,3,47883.0,True
1776,Kensuke's Kingdom,Kensuke's Kingdom,False,Blue Fox Entertainment,2024-10-18,2024-10-18,2024,2024-10-31,2,21033.0,True
1777,The Line,The Line,False,Utopia,2024-10-18,2024-10-18,2024,2024-11-14,4,37774.0,True
1778,The Burmese Harp,The Burmese Harp,False,Janus Films,2024-10-18,2024-10-18,2024,2024-11-14,4,20015.0,False
1779,Once Again (For the Very First Time),Once Again (For the Very First Time),False,Indican Pictures,2024-10-18,2024-10-18,2024,2024-12-19,9,29556.0,False
1780,The Last Video Store,The Last Video Store,False,Black Fawn Distribution,2024-10-18,2024-10-18,2024,2024-11-21,3,5631.0,False
1781,Venom: The Last Dance,Venom: The Last Dance,False,Sony Pictures Releasing,2024-10-25,2024-10-25,2024,2025-01-09,11,139755882.0,False
1782,Conclave,Conclave,False,Focus Features,2024-10-25,2024-10-25,2024,2025-03-06,19,32580655.0,True
1783,Your Monster,Your Monster,False,Vertical Entertainment,2024-10-25,2024-10-25,2024,2024-11-07,2,745652.0,True
1784,Let's Start a Cult,Let's Start a Cult,False,Dark Sky Films,2024-10-25,2024-10-25,2024,2024-11-21,4,104652.0,False
1785,Memoir of a Snail,Memoir of a Snail,False,IFC Films,2024-10-25,2024-10-25,2024,2025-02-13,16,669798.0,False
1786,Hocus Pocus2020 Re-release,Hocus Pocus,True,Walt Disney Studios Motion Pictures,2024-10-25,2020-10-02,2020,2024-10-31,1,43846.0,True
1787,Dahomey,Dahomey,False,MUBI,2024-10-25,2024-10-25,2024,2024-12-19,8,100959.0,True
1788,The Sacrifice2024 Re-release,The Sacrifice,True,Kino Lorber,2024-10-25,2024-10-25,2024,2025-09-04,30,141052.0,True
1789,Zurawski v Texas,Zurawski v Texas,False,HiddenLight Productions,2024-10-25,2024-10-25,2024,2024-10-31,1,12830.0,False
1790,Candy Mountain,Candy Mountain,False,Film Movement,2024-10-25,2024-10-25,2024,2024-10-31,1,7119.0,True
1791,Black Box Diaries,Black Box Diaries,False,MTV Documentary Films,2024-10-25,2024-10-25,2024,2024-11-28,5,22313.0,False
1792,The True Story of Tamara de Lempicka & The Art of Survival,The True Story of Tamara de Lempicka & The Art of Survival,False,East Meets West Productions,2024-10-25,2024-10-25,2024,2026-01-29,29,52684.0,False
1793,From Embers,From Embers,False,Indican Pictures,2024-10-25,2024-10-25,2024,2024-12-19,8,35826.0,True
1794,Here,Here,False,Sony Pictures Releasing,2024-11-01,2024-11-01,2024,2024-12-12,6,12237270.0,True
1795,Bhool Bhulaiyaa 3,Bhool Bhulaiyaa 3,False,,2024-11-01,2024-11-01,2024,2024-11-07,1,2230000.0,False
1796,Singham Again,Singham Again,False,-,2024-11-01,2024-11-01,2024,2024-11-07,1,2190000.0,True
1797,Absolution,Absolution,False,The Samuel Goldwyn Company,2024-11-01,2024-11-01,2024,2024-11-21,3,2716343.0,True
1798,Hitpig!,Hitpig!,False,Viva Pictures,2024-11-01,2024-11-01,2024,2024-11-21,3,2324019.0,True
1799,Lost on a Mountain in Maine,Lost on a Mountain in Maine,False,Blue Fox Entertainment,2024-11-01,2024-11-01,2024,2025-01-23,12,1101913.0,False
1800,A Real Pain,A Real Pain,False,Searchlight Pictures,2024-11-01,2024-11-01,2024,2025-03-06,18,8344978.0,False
1801,One Direction: This Is Us2024 Re-release,One Direction: This Is Us,True,Sony Pictures Releasing,2024-11-01,2024-11-01,2024,2024-11-21,3,263511.0,False
1802,The Carpenter,The Carpenter,False,Purdie Distribution,2024-11-01,2024-11-01,2024,2024-11-21,3,247568.0,True
1803,Soundtrack to a Coup d'Etat,Soundtrack to a Coup d'Etat,False,Kino Lorber,2024-11-01,2024-11-01,2024,2025-06-19,29,365318.0,False
1804,The Gutter,The Gutter,False,Magnolia Pictures,2024-11-01,2024-11-01,2024,2024-11-21,3,17750.0,True
1805,Let's Get Lost,Let's Get Lost,False,Kino Lorber,2024-11-01,2024-11-01,2024,2025-03-20,17,37424.0,False
1806,Starring Jerry as Himself,Starring Jerry as Himself,False,Greenwich Entertainment,2024-11-01,2024-11-01,2024,2024-11-14,2,9522.0,False
1807,Little Girl Blue,Little Girl Blue,False,Indican Pictures,2024-11-01,2024-11-01,2024,2025-01-23,12,45091.0,False
1808,The Best Christmas Pageant Ever,The Best Christmas Pageant Ever,False,Lionsgate,2024-11-08,2024-11-08,2024,2025-01-09,9,40048808.0,False
1809,Elevation,Elevation,False,Vertical Entertainment,2024-11-08,2024-11-08,2024,2024-11-21,2,2321801.0,True
1810,Overlord: The Sacred Kingdom,Overlord: The Sacred Kingdom,False,Sony Pictures Releasing,2024-11-08,2024-11-08,2024,2024-11-21,2,1650280.0,False
1811,Small Things Like These,Small Things Like These,False,Roadside Attractions,2024-11-08,2024-11-08,2024,2025-02-06,13,1600956.0,False
1812,Weekend in Taipei,Weekend in Taipei,False,Falling Forward Films,2024-11-08,2024-11-08,2024,2024-11-21,2,608034.0,False
1813,Christmas Eve in Miller's Point,Christmas Eve in Miller's Point,False,IFC Films,2024-11-08,2024-11-08,2024,2024-12-26,7,157305.0,False
1814,Bird,Bird,False,MUBI,2024-11-08,2024-11-08,2024,2024-12-19,6,147838.0,True
1815,Meanwhile on Earth,Meanwhile on Earth,False,Metrograph Pictures,2024-11-08,2024-11-08,2024,2024-11-21,2,40767.0,False
1816,Fighting Spirit: A Combat Chaplain's Journey,Fighting Spirit: A Combat Chaplain's Journey,False,Falling Forward Films,2024-11-08,2024-11-08,2024,2024-11-21,2,51421.0,False
1817,Il Grido2024 Re-release,Il Grido,True,Janus Films,2024-11-08,2024-11-08,2024,2024-11-21,2,16549.0,True
1818,Hippo,Hippo,False,,2024-11-08,2024-11-08,2024,2025-07-31,9,18398.0,True
1819,Red One,Red One,False,Amazon MGM Studios,2024-11-15,2024-11-15,2024,2025-01-09,8,97000759.0,True
1820,"Hello, Love, Again","Hello, Love, Again",False,,2024-11-15,2024-11-08,2024,2024-11-28,2,2625000.0,False
1821,Ghost Cat Anzu,Ghost Cat Anzu,False,GKIDS,2024-11-15,2024-11-15,2024,2024-12-05,3,218261.0,False
1822,Omar and Cedric: If This Ever Gets Weird,Omar and Cedric: If This Ever Gets Weird,False,Oscilloscope,2024-11-15,2024-11-15,2024,2024-12-19,2,75189.0,False
1823,All We Imagine as Light,All We Imagine as Light,False,Sideshow Releasing,2024-11-15,2024-11-15,2024,2025-04-03,20,1089677.0,False
1824,The World According to Allee Willis,The World According to Allee Willis,False,Magnolia Pictures,2024-11-15,2024-11-15,2024,2024-12-05,3,29689.0,False
1825,Breakup Season,Breakup Season,False,Smarthouse Creative,2024-11-15,2024-11-15,2024,2024-12-26,6,25088.0,True
1826,Wicked,Wicked,False,Universal Pictures,2024-11-22,2024-11-22,2024,2025-11-20,17,474983975.0,True
1827,Moana 2,Moana 2,False,Walt Disney Studios Motion Pictures,2024-11-22,2024-11-22,2024,2025-04-10,20,460405297.0,True
1828,Gladiator II,Gladiator II,False,Paramount Pictures,2024-11-22,2024-11-22,2024,2025-01-30,10,172438016.0,True
1829,Bonhoeffer,Bonhoeffer,False,Angel,2024-11-22,2024-11-22,2024,2025-03-13,16,12222383.0,True
1830,Queer,Queer,False,A24,2024-11-22,2024-11-22,2024,2025-01-23,9,3736813.0,True
1831,Flow,Flow,False,Janus Films,2024-11-22,2024-11-22,2024,2025-07-10,31,4844117.0,True
1832,Sabbath Queen,Sabbath Queen,False,,2024-11-22,2024-11-22,2024,2025-07-17,24,107647.0,True
1833,The Seed of the Sacred Fig,The Seed of the Sacred Fig,False,Neon,2024-11-22,2024-11-22,2024,2025-03-06,15,860139.0,False
1834,Porcelain War,Porcelain War,False,Picturehouse,2024-11-22,2024-11-22,2024,2024-12-05,2,25213.0,True
1835,Ernest Cole: Lost and Found,Ernest Cole: Lost and Found,False,Magnolia Pictures,2024-11-22,2024-11-22,2024,2025-02-13,12,58867.0,False
1836,The Black Sea,The Black Sea,False,Metrograph Pictures,2024-11-22,2024-11-22,2024,2025-01-16,7,25179.0,False
1837,For King + Country: A Drummer Boy Christmas - Live,For King + Country: A Drummer Boy Christmas - Live,False,Fathom Events,2024-11-29,2024-11-29,2024,2024-12-19,3,4227406.0,False
1838,The Wages of Fear2024 Re-release,The Wages of Fear,True,Janus Films,2024-11-29,2024-11-22,2024,2024-12-19,3,21228.0,False
1839,Heavier Trip,Heavier Trip,False,Music Box Films,2024-11-29,2024-11-29,2024,2024-12-12,2,11950.0,True
1840,Killer Unicorn,Killer Unicorn,False,Indican Pictures,2024-11-29,2019-06-14,2019,2024-12-19,3,38538.0,True
1841,Killer Raccoons! 2! Dark Christmas in the Dark!2024 Re-release,Killer Raccoons! 2! Dark Christmas in the Dark!,True,Indican Pictures,2024-11-29,2024-11-29,2024,2025-01-09,6,33360.0,False
1842,Pushpa: The Rule - Part 2,Pushpa: The Rule - Part 2,False,AA Films,2024-12-06,2024-11-29,2024,2024-12-19,2,13000000.0,False
1843,Interstellar2024 Re-release,Interstellar,True,Paramount Pictures,2024-12-06,2024-12-06,2024,2024-12-19,2,15207563.0,True
1844,Solo Leveling: ReAwakening,Solo Leveling: ReAwakening,False,Sony Pictures Releasing,2024-12-06,2024-12-06,2024,2024-12-12,1,3350693.0,False
1845,Y2K,Y2K,False,A24,2024-12-06,2024-12-06,2024,2025-01-23,7,4446596.0,True
1846,Werewolves,Werewolves,False,Briarcliff Entertainment,2024-12-06,2024-12-06,2024,2024-12-26,3,1903905.0,True
1847,The Order,The Order,False,Vertical Entertainment,2024-12-06,2024-12-06,2024,2025-01-09,5,2010901.0,True
1848,Laufey's A Night at the Symphony: Hollywood Bowl,Laufey's A Night at the Symphony: Hollywood Bowl,False,Trafalgar Releasing,2024-12-06,2024-12-06,2024,2024-12-12,1,845370.0,False
1849,"RM: Right People, Wrong Place","RM: Right People, Wrong Place",False,Variance Films,2024-12-06,2024-11-29,2024,2024-12-19,2,714120.0,False
1850,The Return,The Return,False,Bleecker Street Media,2024-12-06,2024-12-06,2024,2024-12-19,2,703979.0,True
1851,I Am the Immaculate Conception,I Am the Immaculate Conception,False,Fathom Events,2024-12-06,2024-12-06,2024,2024-12-19,2,661130.0,False
1852,Get Away,Get Away,False,IFC Films,2024-12-06,2024-12-06,2024,2024-12-19,2,179692.0,True
1853,"Oh, Canada","Oh, Canada",False,Kino Lorber,2024-12-06,2024-12-06,2024,2025-05-01,19,200980.0,True
1854,Day of the Fight,Day of the Fight,False,Falling Forward Films,2024-12-06,2024-12-06,2024,2025-01-09,5,76295.0,False
1855,The Umbrellas of Cherbourg2024 Re-release,The Umbrellas of Cherbourg,True,Janus Films,2024-12-06,2024-12-06,2024,2024-12-26,3,58044.0,False
1856,The End,The End,False,Neon,2024-12-06,2024-12-06,2024,2024-12-26,3,141660.0,True
1857,The Girl with the Needle,The Girl with the Needle,False,MUBI,2024-12-06,2024-12-06,2024,2025-03-13,14,112199.0,False
1858,Bad Shabbos,Bad Shabbos,False,Menemsha Films,2024-12-06,2024-12-06,2024,2025-10-16,42,1531728.0,True
1859,Lake George,Lake George,False,Magnolia Pictures,2024-12-06,2024-12-06,2024,2025-01-09,5,14678.0,True
1860,Hounds,Hounds,False,Indican Pictures,2024-12-06,2024-12-06,2024,2025-03-13,14,36002.0,True
1861,You Are Not Me,You Are Not Me,False,Music Box Films,2024-12-06,2024-12-06,2024,2024-12-19,2,4383.0,False
1862,Kraven the Hunter,Kraven the Hunter,False,Sony Pictures Releasing,2024-12-13,2024-12-13,2024,2025-02-13,9,25026310.0,False
1863,The Lord of the Rings: The War of the Rohirrim,The Lord of the Rings: The War of the Rohirrim,False,Warner Bros.,2024-12-13,2024-12-13,2024,2025-01-16,5,9158572.0,False
1864,White Christmas2024 Re-release (70th Anniversary),White Christmas,True,Fathom Events,2024-12-13,2024-12-13,2024,2024-12-19,1,1871796.0,True
1865,The Man in the White Van,The Man in the White Van,False,Relativity Media,2024-12-13,2024-12-13,2024,2025-01-09,4,515012.0,False
1866,A Silent Voice: The Movie2024 Re-release,A Silent Voice: The Movie,True,GKIDS,2024-12-13,2024-12-13,2024,2024-12-19,1,314966.0,False
1867,September 5,September 5,False,Paramount Pictures,2024-12-13,2024-12-13,2024,2025-02-13,9,2508723.0,True
1868,Nickel Boys,Nickel Boys,False,Amazon MGM Studios,2024-12-13,2024-12-13,2024,2025-03-13,13,2858346.0,True
1869,The Last Showgirl,The Last Showgirl,False,Roadside Attractions,2024-12-13,2024-12-13,2024,2025-04-03,13,4799804.0,False
1870,The Activated Man,The Activated Man,False,,2024-12-13,2024-12-13,2024,2024-12-19,1,28743.0,False
1871,Sonic the Hedgehog 3,Sonic the Hedgehog 3,False,Paramount Pictures,2024-12-20,2024-12-20,2024,2025-03-27,14,236115100.0,False
1872,Mufasa: The Lion King,Mufasa: The Lion King,False,Walt Disney Studios Motion Pictures,2024-12-20,2024-12-20,2024,2025-04-17,17,254567693.0,False
1873,Nosferatu,Nosferatu,False,Focus Features,2024-12-20,2024-12-20,2024,2025-02-20,9,95608235.0,True
1874,A Complete Unknown,A Complete Unknown,False,Searchlight Pictures,2024-12-20,2024-12-20,2024,2025-04-24,18,75001720.0,False
1875,Homestead,Homestead,False,Angel,2024-12-20,2024-12-20,2024,2025-03-20,13,20811864.0,True
1876,Babygirl,Babygirl,False,A24,2024-12-20,2024-12-20,2024,2025-03-13,11,28196732.0,True
1877,The Fire Inside,The Fire Inside,False,Amazon MGM Studios,2024-12-20,2024-12-20,2024,2025-01-23,5,8093190.0,False
1878,The Brutalist,The Brutalist,False,A24,2024-12-20,2024-12-20,2024,2025-03-20,13,16279129.0,True
1879,The Room Next Door,The Room Next Door,False,Sony Pictures Classics,2024-12-20,2024-12-20,2024,2025-04-03,15,2519488.0,False
1880,Los Frikis,Los Frikis,False,Falling Forward Films,2024-12-20,2024-12-20,2024,2025-01-23,5,164594.0,True
1881,Harbin,Harbin,False,Well Go USA Entertainment,2024-12-20,2024-12-20,2024,2025-02-13,8,950497.0,True
1882,The Count of Monte Cristo,The Count of Monte Cristo,False,The Samuel Goldwyn Company,2024-12-20,2024-12-20,2024,2025-02-06,7,529830.0,False
1883,Better Man,Better Man,False,Paramount Pictures,2024-12-20,2024-12-20,2024,2025-01-23,5,1983648.0,True
1884,Rear Window,Rear Window,False,Paramount Pictures,2024-12-27,1954-07-30,1954,2025-01-02,1,26963316.0,True
1885,Jaws,Jaws,False,Universal Pictures,2024-12-27,1975-06-20,1975,2025-01-02,1,260696045.0,True
1886,How the Grinch Stole Christmas,How the Grinch Stole Christmas,False,Universal Pictures,2024-12-27,2000-11-17,2000,2025-01-02,1,261231700.0,False
1887,Back to the Future,Back to the Future,False,Universal Pictures,2024-12-27,1985-06-28,1985,2025-01-02,1,212326307.0,False
1888,Back to the Future Part II,Back to the Future Part II,False,Universal Pictures,2024-12-27,1989-11-17,1989,2025-01-02,1,118811197.0,False
1889,Shrek,Shrek,False,DreamWorks Distribution,2024-12-27,2001-05-11,2001,2025-01-02,1,268200241.0,True
1890,Kung Fu Panda,Kung Fu Panda,False,DreamWorks,2024-12-27,2008-06-06,2008,2025-01-02,1,215727546.0,False
1891,The Grinch,The Grinch,False,Universal Pictures,2024-12-27,2018-11-09,2018,2025-01-02,1,271740675.0,True
1892,The Thing,The Thing,False,Universal Pictures,2024-12-27,1982-06-25,1982,2025-01-02,1,20063820.0,True
1893,The Big Lebowski2023 Re-release (25th Anniversary),The Big Lebowski,True,Fathom Events,2024-12-27,2023-04-14,2023,2025-01-02,1,187520.0,False
1894,Pride & Prejudice,Pride & Prejudice,False,Focus Features,2024-12-27,2005-11-11,2005,2025-01-02,1,38591603.0,False
1895,Psycho,Psycho,False,Paramount Pictures,2024-12-27,1960-06-10,1960,2025-01-02,1,32181230.0,True
1896,Vertigo,Vertigo,False,Paramount Pictures,2024-12-27,1958-05-09,1958,2025-01-02,1,158085.0,True
1897,The Land Before Time,The Land Before Time,False,Universal Pictures,2024-12-27,1988-11-18,1988,2025-01-02,1,48478716.0,False
1898,Scott Pilgrim vs. the World,Scott Pilgrim vs. the World,False,Universal Pictures,2024-12-27,2010-08-13,2010,2025-01-02,1,31657980.0,False
1899,Love Actually,Love Actually,False,Universal Pictures,2024-12-27,2003-11-07,2003,2025-01-02,1,59827019.0,True
1900,Shaun of the Dead,Shaun of the Dead,False,Rogue Pictures,2024-12-27,2004-09-24,2004,2025-01-02,1,13671664.0,False
1901,Shrek 2,Shrek 2,False,DreamWorks Distribution,2024-12-27,2004-05-14,2004,2025-01-02,1,441550292.0,True
1902,Dazed and Confused,Dazed and Confused,False,Gramercy Pictures (I),2024-12-27,1993-09-24,1993,2025-01-02,1,8249404.0,False
1903,Field of Dreams,Field of Dreams,False,Universal Pictures,2024-12-27,1989-04-21,1989,2025-01-02,1,64532235.0,False
1904,Bloody Axe Wound,Bloody Axe Wound,False,RLJ Entertainment,2024-12-27,2024-12-27,2024,2025-01-09,2,78076.0,False
1905,Vermiglio,Vermiglio,False,Janus Films,2024-12-27,2024-12-20,2024,2025-04-17,16,216786.0,True
1906,Santosh,Santosh,False,Metrograph Pictures,2024-12-27,2024-12-27,2024,2025-02-13,7,39075.0,True
1907,2073,2073,False,Neon,2024-12-27,2024-12-27,2024,2025-01-02,1,7125.0,True
1908,The Damned,The Damned,False,Vertical Entertainment,2025-01-03,2025-01-03,2025,2025-01-16,2,1342796.0,True
1909,Seven2025 Re-release,Seven,True,Warner Bros.,2025-01-03,2025-01-03,2025,2025-01-09,1,915000.0,True
1910,From Ground Zero,From Ground Zero,False,Watermelon Pictures,2025-01-03,2024-11-29,2024,2025-03-06,9,329226.0,False
1911,Den of Thieves: Pantera,Den of Thieves: Pantera,False,Lionsgate,2025-01-10,2025-01-10,2025,2025-02-20,6,36015016.0,False
1912,Game Changer,Game Changer,False,Shloka Entertainments,2025-01-10,2025-01-10,2025,2025-01-16,1,2100000.0,True
1913,Hard Truths,Hard Truths,False,Bleecker Street Media,2025-01-10,2025-01-10,2025,2025-02-13,5,808122.0,True
1914,Peter Pan's Neverland Nightmare,Peter Pan's Neverland Nightmare,False,Iconic Events Releasing,2025-01-10,2025-01-10,2025,2025-01-23,2,230515.0,False
1915,The Prosecutor,The Prosecutor,False,Well Go USA Entertainment,2025-01-10,2025-01-10,2025,2025-02-13,5,407965.0,True
1916,Extremely Unique Dynamic,Extremely Unique Dynamic,False,Strand Releasing,2025-01-10,2025-01-10,2025,2025-01-16,1,38207.0,False
1917,Oceans Are the Real Continents,Oceans Are the Real Continents,False,Film Movement,2025-01-10,2025-01-10,2025,2025-01-30,3,17154.0,False
1918,Every Little Thing,Every Little Thing,False,Kino Lorber,2025-01-10,2025-01-10,2025,2025-08-14,29,200679.0,False
1919,One of Them Days,One of Them Days,False,Sony Pictures Releasing,2025-01-17,2025-01-17,2025,2025-04-10,12,50054690.0,False
1920,Wolf Man,Wolf Man,False,Universal Pictures,2025-01-17,2025-01-17,2025,2025-02-20,5,20707280.0,True
1921,Sing Sing2025 Re-release,Sing Sing,True,,2025-01-17,2025-01-17,2025,2025-02-27,6,707265.0,True
1922,Countdown to UFC 311: Makhachev vs. Tsarukyan 2,Countdown to UFC 311: Makhachev vs. Tsarukyan 2,False,Iconic Events Releasing,2025-01-17,2025-01-17,2025,2025-01-23,1,334988.0,False
1923,Autumn and the Black Jaguar,Autumn and the Black Jaguar,False,Blue Fox Entertainment,2025-01-17,2025-01-17,2025,2025-01-23,1,546879.0,False
1924,I'm Still Here,I'm Still Here,False,Sony Pictures Classics,2025-01-17,2025-01-17,2025,2025-04-17,13,6233517.0,False
1925,Grand Theft Hamlet,Grand Theft Hamlet,False,MUBI,2025-01-17,2025-01-17,2025,2025-02-13,4,143543.0,False
1926,DIG! XX,DIG! XX,False,Oscilloscope,2025-01-17,2025-01-17,2025,2025-02-27,6,47086.0,True
1927,Both Eyes Open,Both Eyes Open,False,RodFather Productions,2025-01-17,2025-01-17,2025,2025-01-30,2,12013.0,False
1928,Night Call,Night Call,False,Magnolia Pictures,2025-01-17,2025-01-17,2025,2025-01-30,2,10980.0,True
1929,Girls Town2025 Re-release,Girls Town,True,Film Movement,2025-01-17,2025-01-17,2025,2025-01-30,2,8677.0,True
1930,Flight Risk,Flight Risk,False,Lionsgate,2025-01-24,2025-01-24,2025,2025-03-13,7,29783527.0,True
1931,Presence,Presence,False,Neon,2025-01-24,2025-01-24,2025,2025-02-20,4,6900044.0,True
1932,Brave the Dark,Brave the Dark,False,Angel,2025-01-24,2025-01-24,2025,2025-03-20,8,4525443.0,False
1933,The Colors Within,The Colors Within,False,GKIDS,2025-01-24,2025-01-17,2025,2025-02-13,3,557116.0,False
1934,Detective Chinatown 1900,Detective Chinatown 1900,False,CMC Pictures,2025-01-24,2025-01-24,2025,2025-03-27,9,2229946.0,False
1935,Inheritance,Inheritance,False,IFC Films,2025-01-24,2025-01-24,2025,2025-02-06,2,192223.0,True
1936,Liza: A Truly Terrific Absolutely True Story,Liza: A Truly Terrific Absolutely True Story,False,Zeitgeist Films,2025-01-24,2025-01-24,2025,2025-06-19,17,222775.0,False
1937,Blades in the Darkness,Blades in the Darkness,False,Indican Pictures,2025-01-24,2025-01-24,2025,2025-03-13,7,10072.0,False
1938,Dog Man,Dog Man,False,Universal Pictures,2025-01-31,2025-01-31,2025,2025-04-17,11,97970355.0,True
1939,Companion,Companion,False,Warner Bros.,2025-01-31,2025-01-31,2025,2025-03-13,6,20809101.0,True
1940,Creation of the Gods II: Demon Force,Creation of the Gods II: Demon Force,False,Well Go USA Entertainment,2025-01-31,2025-01-31,2025,2025-02-13,2,1826173.0,False
1941,Green and Gold,Green and Gold,False,Fathom Events,2025-01-31,2025-01-31,2025,2025-03-06,5,1719105.0,False
1942,Valiant One,Valiant One,False,Briarcliff Entertainment,2025-01-31,2025-01-31,2025,2025-02-20,3,1236630.0,True
1943,Love Me,Love Me,False,Bleecker Street Media,2025-01-31,2025-01-31,2025,2025-02-13,2,350841.0,True
1944,No Other Land,No Other Land,False,-,2025-01-31,2025-01-31,2025,2025-07-17,24,2549422.0,False
1945,Picnic at Hanging Rock2025 Re-release,Picnic at Hanging Rock,True,Janus Films,2025-01-31,2025-01-31,2025,2025-02-27,3,33630.0,False
1946,Swept Away2025 Re-release,Swept Away,True,Kino Lorber,2025-01-31,2025-01-31,2025,2025-05-22,13,25822.0,True
1947,2121: Once Upon a Time in the Future,2121: Once Upon a Time in the Future,False,Indican Pictures,2025-01-31,2025-01-31,2025,2025-04-24,12,25552.0,False
1948,Heart Eyes,Heart Eyes,False,Sony Pictures Releasing,2025-02-07,2025-02-07,2025,2025-04-03,8,30415738.0,True
1949,Love Hurts,Love Hurts,False,Universal Pictures,2025-02-07,2025-02-07,2025,2025-03-13,5,15683090.0,True
1950,Becoming Led Zeppelin,Becoming Led Zeppelin,False,Sony Pictures Classics,2025-02-07,2025-02-07,2025,2025-05-22,15,10403353.0,False
1951,Attack on Titan: The Last Attack,Attack on Titan: The Last Attack,False,Sony Pictures Releasing,2025-02-07,2025-02-07,2025,2026-05-21,7,3638404.0,False
1952,Parasite2025 Re-release,Parasite,True,IMAX,2025-02-07,2025-02-07,2025,2025-02-13,1,478148.0,True
1953,Bring Them Down,Bring Them Down,False,MUBI,2025-02-07,2025-02-07,2025,2025-02-27,3,336339.0,False
1954,Dark Nuns,Dark Nuns,False,Well Go USA Entertainment,2025-02-07,2025-02-07,2025,2025-02-13,1,86836.0,True
1955,Parthenope,Parthenope,False,A24,2025-02-07,2025-02-07,2025,2025-03-13,5,289303.0,True
1956,Armand,Armand,False,IFC Films,2025-02-07,2025-02-07,2025,2025-03-06,4,109061.0,True
1957,A Woman Is a Woman2025 Re-release,A Woman Is a Woman,True,Rialto Pictures,2025-02-07,2025-02-07,2025,2025-05-22,13,107869.0,False
1958,I Love You Forever,I Love You Forever,False,Utopia,2025-02-07,2025-02-07,2025,2025-02-13,1,11131.0,False
1959,When I'm Ready,When I'm Ready,False,Briarcliff Entertainment,2025-02-07,2025-02-07,2025,2025-02-20,2,11372.0,False
1960,Captain America: Brave New World,Captain America: Brave New World,False,Walt Disney Studios Motion Pictures,2025-02-14,2025-02-14,2025,2025-05-22,14,200500001.0,False
1961,Paddington in Peru,Paddington in Peru,False,Sony Pictures Releasing,2025-02-14,2025-02-14,2025,2025-04-17,9,45770312.0,False
1962,Ne Zha 2,Ne Zha 2,False,CMC Pictures,2025-02-14,2025-02-14,2025,2025-09-04,10,23308176.0,False
1963,Chhaava,Chhaava,False,Yash Raj Films,2025-02-14,2025-02-14,2025,2025-02-27,2,4800000.0,True
1964,2025 Oscar Nominated Short Films: Live Action,2025 Oscar Nominated Short Films: Live Action,False,ShortsTV,2025-02-14,2025-02-14,2025,2025-04-03,7,3275477.0,False
1965,Universal Language,Universal Language,False,Oscilloscope,2025-02-14,2025-02-14,2025,2025-04-03,7,215249.0,True
1966,The Annihilation of Fish2025 Re-release,The Annihilation of Fish,True,Kino Lorber,2025-02-14,2025-02-14,2025,2025-09-04,23,70840.0,False
1967,The Vortex,The Vortex,False,Moon Howler,2025-02-14,2025-02-14,2025,2025-04-03,6,7528.0,True
1968,The Monkey,The Monkey,False,Neon,2025-02-21,2025-02-21,2025,2025-04-17,8,39724909.0,True
1969,The Unbreakable Boy,The Unbreakable Boy,False,Lionsgate,2025-02-21,2025-02-21,2025,2025-03-27,5,6443813.0,False
1970,Cleaner,Cleaner,False,Quiver Distribution,2025-02-21,2025-02-21,2025,2025-03-20,4,794091.0,True
1971,Legends of the Condor Heroes: The Gallants,Legends of the Condor Heroes: The Gallants,False,Sony Pictures Releasing,2025-02-21,2025-02-21,2025,2025-03-20,4,671343.0,False
1972,Love & Pop,Love & Pop,False,GKIDS,2025-02-21,2025-02-21,2025,2025-06-05,13,91796.0,False
1973,Ex-Husbands,Ex-Husbands,False,Greenwich Entertainment,2025-02-21,2025-02-21,2025,2025-03-27,5,186892.0,True
1974,Compensation2025 Re-release,Compensation,True,Janus Films,2025-02-21,2025-02-14,2025,2025-03-06,2,11403.0,True
1975,The Quiet Ones,The Quiet Ones,False,Magnolia Pictures,2025-02-21,2025-02-21,2025,2025-03-06,2,2813.0,False
1976,Invader,Invader,False,Music Box Films,2025-02-21,2025-02-21,2025,2025-03-06,2,2353.0,True
1977,Rounding,Rounding,False,Music Box Films,2025-02-21,2025-02-14,2025,2025-02-27,1,4745.0,True
1978,Last Breath,Last Breath,False,Focus Features,2025-02-28,2025-02-28,2025,2025-04-10,6,21051180.0,True
1979,Riff Raff,Riff Raff,False,Roadside Attractions,2025-02-28,2025-02-21,2025,2025-04-10,6,1862519.0,True
1980,Mobile Suit Gundam GQuuuuuuX: Beginning,Mobile Suit Gundam GQuuuuuuX: Beginning,False,GKIDS,2025-02-28,2025-02-28,2025,2025-03-20,3,1223881.0,False
1981,My Dead Friend Zoe,My Dead Friend Zoe,False,Briarcliff Entertainment,2025-02-28,2025-02-28,2025,2025-03-20,3,1250703.0,False
1982,A Sloth Story,A Sloth Story,False,Blue Fox Entertainment,2025-02-28,2025-02-28,2025,2025-03-13,2,325449.0,False
1983,Superboys of Malegaon,Superboys of Malegaon,False,Amazon MGM Studios,2025-02-28,2025-02-28,2025,2025-03-06,1,148203.0,False
1984,Brothers After War,Brothers After War,False,SDG Releasing,2025-02-28,2025-02-28,2025,2025-04-03,5,174932.0,False
1985,The Accidental Getaway Driver,The Accidental Getaway Driver,False,Utopia,2025-02-28,2025-02-28,2025,2025-03-20,3,63435.0,False
1986,Unholy Song,Unholy Song,False,Hemdale,2025-02-28,2025-02-28,2025,2025-04-17,5,40724.0,True
1987,There's Still Tomorrow,There's Still Tomorrow,False,Greenwich Entertainment,2025-02-28,2025-02-28,2025,2025-04-24,8,180426.0,False
1988,Mickey 17,Mickey 17,False,Warner Bros.,2025-03-07,2025-03-07,2025,2025-04-24,7,46047147.0,True
1989,Rule Breakers,Rule Breakers,False,Angel,2025-03-07,2025-03-07,2025,2025-04-10,5,2969825.0,True
1990,In the Lost Lands,In the Lost Lands,False,Vertical Entertainment,2025-03-07,2025-03-07,2025,2025-03-27,3,1870305.0,False
1991,Night of the Zoopocalypse,Night of the Zoopocalypse,False,Viva Pictures,2025-03-07,2025-03-07,2025,2025-03-27,3,2108907.0,False
1992,Queen of the Ring,Queen of the Ring,False,Sumerian Films,2025-03-07,2025-03-07,2025,2025-05-15,7,657661.0,False
1993,The Rule of Jenny Pen,The Rule of Jenny Pen,False,IFC Films,2025-03-07,2025-03-07,2025,2025-03-20,2,433817.0,False
1994,Seven Veils,Seven Veils,False,XYZ Films,2025-03-07,2025-03-07,2025,2025-03-20,2,116734.0,True
1995,Eephus,Eephus,False,Music Box Films,2025-03-07,2025-03-07,2025,2026-03-26,25,528755.0,True
1996,On Becoming a Guinea Fowl,On Becoming a Guinea Fowl,False,A24,2025-03-07,2025-03-07,2025,2025-04-03,4,166851.0,False
1997,The Visitor2025 Re-release,The Visitor,True,Utopia,2025-03-07,2025-03-07,2025,2025-03-27,3,15870.0,True
1998,F*** Marry Kill,F*** Marry Kill,False,Lionsgate,2025-03-07,2025-03-07,2025,2025-03-13,1,9631.0,False
1999,The Empire,The Empire,False,Kino Lorber,2025-03-07,2025-03-07,2025,2025-06-05,9,20221.0,True
2000,The Boondock Saints2025 Re-release,The Boondock Saints,True,Indican Pictures,2025-03-07,2025-03-07,2025,2026-04-30,25,21879.0,False
2001,Novocaine,Novocaine,False,Paramount Pictures,2025-03-14,2025-03-14,2025,2025-04-10,4,19861854.0,True
2002,Black Bag,Black Bag,False,Focus Features,2025-03-14,2025-03-14,2025,2025-05-01,7,21474035.0,True
2003,The Day the Earth Blew Up: A Looney Tunes Movie,The Day the Earth Blew Up: A Looney Tunes Movie,False,Ketchup Entertainment,2025-03-14,2025-03-14,2025,2025-05-01,7,8875344.0,False
2004,The Last Supper,The Last Supper,False,-,2025-03-14,2025-03-14,2025,2025-04-24,6,6564857.0,False
2005,Opus,Opus,False,A24,2025-03-14,2025-03-14,2025,2025-04-03,3,1993397.0,True
2006,October 8,October 8,False,Briarcliff Entertainment,2025-03-14,2025-03-14,2025,2025-05-15,9,1368458.0,True
2007,The Actor,The Actor,False,Neon,2025-03-14,2025-03-14,2025,2025-03-27,2,42753.0,True
2008,An Unfinished Film,An Unfinished Film,False,Film Movement,2025-03-14,2025-03-14,2025,2025-05-22,10,85742.0,False
2009,El,El,False,Janus Films,2025-03-14,2025-03-14,2025,2025-03-27,2,19359.0,True
2010,Borderline,Borderline,False,Magnolia Pictures,2025-03-14,2025-03-14,2025,2025-03-27,2,13847.0,True
2011,Prisoners of Fire,Prisoners of Fire,False,Purdie Distribution,2025-03-14,2025-03-14,2025,2025-03-27,2,8161.0,False
2012,AUM: The Cult at the End of the World,AUM: The Cult at the End of the World,False,Greenwich Entertainment,2025-03-14,2025-03-14,2025,2025-03-27,2,8268.0,False
2013,Snow White,Snow White,False,Walt Disney Studios Motion Pictures,2025-03-21,2025-03-21,2025,2025-06-05,11,87203963.0,True
2014,The Alto Knights,The Alto Knights,False,Warner Bros.,2025-03-21,2025-03-21,2025,2025-04-10,3,6103664.0,False
2015,Locked,Locked,False,The Avenue Entertainment,2025-03-21,2025-03-21,2025,2025-04-10,3,1632758.0,True
2016,Ash,Ash,False,Shudder,2025-03-21,2025-03-21,2025,2025-04-10,3,1083743.0,True
2017,Magazine Dreams,Magazine Dreams,False,Briarcliff Entertainment,2025-03-21,2025-03-21,2025,2025-04-10,3,1166243.0,True
2018,The Assessment,The Assessment,False,Magnolia Pictures,2025-03-21,2025-03-21,2025,2025-04-10,3,279328.0,True
2019,Bob Trevino Likes It,Bob Trevino Likes It,False,Roadside Attractions,2025-03-21,2025-03-21,2025,2025-06-05,11,534372.0,False
2020,Secret Mall Apartment,Secret Mall Apartment,False,Wheelhouse Creative,2025-03-21,2025-03-21,2025,2025-08-07,19,849145.0,False
2021,Misericordia,Misericordia,False,Variance Films,2025-03-21,2025-03-21,2025,2025-06-12,12,181451.0,True
2022,Popeye the Slayer Man,Popeye the Slayer Man,False,Vantage Media,2025-03-21,2025-03-21,2025,2025-04-03,2,7134.0,False
2023,Being Maria,Being Maria,False,Kino Lorber,2025-03-21,2025-03-21,2025,2025-05-29,10,20024.0,True
2024,A Working Man,A Working Man,False,Amazon MGM Studios,2025-03-28,2025-03-28,2025,2025-05-22,8,37000711.0,False
2025,The Chosen: Last Supper,The Chosen: Last Supper,False,-,2025-03-28,2025-03-28,2025,2025-05-01,5,20257290.0,False
2026,The Woman in the Yard,The Woman in the Yard,False,Universal Pictures,2025-03-28,2025-03-28,2025,2025-05-01,5,22405985.0,False
2027,Death of a Unicorn,Death of a Unicorn,False,A24,2025-03-28,2025-03-28,2025,2025-05-01,5,12899252.0,False
2028,Princess Mononoke4K Restoration,Princess Mononoke,True,GKIDS,2025-03-28,2025-03-28,2025,2025-05-29,9,6851056.0,True
2029,The Penguin Lessons,The Penguin Lessons,False,Sony Pictures Classics,2025-03-28,2025-03-28,2025,2025-06-19,12,3294990.0,False
2030,The Ballad of Wallis Island,The Ballad of Wallis Island,False,Focus Features,2025-03-28,2025-03-28,2025,2025-05-08,6,1607835.0,False
2031,The Encampments,The Encampments,False,Watermelon Pictures,2025-03-28,2025-03-28,2025,2025-05-22,8,533364.0,True
2032,The Friend,The Friend,False,Bleecker Street Media,2025-03-28,2025-03-28,2025,2025-05-22,8,3941217.0,True
2033,Grand Tour,Grand Tour,False,MUBI,2025-03-28,2025-03-28,2025,2025-04-24,4,53804.0,True
2034,Janis Ian: Breaking Silence,Janis Ian: Breaking Silence,False,Greenwich Entertainment,2025-03-28,2025-03-28,2025,2025-05-08,6,47749.0,False
2035,Holy Cow,Holy Cow,False,Zeitgeist Films,2025-03-28,2025-03-28,2025,2025-08-07,19,110845.0,True
2036,A Minecraft Movie,A Minecraft Movie,False,Warner Bros.,2025-04-04,2025-04-04,2025,2025-07-03,13,423949195.0,False
2037,The Chosen: Last Supper Part 2,The Chosen: Last Supper Part 2,False,-,2025-04-04,2025-04-04,2025,2025-05-01,4,12372228.0,False
2038,Hell of a Summer,Hell of a Summer,False,Neon,2025-04-04,2025-04-04,2025,2025-04-24,3,3182678.0,False
2039,The Luckiest Man in America,The Luckiest Man in America,False,IFC Films,2025-04-04,2025-04-04,2025,2025-04-17,2,433617.0,False
2040,A Nice Indian Boy,A Nice Indian Boy,False,Blue Harbor Entertainment,2025-04-04,2025-04-04,2025,2025-07-03,13,908593.0,False
2041,William Tell,William Tell,False,The Samuel Goldwyn Company,2025-04-04,2025-04-04,2025,2025-04-10,1,43088.0,True
2042,A Man and a Woman2025 Re-release,A Man and a Woman,True,Rialto Pictures,2025-04-04,2025-04-04,2025,2025-06-12,10,91785.0,False
2043,Eric LaRue,Eric LaRue,False,Magnolia Pictures,2025-04-04,2025-04-04,2025,2025-04-10,1,13211.0,True
2044,Gazer,Gazer,False,Metrograph Pictures,2025-04-04,2025-04-04,2025,2025-05-15,5,38031.0,True
2045,When Fall Is Coming,When Fall Is Coming,False,Music Box Films,2025-04-04,2025-04-04,2025,2025-11-06,20,149370.0,False
2046,The King of Kings,The King of Kings,False,Angel,2025-04-11,2025-04-11,2025,2025-07-24,15,60270106.0,False
2047,The Amateur,The Amateur,False,20th Century Studios,2025-04-11,2025-04-11,2025,2025-06-12,9,40759635.0,True
2048,Warfare,Warfare,False,A24,2025-04-11,2025-04-11,2025,2025-06-05,8,26000309.0,True
2049,Drop,Drop,False,Universal Pictures,2025-04-11,2025-04-11,2025,2025-05-15,5,16600805.0,True
2050,The Chosen: Last Supper Part 3,The Chosen: Last Supper Part 3,False,-,2025-04-11,2025-04-11,2025,2025-05-01,3,11742410.0,False
2051,Kaiju No. 8: Mission Recon,Kaiju No. 8: Mission Recon,False,Crunchyroll,2025-04-11,2025-04-11,2025,2025-04-17,1,503786.0,False
2052,Sacramento,Sacramento,False,Vertical Entertainment,2025-04-11,2025-04-11,2025,2025-05-22,6,706033.0,True
2053,One to One: John & Yoko,One to One: John & Yoko,False,Magnolia Pictures,2025-04-11,2025-04-11,2025,2025-06-12,9,394239.0,False
2054,The Teacher,The Teacher,False,Watermelon Pictures,2025-04-11,2025-04-11,2025,2025-05-15,5,75016.0,True
2055,It Feeds,It Feeds,False,Black Fawn Distribution,2025-04-11,2025-04-11,2025,2025-05-29,6,12364.0,True
2056,Yo no soy esa,Yo no soy esa,False,Sony Pictures Releasing,2025-04-11,2025-04-11,2025,2025-04-17,1,941.0,False
2057,Sinners,Sinners,False,Warner Bros.,2025-04-18,2025-04-18,2025,2025-11-06,15,279653537.0,True
2058,Pride & Prejudice20th Anniversary Re-Release,Pride & Prejudice,True,Focus Features,2025-04-18,2025-04-18,2025,2025-05-08,3,6193658.0,False
2059,Colorful Stage! The Movie: A Miku Who Can't Sing,Colorful Stage! The Movie: A Miku Who Can't Sing,False,GKIDS,2025-04-18,2025-04-18,2025,2025-05-29,6,3661284.0,False
2060,The Wedding Banquet,The Wedding Banquet,False,Bleecker Street Media,2025-04-18,2025-04-18,2025,2025-05-22,5,2090228.0,False
2061,Pink Floyd: Live at Pompeii2025 Re-release,Pink Floyd: Live at Pompeii,True,Trafalgar Releasing,2025-04-18,2025-04-18,2025,2025-05-01,2,2620076.0,False
2062,Sneaks,Sneaks,False,Briarcliff Entertainment,2025-04-18,2025-04-18,2025,2025-05-22,5,916022.0,True
2063,The Ugly Stepsister,The Ugly Stepsister,False,IFC Films,2025-04-18,2025-04-18,2025,2025-05-08,3,308555.0,False
2064,The Legend of Ochi,The Legend of Ochi,False,A24,2025-04-18,2025-04-18,2025,2025-05-22,5,2475373.0,False
2065,The Shrouds,The Shrouds,False,Sideshow Releasing,2025-04-18,2025-04-18,2025,2025-07-17,12,755935.0,True
2066,Sod and Stubble,Sod and Stubble,False,Purdie Distribution,2025-04-18,2025-04-18,2025,2025-05-22,5,68677.0,False
2067,Killer of Sheep2025 Re-release,Killer of Sheep,True,Kino Lorber,2025-04-18,2025-04-18,2025,2026-09-17,47,109355.0,False
2068,Granite Rapids Moon,Granite Rapids Moon,False,,2025-04-18,2025-04-11,2025,2026-09-10,35,52003.0,False
2069,Night Shift,Night Shift,False,Sony Pictures Releasing,2025-04-18,2025-04-18,2025,2025-04-24,1,669.0,True
2070,Star Wars: Episode III - Revenge of the Sith20th anniversary,Star Wars: Episode III - Revenge of the Sith,True,Walt Disney Studios Motion Pictures,2025-04-25,2025-04-25,2025,2025-05-01,1,34107714.0,False
2071,The Accountant 2,The Accountant 2,False,Amazon MGM Studios,2025-04-25,2025-04-25,2025,2025-06-12,7,65523366.0,False
2072,Until Dawn,Until Dawn,False,Screen Gems,2025-04-25,2025-04-25,2025,2025-05-29,5,20172192.0,True
2073,On Swift Horses,On Swift Horses,False,Sony Pictures Classics,2025-04-25,2025-04-25,2025,2025-06-19,8,1030558.0,False
2074,Cheech & Chong's Last Movie,Cheech & Chong's Last Movie,False,-,2025-04-25,2025-04-25,2025,2025-05-08,2,750396.0,False
2075,Happy Gilmore2025 Re-release,Happy Gilmore,True,Universal Pictures,2025-04-25,2025-04-25,2025,2025-05-01,1,217255.0,True
2076,Raising the Bar: The Alma Richards Story,Raising the Bar: The Alma Richards Story,False,-,2025-04-25,2025-04-25,2025,2025-09-04,17,481617.0,False
2077,Jongli,Jongli,False,Swapna Scarecrow,2025-04-25,2025-04-25,2025,2025-05-22,4,80577.0,True
2078,Drop Dead City,Drop Dead City,False,,2025-04-25,2025-04-25,2025,2025-09-18,18,159523.0,False
2079,8½2025 Re-release,8½,True,Janus Films,2025-04-25,2025-04-25,2025,2025-07-10,9,146921.0,True
2080,Magic Farm,Magic Farm,False,MUBI,2025-04-25,2025-04-25,2025,2025-06-05,6,84752.0,True
2081,Blue Sun Palace,Blue Sun Palace,False,Dekanalog,2025-04-25,2025-04-25,2025,2025-08-21,14,83937.0,False
2082,The Trouble with Jessica,The Trouble with Jessica,False,Music Box Films,2025-04-25,2025-04-25,2025,2025-10-02,12,35563.0,False
2083,April,April,False,Metrograph Pictures,2025-04-25,2025-04-25,2025,2025-06-05,5,48655.0,True
2084,Withnail and I2025 Re-release,Withnail and I,True,Janus Films,2025-04-25,2025-04-25,2025,2025-05-22,4,35219.0,False
2085,Neighborhood Watch,Neighborhood Watch,False,IFC Films,2025-04-25,2025-04-25,2025,2025-05-01,1,7136.0,True
2086,Thunderbolts*,Thunderbolts*,False,Walt Disney Studios Motion Pictures,2025-05-02,2025-05-02,2025,2025-08-07,14,190274328.0,True
2087,The Surfer,The Surfer,False,Roadside Attractions,2025-05-02,2025-05-02,2025,2025-06-19,7,1306597.0,True
2088,HIT: The 3rd Case,HIT: The 3rd Case,False,Prathyangira Cinemas,2025-05-02,2025-05-02,2025,2025-05-08,1,955000.0,False
2089,Rosario,Rosario,False,Mucho Mas Media,2025-05-02,2025-05-02,2025,2025-05-22,3,866466.0,True
2090,Guru Nanak Jahaz,Guru Nanak Jahaz,False,,2025-05-02,2025-05-02,2025,2025-05-15,2,793000.0,False
2091,Bonjour Tristesse,Bonjour Tristesse,False,Greenwich Entertainment,2025-05-02,2025-05-02,2025,2025-05-22,3,256136.0,True
2092,Yadang: The Snitch,Yadang: The Snitch,False,Well Go USA Entertainment,2025-05-02,2025-04-25,2025,2025-05-08,1,104602.0,False
2093,Rust,Rust,False,Falling Forward Films,2025-05-02,2025-05-02,2025,2025-05-08,1,25000.0,True
2094,Pavements,Pavements,False,Utopia,2025-05-02,2025-05-02,2025,2025-09-04,16,351421.0,True
2095,Ain't No Back to a Merry-Go-Round,Ain't No Back to a Merry-Go-Round,False,-,2025-05-02,2025-05-02,2025,2026-03-05,18,82537.0,False
2096,The Clouds,The Clouds,False,Indican Pictures,2025-05-02,2025-05-02,2025,2025-11-06,5,15175.0,True
2097,Vulcanizadora,Vulcanizadora,False,Oscilloscope,2025-05-02,2025-05-02,2025,2025-06-12,6,25108.0,True
2098,The Death of Snow White,The Death of Snow White,False,Entertainment Squad,2025-05-02,2025-05-02,2025,2025-06-26,6,108752.0,False
2099,Swamp Dogg Gets His Pool Painted,Swamp Dogg Gets His Pool Painted,False,Magnolia Pictures,2025-05-02,2025-05-02,2025,2025-07-10,10,51047.0,False
2100,Most People Die on Sundays,Most People Die on Sundays,False,Big World Pictures,2025-05-02,2025-05-02,2025,2025-05-08,1,8325.0,False
2101,Clown in a Cornfield,Clown in a Cornfield,False,RLJ Entertainment,2025-05-09,2025-05-09,2025,2025-06-12,5,7251799.0,False
2102,Shadow Force,Shadow Force,False,Lionsgate,2025-05-09,2025-05-09,2025,2025-05-29,3,3933483.0,True
2103,Fight or Flight,Fight or Flight,False,Vertical Entertainment,2025-05-09,2025-05-09,2025,2025-05-22,2,3522025.0,False
2104,Friendship,Friendship,False,A24,2025-05-09,2025-05-09,2025,2025-07-24,11,16252948.0,True
2105,Juliet & Romeo,Juliet & Romeo,False,Briarcliff Entertainment,2025-05-09,2025-05-09,2025,2025-05-22,2,456623.0,False
2106,Wolf Children2025 Re-release (4K Restoration),Wolf Children,True,GKIDS,2025-05-09,2025-05-09,2025,2025-05-15,1,258252.0,True
2107,#Single,#Single,False,Walt Disney Studios Motion Pictures,2025-05-09,2025-05-09,2025,2025-05-15,1,188000.0,True
2108,Demon Slayer: Kimetsu no Yaiba - The Movie: Mugen Train2025 Re-release,Demon Slayer: Kimetsu no Yaiba - The Movie: Mugen Train,True,Sony Pictures Releasing,2025-05-09,2025-05-09,2025,2025-05-22,2,383542.0,False
2109,Kingdom of Heaven2025 Re-release,Kingdom of Heaven,True,Walt Disney Studios Motion Pictures,2025-05-09,2025-05-09,2025,2025-05-15,1,129265.0,False
2110,Lilly,Lilly,False,Blue Harbor Entertainment,2025-05-09,2025-05-09,2025,2025-06-26,7,170436.0,True
2111,Tall Tales,Tall Tales,False,Oscilloscope,2025-05-09,2025-05-09,2025,2025-05-29,3,68398.0,True
2112,Caught by the Tides,Caught by the Tides,False,Janus Films,2025-05-09,2025-05-09,2025,2025-08-14,14,291307.0,False
2113,The Zombies: Hung Up on a Dream,The Zombies: Hung Up on a Dream,False,Utopia,2025-05-09,2025-05-09,2025,2025-08-14,9,108811.0,False
2114,Forbidden Games2025 Re-release,Forbidden Games,True,Rialto Pictures,2025-05-09,2025-05-09,2025,2025-05-29,3,13395.0,True
2115,Final Destination: Bloodlines,Final Destination: Bloodlines,False,Warner Bros.,2025-05-16,2025-05-16,2025,2025-07-24,10,138130814.0,False
2116,Hurry Up Tomorrow,Hurry Up Tomorrow,False,Lionsgate,2025-05-16,2025-05-16,2025,2025-06-05,3,5215357.0,False
2117,July 7: Who Killed the President of Haiti?,July 7: Who Killed the President of Haiti?,False,GVN Releasing,2025-05-16,2025-05-16,2025,2025-06-05,3,147734.0,False
2118,Sister Midnight,Sister Midnight,False,Magnolia Pictures,2025-05-16,2025-05-16,2025,2025-07-17,9,123065.0,True
2119,Marcella,Marcella,False,Greenwich Entertainment,2025-05-16,2025-05-16,2025,2025-05-22,1,11204.0,True
2120,Lilo & Stitch,Lilo & Stitch,False,Walt Disney Studios Motion Pictures,2025-05-23,2025-05-23,2025,2025-10-02,19,423778855.0,False
2121,Mission: Impossible - The Final Reckoning,Mission: Impossible - The Final Reckoning,False,Paramount Pictures,2025-05-23,2025-05-23,2025,2025-08-14,12,197413515.0,False
2122,The Last Rodeo,The Last Rodeo,False,Angel,2025-05-23,2025-05-23,2025,2025-07-24,9,15201659.0,False
2123,Jane Austen Wrecked My Life,Jane Austen Wrecked My Life,False,Sony Pictures Classics,2025-05-23,2025-05-23,2025,2025-09-04,15,1900978.0,False
2124,Ran40th anniversary,Ran,True,Rialto Distribution,2025-05-23,2025-05-23,2025,2025-06-26,5,179177.0,True
2125,Northern Lights2025 Re-release,Northern Lights,True,Kino Lorber,2025-05-23,2025-05-23,2025,2025-09-04,9,15511.0,True
2126,Karate Kid: Legends,Karate Kid: Legends,False,Sony Pictures Releasing,2025-05-30,2025-05-30,2025,2025-07-10,6,52547391.0,False
2127,Bring Her Back,Bring Her Back,False,A24,2025-05-30,2025-05-30,2025,2025-07-17,7,19333305.0,False
2128,DogmaDogma: Resurrected! A 25th Anniversary Celebration,DogmaDogma: Resurrected! A,True,Iconic Events Releasing,2025-05-30,2025-05-30,2025,2025-06-12,2,2193805.0,False
2129,j-hope Tour: Hope on the Stage in Japan - Live Viewing,j-hope Tour: Hope on the Stage in Japan - Live Viewing,False,Trafalgar Releasing,2025-05-30,2025-05-30,2025,2025-06-05,1,789173.0,False
2130,The Phoenician Scheme,The Phoenician Scheme,False,Focus Features,2025-05-30,2025-05-30,2025,2025-07-31,9,19555015.0,False
2131,Tornado,Tornado,False,IFC Films,2025-05-30,2025-05-30,2025,2025-06-12,2,213795.0,True
2132,Turnstile: Never Enough,Turnstile: Never Enough,False,Sumerian Films,2025-05-30,2025-05-30,2025,2025-07-10,4,220315.0,False
2133,Shall We Dance?2025 Re-release,Shall We Dance?,True,Film Movement,2025-05-30,2025-05-30,2025,2025-07-24,8,120131.0,False
2134,Ghost Trail,Ghost Trail,False,Music Box Films,2025-05-30,2025-05-30,2025,2025-11-27,6,18698.0,True
2135,Ballerina,Ballerina,False,Lionsgate,2025-06-06,2025-06-06,2025,2025-07-24,7,58051327.0,True
2136,Dan Da Dan: Evil Eye,Dan Da Dan: Evil Eye,False,GKIDS,2025-06-06,2025-06-06,2025,2025-06-26,3,5637078.0,False
2137,Dangerous Animals,Dangerous Animals,False,IFC Films,2025-06-06,2025-06-06,2025,2025-07-24,7,2738137.0,True
2138,The American Miracle,The American Miracle,False,Fathom Events,2025-06-06,2025-06-06,2025,2025-06-12,1,725556.0,False
2139,The Ritual,The Ritual,False,XYZ Films,2025-06-06,2025-06-06,2025,2025-06-26,3,527118.0,True
2140,The Life of Chuck,The Life of Chuck,False,Neon,2025-06-06,2025-06-06,2025,2025-07-31,8,6712600.0,False
2141,UFC 316: Dvalishvili vs. O'Malley 2 in COSM Shared Reality,UFC 316: Dvalishvili vs. O'Malley 2 in COSM Shared Reality,False,Iconic Events Releasing,2025-06-06,2025-06-06,2025,2025-06-12,1,265986.0,False
2142,I Don't Understand You,I Don't Understand You,False,Vertical Entertainment,2025-06-06,2025-06-06,2025,2025-06-12,1,265837.0,False
2143,Dragon Heart: Adventures Beyond This World,Dragon Heart: Adventures Beyond This World,False,Entertainment Studios Motion Pictures,2025-06-06,2025-06-06,2025,2025-08-28,7,41818.0,False
2144,We Are Guardians,We Are Guardians,False,Area 23a,2025-06-06,2025-06-06,2025,2025-09-25,10,48417.0,False
2145,A Photographic Memory,A Photographic Memory,False,Zeitgeist Films,2025-06-06,2025-06-06,2025,2025-10-09,16,28965.0,False
2146,In the Fire of War,In the Fire of War,False,Indican Pictures,2025-06-06,2025-06-06,2025,2025-10-16,18,46815.0,False
2147,How to Train Your Dragon,How to Train Your Dragon,False,Universal Pictures,2025-06-13,2025-06-13,2025,2025-09-04,12,262958100.0,False
2148,Materialists,Materialists,False,A24,2025-06-13,2025-06-13,2025,2025-08-14,9,36503614.0,True
2149,The Unholy Trinity,The Unholy Trinity,False,Roadside Attractions,2025-06-13,2025-06-13,2025,2025-07-31,7,996456.0,False
2150,Pariah25th anniversary,Pariah,True,Indican Pictures,2025-06-13,2025-06-13,2025,2025-11-20,20,204179.0,True
2151,Given the Movie: Hiiragi Mix,Given the Movie: Hiiragi Mix,False,Sony Pictures Releasing,2025-06-13,2025-06-13,2025,2025-06-19,1,88988.0,False
2152,Tatami,Tatami,False,,2025-06-13,2025-06-13,2025,2025-07-31,7,76999.0,True
2153,28 Years Later,28 Years Later,False,Sony Pictures Releasing,2025-06-20,2025-06-20,2025,2025-08-07,7,70446897.0,False
2154,Elio,Elio,False,Walt Disney Studios Motion Pictures,2025-06-20,2025-06-20,2025,2025-09-11,12,72987454.0,True
2155,Kuberaa,Kuberaa,False,Prathyangira Cinemas,2025-06-20,2025-06-20,2025,2025-06-26,1,1750000.0,True
2156,Brokeback Mountain20th anniversary,Brokeback Mountain,True,Focus Features,2025-06-20,2025-06-20,2025,2025-06-26,1,1068055.0,True
2157,Utshob,Utshob,False,Swapna Scarecrow,2025-06-20,2025-06-20,2025,2025-07-31,6,176912.0,True
2158,Hi-Five,Hi-Five,False,Well Go USA Entertainment,2025-06-20,2025-06-20,2025,2025-07-03,2,102868.0,True
2159,Apocalypse Now2025 Re-release,Apocalypse Now,True,Rialto Pictures,2025-06-20,2025-06-20,2025,2025-06-26,1,31463.0,True
2160,Dogtooth15th anniversary,Dogtooth,True,Kino Lorber,2025-06-20,2025-06-20,2025,2025-12-04,22,112824.0,True
2161,Familiar Touch,Familiar Touch,False,Music Box Films,2025-06-20,2025-06-20,2025,2026-03-19,25,162244.0,True
2162,Shanghai Blues2025 Re-release,Shanghai Blues,True,Film Movement,2025-06-20,2025-06-20,2025,2025-06-26,1,13377.0,True
2163,Been Here Stay Here,Been Here Stay Here,False,-,2025-06-20,2025-06-20,2025,2025-10-23,13,67407.0,False
2164,Marlee Matlin: Not Alone Anymore,Marlee Matlin: Not Alone Anymore,False,Kino Lorber,2025-06-20,2025-06-20,2025,2025-12-18,22,106109.0,False
2165,F1: The Movie,F1: The Movie,False,Warner Bros.,2025-06-27,2025-06-27,2025,2025-10-02,14,189527111.0,False
2166,Jurassic World: Rebirth,Jurassic World: Rebirth,False,Universal Pictures,2025-06-27,2025-06-27,2025,2025-09-25,13,339640400.0,False
2167,M3GAN 2.0,M3GAN 2.0,False,Universal Pictures,2025-06-27,2025-06-27,2025,2025-07-31,5,24101280.0,True
2168,"Sorry, Baby","Sorry, Baby",False,A24,2025-06-27,2025-06-27,2025,2025-08-28,9,2418280.0,True
2169,In the Mood for Love25th Anniversary,In the Mood for Love,True,Janus Films,2025-06-27,2025-06-27,2025,2025-10-02,14,857879.0,False
2170,Hot Milk,Hot Milk,False,IFC Films,2025-06-27,2025-06-27,2025,2025-07-10,2,71629.0,True
2171,The Last Class,The Last Class,False,Abramorama,2025-06-27,2025-06-27,2025,2025-12-11,17,639135.0,False
2172,Ponyboi,Ponyboi,False,GathrFilms,2025-06-27,2025-06-27,2025,2025-07-03,1,29694.0,True
2173,Kill the Jockey,Kill the Jockey,False,Music Box Films,2025-06-27,2025-06-27,2025,2025-10-16,13,89528.0,False
2174,Blind Cop 2,Blind Cop 2,False,,2025-06-27,2025-06-27,2025,2026-06-04,14,12867.0,False
2175,This Is Spinal Tap41st Anniversary,This Is Spinal Tap,True,-,2025-07-04,2025-07-04,2025,2025-07-10,1,1069737.0,False
2176,40 Acres,40 Acres,False,Magnolia Pictures,2025-07-04,2025-06-27,2025,2025-07-31,4,768905.0,True
2177,Sardaar Ji 3,Sardaar Ji 3,False,,2025-07-04,2025-06-27,2025,2025-07-10,1,220000.0,False
2178,Superman,Superman,False,Warner Bros.,2025-07-11,2025-07-11,2025,2025-10-02,12,354184465.0,True
2179,Jujutsu Kaisen: Hidden Inventory / Premature Death - The Movie,Jujutsu Kaisen: Hidden Inventory / Premature Death - The Movie,False,GKIDS,2025-07-11,2025-07-11,2025,2025-07-31,3,3257365.0,False
2180,Abraham's Boys,Abraham's Boys,False,IFC Films,2025-07-11,2025-07-11,2025,2025-07-24,2,212706.0,True
2181,Don't Let's Go to the Dogs Tonight,Don't Let's Go to the Dogs Tonight,False,Sony Pictures Classics,2025-07-11,2025-07-11,2025,2025-09-18,10,639309.0,False
2182,Sovereign,Sovereign,False,Briarcliff Entertainment,2025-07-11,2025-07-11,2025,2025-07-31,3,48899.0,True
2183,Hotspring Sharkattack,Hotspring Sharkattack,False,Utopia,2025-07-11,2025-07-11,2025,2025-09-11,9,34714.0,True
2184,To a Land Unknown,To a Land Unknown,False,Watermelon Pictures,2025-07-11,2025-07-11,2025,2025-07-17,1,14501.0,False
2185,I Know What You Did Last Summer,I Know What You Did Last Summer,False,Sony Pictures Releasing,2025-07-18,2025-07-18,2025,2025-08-28,6,32165634.0,False
2186,Smurfs,Smurfs,False,Paramount Pictures,2025-07-18,2025-07-18,2025,2025-08-28,6,31075170.0,True
2187,Eddington,Eddington,False,A24,2025-07-18,2025-07-18,2025,2025-08-28,6,10223277.0,True
2188,Saiyaara,Saiyaara,False,Yash Raj Films USA Inc.,2025-07-18,2025-07-18,2025,2025-07-31,2,3359480.0,True
2189,Sink Your Teeth: A Tokyo Ghoul Celebration,Sink Your Teeth: A Tokyo Ghoul Celebration,False,Sony Pictures Releasing,2025-07-18,2025-07-18,2025,2025-07-24,1,142378.0,False
2190,Guns & Moses,Guns & Moses,False,Amor Media,2025-07-18,2025-07-18,2025,2025-07-24,1,77433.0,False
2191,Cloud,Cloud,False,Sideshow Releasing,2025-07-18,2025-07-18,2025,2025-09-18,9,355477.0,True
2192,Shari and Lamb Chop,Shari and Lamb Chop,False,Kino Lorber,2025-07-18,2025-07-18,2025,2025-09-18,9,30491.0,False
2193,Drowning Dry,Drowning Dry,False,Dekanalog,2025-07-18,2025-07-18,2025,2025-08-21,5,11719.0,True
2194,The Fantastic Four: First Steps,The Fantastic Four: First Steps,False,Walt Disney Studios Motion Pictures,2025-07-25,2025-07-25,2025,2025-10-23,13,274286610.0,False
2195,"Oh, Hi!","Oh, Hi!",False,Sony Pictures Classics,2025-07-25,2025-07-25,2025,2025-09-11,7,2082113.0,True
2196,The Home,The Home,False,Lionsgate,2025-07-25,2025-07-25,2025,2025-08-28,5,1576983.0,True
2197,House on Eden,House on Eden,False,IFC Films,2025-07-25,2025-07-25,2025,2025-08-07,2,455830.0,False
2198,Nothing But a Winner,Nothing But a Winner,False,Fathom Events,2025-07-25,2025-07-25,2025,2025-08-07,2,336366.0,False
2199,Summer Wars2025 Re-release (4K Restoration),Summer Wars,True,,2025-07-25,2025-07-25,2025,2025-07-31,1,245265.0,True
2200,Bambi: The Reckoning,Bambi: The Reckoning,False,Seismic Releasing,2025-07-25,2025-07-25,2025,2025-08-07,2,172187.0,False
2201,Shoshana,Shoshana,False,Greenwich Entertainment,2025-07-25,2025-07-25,2025,2025-09-11,7,139443.0,True
2202,Diciannove,Diciannove,False,Oscilloscope,2025-07-25,2025-07-25,2025,2025-08-07,2,27972.0,True
2203,AJ Goes to the Dog Park,AJ Goes to the Dog Park,False,Music Box Films,2025-07-25,2025-07-25,2025,2025-09-11,5,16975.0,False
2204,Monk in Pieces,Monk in Pieces,False,Zeitgeist Films,2025-07-25,2025-07-25,2025,2025-12-11,18,39108.0,False
2205,Folktales,Folktales,False,Magnolia Pictures,2025-07-25,2025-07-25,2025,2025-10-09,11,129358.0,True
2206,The Bad Guys 2,The Bad Guys 2,False,Universal Pictures,2025-08-01,2025-08-01,2025,2025-11-13,15,82593605.0,False
2207,The Naked Gun,The Naked Gun,False,Paramount Pictures,2025-08-01,2025-08-01,2025,2025-09-18,7,52647396.0,False
2208,Sketch,Sketch,False,Angel,2025-08-01,2025-08-01,2025,2025-10-02,9,8129808.0,True
2209,CatVideoFest 2025,CatVideoFest 2025,False,Oscilloscope,2025-08-01,2025-08-01,2025,2025-11-27,17,1035148.0,True
2210,What If...15th Anniversary,What If...,True,Fathom Events,2025-08-01,2025-08-01,2025,2025-08-07,1,186200.0,True
2211,Architecton,Architecton,False,A24,2025-08-01,2025-08-01,2025,2025-08-21,3,117280.0,True
2212,Souleymane's Story,Souleymane's Story,False,Kino Lorber,2025-08-01,2025-08-01,2025,2026-01-22,18,101752.0,True
2213,Night of the Juggler2025 Re-release,Night of the Juggler,True,Kino Lorber,2025-08-01,2025-08-01,2025,2026-01-29,18,54961.0,False
2214,The Fall of Otrar2025 Re-release,The Fall of Otrar,True,Janus Films,2025-08-01,2025-08-01,2025,2025-08-07,1,7159.0,False
2215,The Wildman of Shaggy Creek,The Wildman of Shaggy Creek,False,Family Movie Events,2025-08-01,2025-08-01,2025,2025-08-28,4,7791.0,False
2216,Can't Let It Go,Can't Let It Go,False,,2025-08-01,2025-08-01,2025,2026-08-13,18,31600.0,False
2217,Weapons,Weapons,False,Warner Bros.,2025-08-08,2025-08-08,2025,2025-11-06,13,151550044.0,True
2218,Freakier Friday,Freakier Friday,False,Walt Disney Studios Motion Pictures,2025-08-08,2025-08-08,2025,2025-10-23,11,94186236.0,True
2219,War 2,War 2,False,Yash Raj Films USA Inc.,2025-08-08,2025-08-08,2025,2025-08-21,2,3087065.0,True
2220,Shin Godzilla2025 Re-release,Shin Godzilla,True,GKIDS,2025-08-08,2025-08-08,2025,2025-09-04,4,4042146.0,True
2221,"It's Never Over, Jeff Buckley","It's Never Over, Jeff Buckley",False,Magnolia Pictures,2025-08-08,2025-08-08,2025,2025-10-23,11,1448031.0,False
2222,My Mother's Wedding,My Mother's Wedding,False,Vertical Entertainment,2025-08-08,2025-08-08,2025,2025-09-11,5,911054.0,False
2223,Strange Harvest,Strange Harvest,False,Roadside Attractions,2025-08-08,2025-08-08,2025,2025-08-28,3,391173.0,True
2224,Boys Go to Jupiter,Boys Go to Jupiter,False,Cartuna,2025-08-08,2025-08-08,2025,2026-01-01,16,205812.0,False
2225,The Lovers on the Bridge2025 Re-release,The Lovers on the Bridge,True,Janus Films,2025-08-08,2025-08-08,2025,2025-09-18,6,39973.0,False
2226,Hema Hema: Sing Me a Song While I Wait,Hema Hema: Sing Me a Song While I Wait,False,Dekanalog,2025-08-08,2025-08-08,2025,2025-09-04,3,7490.0,False
2227,Nobody 2,Nobody 2,False,Universal Pictures,2025-08-15,2025-08-15,2025,2025-09-18,5,21604985.0,True
2228,Coolie,Coolie,False,Prathyangira Cinemas,2025-08-15,2025-08-15,2025,2025-08-21,1,2450000.0,True
2229,Highest 2 Lowest,Highest 2 Lowest,False,A24,2025-08-15,2025-08-15,2025,2025-08-21,1,1500000.0,False
2230,East of Wall,East of Wall,False,Sony Pictures Classics,2025-08-15,2025-08-15,2025,2025-09-25,6,644583.0,False
2231,UFC 319: du Plessis vs. Chimaev in COSM Shared Reality,UFC 319: du Plessis vs. Chimaev in COSM Shared Reality,False,Iconic Events Releasing,2025-08-15,2025-08-15,2025,2025-08-21,1,478675.0,False
2232,Black Swan2025 Re-release,Black Swan,True,Walt Disney Studios Motion Pictures,2025-08-15,2025-08-15,2025,2025-08-28,2,815580.0,True
2233,Witchboard,Witchboard,False,Atlas Distribution Company,2025-08-15,2025-08-15,2025,2025-09-04,3,269300.0,True
2234,Primitive War,Primitive War,False,-,2025-08-15,2025-08-15,2025,2025-10-02,6,1005222.0,True
2235,Hell House LLC: Lineage,Hell House LLC: Lineage,False,Iconic Events Releasing,2025-08-15,2025-08-15,2025,2025-09-04,3,310031.0,False
2236,Jimmy and Stiggs,Jimmy and Stiggs,False,Iconic Events Releasing,2025-08-15,2025-08-15,2025,2025-09-04,3,111685.0,False
2237,The Boy and the Beast2025 Re-release,The Boy and the Beast,True,Crunchyroll,2025-08-15,2025-08-15,2025,2025-08-21,1,35821.0,False
2238,Went Up the Hill,Went Up the Hill,False,Greenwich Entertainment,2025-08-15,2025-08-15,2025,2025-08-28,2,35332.0,False
2239,The Glassworker,The Glassworker,False,Watermelon Pictures,2025-08-15,2025-08-15,2025,2025-09-11,4,66341.0,True
2240,Suspended Time,Suspended Time,False,Music Box Films,2025-08-15,2025-08-15,2025,2026-02-05,9,19848.0,True
2241,Descendent,Descendent,False,,2025-08-15,2025-08-15,2025,2025-08-21,1,6527.0,True
2242,Forced Vacation,Forced Vacation,False,Sony Pictures Releasing,2025-08-15,2025-08-15,2025,2025-08-21,1,936.0,True
2243,KPop Demon Hunters,KPop Demon Hunters,False,Netflix,2025-08-22,2025-08-22,2025,2025-11-06,2,24300000.0,False
2244,Honey Don't!,Honey Don't!,False,Focus Features,2025-08-22,2025-08-22,2025,2025-09-11,3,5810510.0,True
2245,Relay,Relay,False,Bleecker Street Media,2025-08-22,2025-08-22,2025,2025-09-04,2,3164481.0,True
2246,Eden,Eden,False,Vertical Entertainment,2025-08-22,2025-08-22,2025,2025-09-11,3,1573396.0,True
2247,Trust,Trust,False,Republic Pictures,2025-08-22,2025-08-22,2025,2025-09-04,2,368186.0,True
2248,Splitsville,Splitsville,False,Neon,2025-08-22,2025-08-22,2025,2025-10-02,6,1900750.0,True
2249,Dongji Rescue,Dongji Rescue,False,Well Go USA Entertainment,2025-08-22,2025-08-22,2025,2025-09-18,4,151957.0,True
2250,Lurker,Lurker,False,MUBI,2025-08-22,2025-08-22,2025,2025-10-02,6,633965.0,True
2251,The 40-Year-Old Virgin2025 Re-release,The 40-Year-Old Virgin,True,Universal Pictures,2025-08-22,2025-08-22,2025,2025-08-28,1,35000.0,False
2252,Seeds,Seeds,False,Indican Pictures,2025-08-22,2025-08-22,2025,2026-08-27,34,42050.0,True
2253,Pools,Pools,False,Utopia,2025-08-22,2025-08-22,2025,2025-09-11,3,52262.0,True
2254,Trainwreck2025 Re-release,Trainwreck,True,Universal Pictures,2025-08-22,2025-08-22,2025,2025-08-28,1,13000.0,True
2255,We Strangers,We Strangers,False,Amor Media,2025-08-22,2025-08-22,2025,2025-09-18,4,9526.0,True
2256,The Body,The Body,False,Sony Pictures Releasing,2025-08-22,2025-08-22,2025,2025-08-28,1,633.0,True
2257,Caught Stealing,Caught Stealing,False,Sony Pictures Releasing,2025-08-29,2025-08-29,2025,2025-10-02,5,19005242.0,True
2258,Jaws2025 Re-release (50th Anniversary),Jaws,True,,2025-08-29,2025-08-29,2025,2025-09-18,3,12819675.0,True
2259,The Roses,The Roses,False,Searchlight Pictures,2025-08-29,2025-08-29,2025,2025-10-16,7,15298844.0,True
2260,The Toxic Avenger,The Toxic Avenger,False,Iconic Events Releasing,2025-08-29,2025-08-29,2025,2025-09-11,2,2866783.0,False
2261,The Blind: A Special Tribute to Phil Robertson,The Blind: A Special Tribute to Phil Robertson,False,-,2025-08-29,2025-08-29,2025,2025-09-04,1,297165.0,False
2262,Tina,Tina,False,Rialto Distribution,2025-08-29,2025-08-29,2025,2025-10-02,5,421288.0,True
2263,A Little Prayer,A Little Prayer,False,Music Box Films,2025-08-29,2025-08-29,2025,2026-01-29,17,241996.0,False
2264,Sharing Aloha,Sharing Aloha,False,-,2025-08-29,2025-08-29,2025,2025-10-02,5,151214.0,True
2265,"Love, Brooklyn","Love, Brooklyn",False,Greenwich Entertainment,2025-08-29,2025-08-29,2025,2025-10-09,6,254844.0,True
2266,Stranger Eyes,Stranger Eyes,False,Film Movement,2025-08-29,2025-08-29,2025,2025-09-11,2,12666.0,True
2267,The Conjuring: Last Rites,The Conjuring: Last Rites,False,Warner Bros.,2025-09-05,2025-09-05,2025,2025-11-27,12,177753512.0,False
2268,Hamilton2025 Re-release,Hamilton,True,Walt Disney Studios Motion Pictures,2025-09-05,2025-09-05,2025,2025-10-09,5,16946377.0,True
2269,Light of the World,Light of the World,False,-,2025-09-05,2025-09-05,2025,2025-11-06,9,5213377.0,False
2270,Twinless,Twinless,False,Roadside Attractions,2025-09-05,2025-09-05,2025,2025-10-23,7,1261731.0,True
2271,The Threesome,The Threesome,False,Vertical Entertainment,2025-09-05,2025-09-05,2025,2025-09-18,2,703913.0,True
2272,The Breakfast Club2025 Re-release (40TH Anniversary),The Breakfast Club,True,Universal Pictures,2025-09-05,2025-09-05,2025,2025-09-11,1,559550.0,False
2273,The Legend of Hei 2,The Legend of Hei 2,False,GKIDS,2025-09-05,2025-09-05,2025,2025-09-18,2,365480.0,False
2274,The American Southwest,The American Southwest,False,Fin & Fur Films,2025-09-05,2025-09-05,2025,2025-10-23,5,128762.0,False
2275,Yi Yi2025 Re-release,Yi Yi,True,Janus Films,2025-09-05,2025-09-05,2025,2025-10-02,4,115465.0,True
2276,Preparation for the Next Life,Preparation for the Next Life,False,Orion Pictures,2025-09-05,2025-09-05,2025,2025-09-11,1,43421.0,False
2277,The Baltimorons,The Baltimorons,False,,2025-09-05,2025-09-05,2025,2026-01-22,20,833587.0,True
2278,Riefenstahl,Riefenstahl,False,Kino Lorber,2025-09-05,2025-09-05,2025,2025-12-25,14,133396.0,True
2279,Linda Linda Linda2025 Re-release,Linda Linda Linda,True,GKIDS,2025-09-05,2025-09-05,2025,2025-10-16,6,102831.0,False
2280,Four Nights of a Dreamer,Four Nights of a Dreamer,False,Janus Films,2025-09-05,2025-09-05,2025,2025-10-02,4,56569.0,False
2281,Elie Wiesel: Soul on Fire,Elie Wiesel: Soul on Fire,False,Panorama,2025-09-05,2025-09-05,2025,2025-09-18,2,25185.0,False
2282,A Savage Art: The Life & Cartoons of Pat Oliphant,A Savage Art: The Life & Cartoons of Pat Oliphant,False,Magnolia Pictures,2025-09-05,2025-09-05,2025,2025-10-09,5,16545.0,False
2283,Demon Slayer: Kimetsu No Yaiba Infinity Castle,Demon Slayer: Kimetsu No Yaiba Infinity Castle,False,Sony Pictures Releasing,2025-09-12,2025-09-12,2025,2026-04-09,22,136950340.0,False
2284,Downton Abbey: The Grand Finale,Downton Abbey: The Grand Finale,False,Focus Features,2025-09-12,2025-09-12,2025,2025-10-23,6,44996590.0,False
2285,The Long Walk,The Long Walk,False,Lionsgate,2025-09-12,2025-09-12,2025,2025-10-30,7,35163573.0,False
2286,Toy Story2025 Re-release,Toy Story,True,Walt Disney Studios Motion Pictures,2025-09-12,2025-09-12,2025,2025-10-09,4,6721383.0,True
2287,Spinal Tap II: The End Continues,Spinal Tap II: The End Continues,False,Bleecker Street Media,2025-09-12,2025-09-12,2025,2025-09-25,2,2508554.0,False
2288,The Sound of Music60th Anniversary,The Sound of Music,True,Fathom Events,2025-09-12,2025-09-12,2025,2025-09-18,1,1601237.0,False
2289,Sight & Sound Presents: NOAH Live,Sight & Sound Presents: NOAH Live,False,-,2025-09-12,2025-09-12,2025,2025-09-25,2,2059719.0,False
2290,The History of Sound,The History of Sound,False,MUBI,2025-09-12,2025-09-12,2025,2025-10-23,6,841366.0,False
2291,Clemente,Clemente,False,-,2025-09-12,2025-09-12,2025,2025-09-25,2,128229.0,True
2292,Rabbit Trap,Rabbit Trap,False,Magnolia Pictures,2025-09-12,2025-09-12,2025,2025-09-25,2,32817.0,True
2293,Women in Christ,Women in Christ,False,Purdie Distribution,2025-09-12,2025-09-12,2025,2025-09-25,2,38392.0,False
2294,Happyend,Happyend,False,Film Movement,2025-09-12,2025-09-12,2025,2025-10-09,4,51642.0,True
2295,Elli and Her Monster Team,Elli and Her Monster Team,False,Viva Pictures,2025-09-12,2025-09-12,2025,2025-09-18,1,18111.0,False
2296,Don't Answer,Don't Answer,False,Indican Pictures,2025-09-12,2025-09-12,2025,2026-01-15,7,15675.0,True
2297,Naked Ambition,Naked Ambition,False,Music Box Films,2025-09-12,2025-09-12,2025,2025-12-25,9,12716.0,True
2298,Him,Him,False,Universal Pictures,2025-09-19,2025-09-19,2025,2025-11-13,8,25009605.0,True
2299,A Big Bold Beautiful Journey,A Big Bold Beautiful Journey,False,Sony Pictures Releasing,2025-09-19,2025-09-19,2025,2025-10-09,3,6671082.0,False
2300,The Senior,The Senior,False,Angel,2025-09-19,2025-09-19,2025,2025-11-27,10,5295949.0,True
2301,In Whose Name?,In Whose Name?,False,-,2025-09-19,2025-09-19,2025,2025-10-09,3,1022559.0,False
2302,Apollo 132025 Re-release (30TH Anniversary),Apollo 13,True,Universal Pictures,2025-09-19,2025-09-19,2025,2025-10-02,2,854725.0,True
2303,731,731,False,Well Go USA Entertainment,2025-09-19,2025-09-19,2025,2025-10-09,3,410904.0,True
2304,Xeno,Xeno,False,Blue Fox Entertainment,2025-09-19,2025-09-19,2025,2025-10-09,3,107522.0,True
2305,Plainclothes,Plainclothes,False,Magnolia Pictures,2025-09-19,2025-09-19,2025,2025-10-23,5,142747.0,True
2306,The Summer Book,The Summer Book,False,Music Box Films,2025-09-19,2025-09-19,2025,2026-06-18,14,62996.0,False
2307,Predators,Predators,False,MTV Documentary Films,2025-09-19,2025-09-19,2025,2025-10-23,5,60970.0,True
2308,Peacock,Peacock,False,Oscilloscope,2025-09-19,2025-09-19,2025,2025-11-20,9,18293.0,True
2309,My Sunshine,My Sunshine,False,Film Movement,2025-09-19,2025-09-12,2025,2025-09-25,1,7344.0,True
2310,One Battle After Another,One Battle After Another,False,Warner Bros.,2025-09-26,2025-09-26,2025,2026-03-26,26,72918884.0,False
2311,Gabby's Dollhouse: The Movie,Gabby's Dollhouse: The Movie,False,Universal Pictures,2025-09-26,2025-09-26,2025,2025-11-20,8,32011820.0,False
2312,The Strangers: Chapter 2,The Strangers: Chapter 2,False,Lionsgate,2025-09-26,2025-09-26,2025,2025-11-06,6,15153346.0,False
2313,Spider-Man/Spider-Man 2/Spider-Man 3Fathom 2025,Spider-Man/Spider-Man 2/Spider-Man 3Fathom 2025,False,,2025-09-26,2025-09-26,2025,2025-10-02,1,2250977.0,False
2314,Eleanor the Great,Eleanor the Great,False,Sony Pictures Classics,2025-09-26,2025-09-26,2025,2025-11-20,8,2607002.0,False
2315,Dead of Winter,Dead of Winter,False,Vertical Entertainment,2025-09-26,2025-09-26,2025,2025-10-23,4,1674777.0,False
2316,The Girl Who Leapt Through Time2025 Re-release (4K Restoration),The Girl Who Leapt Through Time,True,GKIDS,2025-09-26,2025-09-26,2025,2025-10-02,1,188265.0,False
2317,The Rocky Horror Picture Show2025 Re-release (50 Anniversary),The Rocky Horror Picture Show,True,Walt Disney Studios Motion Pictures,2025-09-26,2025-09-26,2025,2025-10-02,1,135878.0,False
2318,Strange Journey: The Story of Rocky Horror,Strange Journey: The Story of Rocky Horror,False,mTuckman Media,2025-09-26,2025-09-19,2025,2025-11-20,7,109020.0,False
2319,The Ugly,The Ugly,False,Well Go USA Entertainment,2025-09-26,2025-09-26,2025,2025-10-09,2,58395.0,True
2320,Wildfire: The Legend of the Cherokee Ghost Horse,Wildfire: The Legend of the Cherokee Ghost Horse,False,Hemdale,2025-09-26,2025-09-26,2025,2025-12-04,8,64032.0,False
2321,Roads of Fire,Roads of Fire,False,New Mountain Films,2025-09-26,2025-09-26,2025,2025-11-20,4,23627.0,False
2322,Germany,Germany,False,Indican Pictures,2025-09-26,2025-09-26,2025,2025-10-02,1,2975.0,True
2323,Taylor Swift: The Official Release Party of a Showgirl,Taylor Swift: The Official Release Party of a Showgirl,False,AMC Theatres,2025-10-03,2025-10-03,2025,2025-10-09,1,34062774.0,False
2324,The Smashing Machine,The Smashing Machine,False,A24,2025-10-03,2025-10-03,2025,2025-11-13,6,11411388.0,False
2325,Avatar: The Way of Water2025 Re-release,Avatar: The Way of Water,True,Walt Disney Studios Motion Pictures,2025-10-03,2025-10-03,2025,2025-10-09,1,4383734.0,False
2326,Good Boy,Good Boy,False,IFC Films,2025-10-03,2025-10-03,2025,2025-11-13,6,6624062.0,True
2327,Perfect Blue2025 Re-release,Perfect Blue,True,GKIDS,2025-10-03,2025-10-03,2025,2025-11-13,6,1733525.0,True
2328,Casper2025 Re-release,Casper,True,Universal Pictures,2025-10-03,2025-10-03,2025,2025-11-06,5,1840230.0,True
2329,Bone Lake,Bone Lake,False,Bleecker Street Media,2025-10-03,2025-10-03,2025,2025-10-16,2,1353079.0,True
2330,Anemone,Anemone,False,Focus Features,2025-10-03,2025-10-03,2025,2025-10-16,2,1161830.0,True
2331,Kantara: A Legend - Chapter 1,Kantara: A Legend - Chapter 1,False,Prathyangira Cinemas,2025-10-03,2025-10-03,2025,2025-10-09,1,540000.0,False
2332,The Librarians,The Librarians,False,,2025-10-03,2025-10-03,2025,2026-05-21,27,343884.0,True
2333,Orwell: 2+2=5,Orwell: 2+2=5,False,Neon,2025-10-03,2025-10-03,2025,2025-11-06,5,355288.0,True
2334,Ju Dou2025 Re-Release,Ju Dou,True,,2025-10-03,2025-10-03,2025,2025-10-09,1,14022.0,True
2335,Mr. K,Mr. K,False,Music Box Films,2025-10-03,2025-10-03,2025,2025-12-04,7,16056.0,True
2336,Tron: Ares,Tron: Ares,False,Walt Disney Studios Motion Pictures,2025-10-10,2025-10-10,2025,2025-12-04,8,73161014.0,True
2337,Roofman,Roofman,False,Paramount Pictures,2025-10-10,2025-10-10,2025,2025-11-20,6,22739882.0,True
2338,Soul on Fire,Soul on Fire,False,Affirm Films,2025-10-10,2025-10-10,2025,2025-12-04,8,7448606.0,False
2339,Kiss of the Spider Woman,Kiss of the Spider Woman,False,Lionsgate,2025-10-10,2025-10-10,2025,2025-12-18,9,1628029.0,False
2340,After the Hunt,After the Hunt,False,Amazon MGM Studios,2025-10-10,2025-10-10,2025,2025-11-06,4,3258830.0,False
2341,100 Meters,100 Meters,False,GKIDS,2025-10-10,2025-10-10,2025,2025-10-16,1,140991.0,True
2342,If I Had Legs I'd Kick You,If I Had Legs I'd Kick You,False,A24,2025-10-10,2025-10-10,2025,2025-11-27,7,1091404.0,False
2343,Urchin,Urchin,False,1-2 Special,2025-10-10,2025-10-10,2025,2025-12-04,8,204534.0,True
2344,It Was Just an Accident,It Was Just an Accident,False,Neon,2025-10-10,2025-10-10,2025,2026-01-29,16,1773664.0,False
2345,Re-Election,Re-Election,False,Picturehouse,2025-10-10,2025-10-10,2025,2025-10-23,2,19189.0,True
2346,Among Neighbors,Among Neighbors,False,8 Above,2025-10-10,2025-10-10,2025,2026-03-12,13,76918.0,True
2347,Black Phone 2,Black Phone 2,False,Universal Pictures,2025-10-17,2025-10-17,2025,2025-12-11,8,77378880.0,False
2348,Good Fortune,Good Fortune,False,Lionsgate,2025-10-17,2025-10-17,2025,2025-11-20,5,16585758.0,True
2349,Truth & Treason,Truth & Treason,False,Angel,2025-10-17,2025-10-17,2025,2025-12-11,8,6044364.0,False
2350,Pets on a Train,Pets on a Train,False,Viva Pictures,2025-10-17,2025-10-17,2025,2025-12-04,7,1902241.0,False
2351,The Nightmare Before Christmas2025 Re-Release,The Nightmare Before Christmas,True,,2025-10-17,2025-10-17,2025,2025-11-06,3,962106.0,False
2352,Thamma,Thamma,False,Yash Raj Films USA Inc.,2025-10-17,2025-10-17,2025,2025-10-30,2,885111.0,True
2353,The Mastermind,The Mastermind,False,MUBI,2025-10-17,2025-10-17,2025,2025-12-25,10,1104490.0,True
2354,Blue Moon,Blue Moon,False,Sony Pictures Classics,2025-10-17,2025-10-17,2025,2026-03-19,22,2170688.0,True
2355,Miss Kobayashi's Dragon Maid: A Lonely Dragon Wants to Be Loved,Miss Kobayashi's Dragon Maid: A Lonely Dragon Wants to Be Loved,False,Sony Pictures Releasing,2025-10-17,2025-10-17,2025,2025-10-23,1,87563.0,False
2356,Wisdom of Happiness,Wisdom of Happiness,False,Abramorama,2025-10-17,2025-10-17,2025,2025-10-23,1,72109.0,False
2357,St. Elmo's Fire2025 Re-release,St. Elmo's Fire,True,Sony Pictures Classics,2025-10-17,2025-10-17,2025,2025-10-23,1,61644.0,False
2358,The Man Who Saves the World?,The Man Who Saves the World?,False,Area 23a,2025-10-17,2025-10-17,2025,2026-03-19,11,87330.0,False
2359,Cologne 75,Cologne 75,False,Zeitgeist Films,2025-10-17,2025-10-17,2025,2026-01-15,12,45370.0,True
2360,Fuck My Son!,Fuck My Son!,False,Cartuna,2025-10-17,2025-10-17,2025,2026-03-05,20,58207.0,False
2361,Hedda,Hedda,False,Amazon MGM Studios,2025-10-17,2025-10-17,2025,2025-10-30,2,8393.0,True
2362,Chainsaw Man - The Movie: Reze Arc,Chainsaw Man - The Movie: Reze Arc,False,Sony Pictures Releasing,2025-10-24,2025-10-24,2025,2025-12-18,8,43438461.0,False
2363,Regretting You,Regretting You,False,Paramount Pictures,2025-10-24,2025-10-24,2025,2025-12-18,8,48852948.0,True
2364,Springsteen: Deliver Me from Nowhere,Springsteen: Deliver Me from Nowhere,False,20th Century Studios,2025-10-24,2025-10-24,2025,2025-12-04,6,22638297.0,False
2365,Shelby Oaks,Shelby Oaks,False,Neon,2025-10-24,2025-10-24,2025,2025-11-20,4,4500051.0,True
2366,Twilight2025 Re-release,Twilight,True,-,2025-10-24,2025-10-24,2025,2025-10-30,1,1591340.0,True
2367,Bugonia,Bugonia,False,Focus Features,2025-10-24,2025-10-24,2025,2025-12-18,8,17692390.0,True
2368,The Twilight Saga: New Moon2025 Re-release,The Twilight Saga: New Moon,True,-,2025-10-24,2025-10-24,2025,2025-10-30,1,594229.0,False
2369,Stitch Head,Stitch Head,False,Briarcliff Entertainment,2025-10-24,2025-10-24,2025,2025-11-27,5,4562943.0,True
2370,Libera nos: Il trionfo sul male,Libera nos: Il trionfo sul male,False,-,2025-10-24,2025-10-24,2025,2025-10-30,1,227674.0,False
2371,Last Days,Last Days,False,Vertical Entertainment,2025-10-24,2025-10-24,2025,2025-11-06,2,219915.0,True
2372,Dream Eater,Dream Eater,False,Iconic Events Releasing,2025-10-24,2025-10-24,2025,2025-11-06,2,123758.0,True
2373,Queens of the Dead,Queens of the Dead,False,IFC Films,2025-10-24,2025-10-24,2025,2025-11-13,3,113123.0,False
2374,Anniversary,Anniversary,False,Roadside Attractions,2025-10-24,2025-10-24,2025,2025-11-20,4,551286.0,True
2375,Mistress Dispeller,Mistress Dispeller,False,Oscilloscope,2025-10-24,2025-10-17,2025,2026-02-05,12,93197.0,True
2376,Dracula,Dracula,False,1-2 Special,2025-10-24,2025-10-24,2025,2026-03-12,11,13053400.0,True
2377,Seclusion,Seclusion,False,Indican Pictures,2025-10-24,2025-10-24,2025,2026-01-08,4,10600.0,True
2378,Back to the Future40th Anniversary,Back to the Future,True,Universal Pictures,2025-10-31,2025-10-31,2025,2025-11-20,3,7923545.0,False
2379,Baahubali: The Epic,Baahubali: The Epic,False,Variance Films,2025-10-31,2025-10-31,2025,2025-11-20,3,1039440.0,False
2380,The Twilight Saga: Breaking Dawn - Part 22025 Re-release,The Twilight Saga: Breaking Dawn - Part 2,True,-,2025-10-31,2025-10-31,2025,2025-11-06,1,819949.0,False
2381,The Twilight Saga: Breaking Dawn - Part 12025 Re-release,The Twilight Saga: Breaking Dawn - Part 1,True,-,2025-10-31,2025-10-31,2025,2025-11-06,1,510490.0,False
2382,The Twilight Saga: Eclipse2025 Re-release,The Twilight Saga: Eclipse,True,-,2025-10-31,2025-10-31,2025,2025-11-06,1,309013.0,False
2383,Violent Ends,Violent Ends,False,IFC Films,2025-10-31,2025-10-31,2025,2025-11-13,2,185131.0,True
2384,"Coexistence, My Ass!","Coexistence, My Ass!",False,,2025-10-31,2025-10-31,2025,2025-11-20,3,37729.0,False
2385,Little Amélie or the Character of Rain,Little Amélie or the Character of Rain,False,GKIDS,2025-10-31,2025-10-31,2025,2026-03-12,19,187561.0,False
2386,Put Your Soul on Your Hand and Walk,Put Your Soul on Your Hand and Walk,False,Kino Lorber,2025-10-31,2025-10-31,2025,2026-05-07,23,60080.0,False
2387,Predator: Badlands,Predator: Badlands,False,20th Century Studios,2025-11-07,2025-11-07,2025,2026-01-15,10,91083631.0,True
2388,Sarah's Oil,Sarah's Oil,False,Amazon MGM Studios,2025-11-07,2025-11-07,2025,2025-12-18,6,11675627.0,True
2389,Nuremberg,Nuremberg,False,Sony Pictures Classics,2025-11-07,2025-11-07,2025,2026-02-05,13,14524693.0,True
2390,Die My Love,Die My Love,False,MUBI,2025-11-07,2025-11-07,2025,2025-12-25,7,5515263.0,False
2391,Christy,Christy,False,Black Bear,2025-11-07,2025-11-07,2025,2025-11-20,2,1952677.0,True
2392,The Christmas Ring,The Christmas Ring,False,-,2025-11-07,2025-10-31,2025,2025-11-20,2,1229930.0,False
2393,Grand Prix of Europe,Grand Prix of Europe,False,Viva Pictures,2025-11-07,2025-11-07,2025,2025-12-04,4,733419.0,False
2394,Sentimental Value,Sentimental Value,False,Neon,2025-11-07,2025-11-07,2025,2026-03-19,19,5338580.0,True
2395,Chicken Run2025 Re-release,Chicken Run,True,Universal Pictures,2025-11-07,2025-11-07,2025,2025-11-13,1,237145.0,True
2396,Peter Hujar's Day,Peter Hujar's Day,False,Janus Films,2025-11-07,2025-11-07,2025,2026-01-22,11,256928.0,False
2397,Brothers on Three,Brothers on Three,False,Military Movies,2025-11-07,2025-11-07,2025,2025-11-13,1,25643.0,False
2398,Natchez,Natchez,False,Oscilloscope,2025-11-07,2025-11-07,2025,2026-07-02,16,204945.0,True
2399,Belén,Belén,False,Amazon MGM Studios,2025-11-07,2025-11-07,2025,2025-11-13,1,2558.0,True
2400,Now You See Me: Now You Don't,Now You See Me: Now You Don't,False,Lionsgate,2025-11-14,2025-11-14,2025,2026-01-01,7,61882396.0,False
2401,The Running Man,The Running Man,False,Paramount Pictures,2025-11-14,2025-11-14,2025,2025-12-18,5,37815641.0,False
2402,Keeper,Keeper,False,Neon,2025-11-14,2025-11-14,2025,2025-12-04,3,4200165.0,True
2403,Angel's Egg,Angel's Egg,False,GKIDS,2025-11-14,2025-11-14,2025,2026-02-05,12,864396.0,True
2404,King Ivory,King Ivory,False,Roadside Attractions,2025-11-14,2025-11-14,2025,2025-12-04,3,154681.0,True
2405,The Carpenter's Son,The Carpenter's Son,False,Magnolia Pictures,2025-11-14,2025-11-14,2025,2025-11-20,1,141193.0,False
2406,Muzzle: City of Wolves,Muzzle: City of Wolves,False,IFC Films,2025-11-14,2025-11-14,2025,2025-11-20,1,118977.0,False
2407,Kokuho,Kokuho,False,GKIDS,2025-11-14,2025-11-14,2025,2026-04-09,10,1119136.0,True
2408,Arco,Arco,False,Neon,2025-11-14,2025-11-14,2025,2025-11-20,1,45268.0,True
2409,Sirat,Sirat,False,Neon,2025-11-14,2025-11-14,2025,2025-11-20,1,34057.0,True
2410,Rebuilding,Rebuilding,False,Bleecker Street Media,2025-11-14,2025-11-14,2025,2025-12-18,5,153326.0,True
2411,Overlord: The Sacred Kingdom10th Anniversary,Overlord: The Sacred Kingdom,True,Sony Pictures Releasing,2025-11-14,2025-11-14,2025,2025-11-20,1,18830.0,False
2412,Tapawingo,Tapawingo,False,Indican Pictures,2025-11-14,2025-11-14,2025,2025-11-20,1,2950.0,True
2413,The Business of Fancydancing2025 Re-release,The Business of Fancydancing,True,Kino Lorber,2025-11-14,2025-11-14,2025,2026-04-30,15,13177.0,False
2414,Wicked: For Good,Wicked: For Good,False,Universal Pictures,2025-11-21,2025-11-14,2025,2026-01-29,10,342915090.0,False
2415,Zootopia 2,Zootopia 2,False,Walt Disney Studios Motion Pictures,2025-11-21,2025-11-21,2025,2026-04-02,19,428130160.0,True
2416,Rental Family,Rental Family,False,Searchlight Pictures,2025-11-21,2025-11-21,2025,2025-12-25,5,10047429.0,True
2417,Sisu: Road to Revenge,Sisu: Road to Revenge,False,Sony Pictures Releasing,2025-11-21,2025-11-21,2025,2025-12-11,3,4544481.0,False
2418,Eternity,Eternity,False,A24,2025-11-21,2025-11-21,2025,2026-01-22,9,16210244.0,True
2419,Wake Up Dead Man,Wake Up Dead Man,False,Netflix,2025-11-21,2025-11-21,2025,2025-12-04,2,1600000.0,False
2420,Hamnet,Hamnet,False,Focus Features,2025-11-21,2025-11-21,2025,2026-03-19,17,24208900.0,True
2421,The Secret Agent,The Secret Agent,False,Neon,2025-11-21,2025-11-21,2025,2026-03-19,17,4282051.0,False
2422,Zodiac Killer Project,Zodiac Killer Project,False,Music Box Films,2025-11-21,2025-11-21,2025,2026-01-15,7,19957.0,False
2423,Cutting Through Rocks,Cutting Through Rocks,False,-,2025-11-21,2025-11-21,2025,2025-11-27,1,7066.0,False
2424,Killer Raccoons! 2! Dark Christmas in the Dark!2025 Re-release,Killer Raccoons! 2! Dark Christmas in the Dark!,True,Indican Pictures,2025-11-21,2025-11-21,2025,2026-02-05,11,18213.0,False
2425,The Thing with Feathers,The Thing with Feathers,False,Briarcliff Entertainment,2025-11-28,2025-11-28,2025,2025-12-04,1,171832.0,False
2426,The Tale of Silyan,The Tale of Silyan,False,Picturehouse,2025-11-28,2025-11-28,2025,2025-12-18,3,21146.0,False
2427,Fureru,Fureru,False,Sony Pictures Releasing,2025-11-28,2025-11-28,2025,2025-12-04,1,409.0,True
2428,Five Nights at Freddy's 2,Five Nights at Freddy's 2,False,Universal Pictures,2025-12-05,2025-12-05,2025,2026-01-29,8,127730290.0,False
2429,Jujutsu Kaisen: Execution,Jujutsu Kaisen: Execution,False,GKIDS,2025-12-05,2025-12-05,2025,2026-01-15,6,16583133.0,False
2430,Kill Bill: The Whole Bloody Affair,Kill Bill: The Whole Bloody Affair,False,Lionsgate,2025-12-05,2025-12-05,2025,2025-12-18,2,6002538.0,False
2431,Merrily We Roll Along,Merrily We Roll Along,False,Sony Pictures Classics,2025-12-05,2025-12-05,2025,2026-01-29,8,2508329.0,False
2432,Dhurandhar,Dhurandhar,False,Moviegoers Entertainment,2025-12-05,2025-12-05,2025,2025-12-25,3,8570000.0,True
2433,Fackham Hall,Fackham Hall,False,Bleecker Street Media,2025-12-05,2025-12-05,2025,2025-12-18,2,1035184.0,True
2434,100 Nights of Hero,100 Nights of Hero,False,IFC Films,2025-12-05,2025-12-05,2025,2025-12-18,2,324768.0,False
2435,Rosemead,Rosemead,False,Vertical Entertainment,2025-12-05,2025-12-05,2025,2026-02-05,6,287988.0,True
2436,The Chronology of Water,The Chronology of Water,False,-,2025-12-05,2025-12-05,2025,2026-03-12,10,302825.0,False
2437,La Grazia,La Grazia,False,MUBI,2025-12-05,2025-12-05,2025,2026-01-22,7,132311.0,True
2438,Man Finds Tape,Man Finds Tape,False,Magnolia Pictures,2025-12-05,2025-12-05,2025,2025-12-11,1,10682.0,False
2439,Come Closer,Come Closer,False,Greenwich Entertainment,2025-12-05,2025-12-05,2025,2025-12-11,1,5288.0,True
2440,Little Trouble Girls,Little Trouble Girls,False,Kino Lorber,2025-12-05,2025-12-05,2025,2026-01-15,6,25486.0,False
2441,Boil Alert,Boil Alert,False,Indican Pictures,2025-12-05,2025-12-05,2025,2026-01-22,6,7575.0,True
2442,Happy Holidays,Happy Holidays,False,Film Movement,2025-12-05,2025-12-05,2025,2025-12-11,1,17434.0,True
2443,Breakup Season2025 Re-release,Breakup Season,True,Buffalo 8 Productions,2025-12-05,2025-12-05,2025,2025-12-11,1,1755.0,True
2444,Ella McCay,Ella McCay,False,20th Century Studios,2025-12-12,2025-12-12,2025,2026-01-15,5,4033242.0,True
2445,How the Grinch Stole Christmas2025 Re-release,How the Grinch Stole Christmas,True,Universal Pictures,2025-12-12,2025-12-12,2025,2025-12-25,2,3063665.0,False
2446,The Shining2025 Re-release,The Shining,True,,2025-12-12,2025-12-12,2025,2025-12-18,1,1560000.0,True
2447,"Silent Night, Deadly Night","Silent Night, Deadly Night",False,Iconic Events Releasing,2025-12-12,2025-12-12,2025,2025-12-18,1,1495324.0,False
2448,Dust Bunny,Dust Bunny,False,Roadside Attractions,2025-12-12,2025-12-05,2025,2026-02-05,8,584724.0,True
2449,Sense and Sensibility2025 Re-release,Sense and Sensibility,True,Sony Pictures Classics,2025-12-12,2025-12-12,2025,2025-12-18,1,253295.0,False
2450,Crunchyroll Anime Nights SNEAK PEEK,Crunchyroll Anime Nights SNEAK PEEK,False,Sony Pictures Releasing,2025-12-12,2025-12-12,2025,2025-12-18,1,48126.0,False
2451,Atropia,Atropia,False,Vertical Entertainment,2025-12-12,2025-12-12,2025,2026-02-05,5,64144.0,True
2452,The King of Color,The King of Color,False,Picturehouse Entertainment,2025-12-12,2025-12-12,2025,2025-12-18,1,4442.0,False
2453,Avatar: Fire and Ash,Avatar: Fire and Ash,False,20th Century Studios,2025-12-19,2025-12-19,2025,2026-04-16,17,404340010.0,False
2454,David,David,False,Angel,2025-12-19,2025-12-19,2025,2026-04-09,16,80382774.0,True
2455,The Housemaid,The Housemaid,False,Lionsgate,2025-12-19,2025-12-19,2025,2026-03-05,11,126432462.0,True
2456,The SpongeBob Movie: Search for SquarePants,The SpongeBob Movie: Search for SquarePants,False,Paramount Pictures,2025-12-19,2025-12-19,2025,2026-02-19,9,71068170.0,False
2457,Marty Supreme,Marty Supreme,False,A24,2025-12-19,2025-12-19,2025,2026-04-23,18,96040064.0,True
2458,Anaconda,Anaconda,False,Sony Pictures Releasing,2025-12-19,2025-12-19,2025,2026-03-19,13,65098148.0,True
2459,Song Sung Blue,Song Sung Blue,False,Focus Features,2025-12-19,2025-12-19,2025,2026-02-19,9,39185290.0,False
2460,Is This Thing On?,Is This Thing On?,False,Walt Disney Studios Motion Pictures,2025-12-19,2025-12-19,2025,2026-02-12,8,6185385.0,False
2461,No Other Choice,No Other Choice,False,Neon,2025-12-19,2025-12-19,2025,2026-03-05,11,10011860.0,False
2462,Father Mother Sister Brother,Father Mother Sister Brother,False,MUBI,2025-12-19,2025-12-19,2025,2026-02-26,10,964544.0,False
2463,The Voice of Hind Rajab,The Voice of Hind Rajab,False,WILLA,2025-12-19,2025-12-12,2025,2026-04-02,15,955679.0,False
2464,The Testament of Ann Lee,The Testament of Ann Lee,False,Searchlight Pictures,2025-12-19,2025-12-19,2025,2026-02-19,9,2515020.0,False
2465,The Plague,The Plague,False,IFC Films,2025-12-19,2025-12-19,2025,2026-01-22,5,685153.0,True
2466,The Choral,The Choral,False,Sony Pictures Classics,2025-12-19,2025-12-19,2025,2026-03-05,11,1020176.0,True
2467,We Bury the Dead,We Bury the Dead,False,Vertical Entertainment,2026-01-02,2026-01-02,2026,2026-02-05,5,3711918.0,False
2468,Lupin the IIIrd: The Movie - The Immortal Bloodline,Lupin the IIIrd: The Movie - The Immortal Bloodline,False,GKIDS,2026-01-02,2026-01-02,2026,2026-01-15,2,121507.0,False
2469,Primate,Primate,False,Paramount Pictures,2026-01-09,2026-01-09,2026,2026-02-12,5,25635665.0,True
2470,Greenland 2: Migration,Greenland 2: Migration,False,Lionsgate,2026-01-09,2026-01-09,2026,2026-02-05,4,17770308.0,False
2471,I Was a Stranger,I Was a Stranger,False,Angel,2026-01-09,2026-01-09,2026,2026-02-05,4,2008686.0,False
2472,Dead Man's Wire,Dead Man's Wire,False,Row K Entertainment,2026-01-09,2026-01-09,2026,2026-02-12,5,2236813.0,False
2473,All That's Left of You,All That's Left of You,False,Watermelon Pictures,2026-01-09,2026-01-09,2026,2026-03-26,11,511491.0,False
2474,Magellan,Magellan,False,Janus Films,2026-01-09,2026-01-09,2026,2026-04-16,14,231318.0,True
2475,Obex,Obex,False,Oscilloscope,2026-01-09,2026-01-09,2026,2026-04-02,9,48174.0,True
2476,Holding Liat,Holding Liat,False,The Film Collaborative,2026-01-09,2026-01-09,2026,2026-06-25,13,77967.0,True
2477,Young Mothers,Young Mothers,False,Music Box Films,2026-01-09,2026-01-09,2026,2026-05-21,9,13032.0,True
2478,28 Years Later: The Bone Temple,28 Years Later: The Bone Temple,False,Sony Pictures Releasing,2026-01-16,2026-01-16,2026,2026-02-19,5,25147583.0,False
2479,The Lord of the Rings: The Fellowship of the Ring2026 Re-release,The Lord of the Rings: The Fellowship of the Ring,True,-,2026-01-16,2026-01-16,2026,2026-01-29,2,5940331.0,False
2480,The Lord of the Rings: The Two Towers2026 Re-release,The Lord of the Rings: The Two Towers,True,-,2026-01-16,2026-01-16,2026,2026-01-29,2,4093642.0,False
2481,The Lord of the Rings: The Return of the King2026 Re-release,The Lord of the Rings: The Return of the King,True,-,2026-01-16,2026-01-16,2026,2026-01-29,2,3971340.0,False
2482,Charlie the Wonderdog,Charlie the Wonderdog,False,Viva Pictures,2026-01-16,2026-01-16,2026,2026-02-26,6,2003436.0,False
2483,Madagascar2026 Re-release,Madagascar,True,Universal Pictures,2026-01-16,2026-01-16,2026,2026-01-29,2,708665.0,True
2484,All You Need Is Kill,All You Need Is Kill,False,GKIDS,2026-01-16,2026-01-16,2026,2026-03-05,7,695290.0,False
2485,Night Patrol,Night Patrol,False,IFC Films,2026-01-16,2026-01-16,2026,2026-01-29,2,372115.0,True
2486,A Private Life,A Private Life,False,Sony Pictures Classics,2026-01-16,2026-01-16,2026,2026-03-26,10,1421315.0,False
2487,Zombie Land Saga: Yumeginga Paradise,Zombie Land Saga: Yumeginga Paradise,False,Sony Pictures Releasing,2026-01-16,2026-01-16,2026,2026-01-22,1,87333.0,False
2488,Sound of Falling,Sound of Falling,False,MUBI,2026-01-16,2026-01-16,2026,2026-03-05,7,88547.0,False
2489,Queen Kelly,Queen Kelly,False,Kino Lorber,2026-01-16,2026-01-16,2026,2026-07-09,21,50221.0,True
2490,Mercy,Mercy,False,Amazon MGM Studios,2026-01-23,2026-01-23,2026,2026-02-26,5,24390303.0,True
2491,Return to Silent Hill,Return to Silent Hill,False,Cineverse,2026-01-23,2026-01-23,2026,2026-02-12,3,5544971.0,False
2492,Clika,Clika,False,Columbia Pictures,2026-01-23,2026-01-23,2026,2026-03-05,6,2644377.0,True
2493,Hard Boiled2026 Re-release,Hard Boiled,True,GKIDS,2026-01-23,2026-01-23,2026,2026-02-05,2,392742.0,True
2494,H Is for Hawk,H Is for Hawk,False,Roadside Attractions,2026-01-23,2026-01-23,2026,2026-04-16,12,342239.0,False
2495,Standout: The Ben Kjar Story,Standout: The Ben Kjar Story,False,-,2026-01-23,2026-01-23,2026,2026-09-03,24,655484.0,False
2496,Arco2026 Re-release,Arco,True,Neon,2026-01-23,2026-01-23,2026,2026-02-26,5,1000913.0,True
2497,Mr. Nobody Against Putin,Mr. Nobody Against Putin,False,Kino Lorber,2026-01-23,2026-01-16,2026,2026-06-18,20,270123.0,False
2498,The Dreamer Cinderella,The Dreamer Cinderella,False,Atlas Distribution Company,2026-01-23,2026-01-23,2026,2026-01-29,1,8880.0,False
2499,Conversation Piece2025 Re-release,Conversation Piece,True,Kino Lorber,2026-01-23,2026-01-23,2026,2026-06-11,12,22678.0,True
2500,Send Help,Send Help,False,Walt Disney Studios Motion Pictures,2026-01-30,2026-01-30,2026,2026-04-09,10,64734795.0,True
2501,Iron Lung,Iron Lung,False,Markiplier,2026-01-30,2026-01-30,2026,2026-02-19,3,34960000.0,True
2502,Melania,Melania,False,Amazon MGM Studios,2026-01-30,2026-01-30,2026,2026-03-05,5,16357453.0,True
2503,Shelter,Shelter,False,Black Bear,2026-01-30,2026-01-30,2026,2026-03-05,5,12805541.0,True
2504,The Moment,The Moment,False,A24,2026-01-30,2026-01-30,2026,2026-04-23,12,3925376.0,True
2505,Back to the Past,Back to the Past,False,Well Go USA Entertainment,2026-01-30,2026-01-30,2026,2026-03-12,6,1948244.0,False
2506,Infinite Icon: A Visual Memoir,Infinite Icon: A Visual Memoir,False,CJ 4DPlex,2026-01-30,2026-01-30,2026,2026-02-05,1,200000.0,False
2507,Islands,Islands,False,Greenwich Entertainment,2026-01-30,2026-01-30,2026,2026-02-26,4,53192.0,True
2508,A Poet,A Poet,False,1-2 Special,2026-01-30,2026-01-30,2026,2026-06-25,21,276832.0,True
2509,The Love That Remains,The Love That Remains,False,Janus Films,2026-01-30,2026-01-30,2026,2026-04-30,12,146508.0,False
2510,Paying for It,Paying for It,False,Film Movement,2026-01-30,2026-01-30,2026,2026-02-12,2,12276.0,False
2511,Solo Mio,Solo Mio,False,Angel,2026-02-06,2026-02-06,2026,2026-05-14,14,25736278.0,True
2512,Stray Kids: The Dominate Experience,Stray Kids: The Dominate Experience,False,Bleecker Street Media,2026-02-06,2026-02-06,2026,2026-02-26,3,7232818.0,False
2513,The Strangers: Chapter 3,The Strangers: Chapter 3,False,Lionsgate,2026-02-06,2026-02-06,2026,2026-03-05,4,8560986.0,False
2514,Time Hoppers: The Silk Road,Time Hoppers: The Silk Road,False,-,2026-02-06,2026-02-06,2026,2026-02-19,2,1114850.0,False
2515,Whistle,Whistle,False,IFC Films,2026-02-06,2026-02-06,2026,2026-03-05,4,1250972.0,True
2516,Bendito Corazon,Bendito Corazon,False,-,2026-02-06,2026-02-06,2026,2026-02-26,3,2997508.0,True
2517,Pillion,Pillion,False,A24,2026-02-06,2026-02-06,2026,2026-04-23,11,3852823.0,True
2518,Buffalo Kids,Buffalo Kids,False,Viva Pictures,2026-02-06,2026-02-06,2026,2026-02-19,2,214534.0,True
2519,Sirat2026 Re-release,Sirat,True,Neon,2026-02-06,2026-02-06,2026,2026-04-09,8,1711698.0,True
2520,The President's Cake,The President's Cake,False,Sony Pictures Classics,2026-02-06,2026-02-06,2026,2026-04-02,8,256542.0,False
2521,Starman,Starman,False,-,2026-02-06,2026-02-06,2026,2026-03-05,4,30834.0,True
2522,Jimpa,Jimpa,False,Kino Lorber,2026-02-06,2026-02-06,2026,2026-06-25,17,49781.0,True
2523,Wuthering Heights,Wuthering Heights,False,Warner Bros.,2026-02-13,2026-02-13,2026,2026-04-09,8,84001072.0,True
2524,GOAT,GOAT,False,Sony Pictures Releasing,2026-02-13,2026-02-13,2026,2026-04-30,11,103316898.0,True
2525,Crime 101,Crime 101,False,Amazon MGM Studios,2026-02-13,2026-02-13,2026,2026-04-02,7,36588336.0,True
2526,"Good Luck, Have Fun, Don't Die","Good Luck, Have Fun, Don't Die",False,Briarcliff Entertainment,2026-02-13,2026-02-13,2026,2026-03-26,6,8431443.0,False
2527,Nirvanna the Band the Show the Movie,Nirvanna the Band the Show the Movie,False,Neon,2026-02-13,2026-02-13,2026,2026-03-26,6,4044418.0,False
2528,Cold Storage,Cold Storage,False,The Samuel Goldwyn Company,2026-02-13,2026-02-13,2026,2026-02-19,1,1357066.0,True
2529,The Mortuary Assistant,The Mortuary Assistant,False,Seismic Releasing,2026-02-13,2026-02-13,2026,2026-03-05,3,454776.0,False
2530,The Trouble with Terkel2026 Re-release,The Trouble with Terkel,True,Indican Pictures,2026-02-13,2026-02-13,2026,2026-03-26,6,415518.0,False
2531,Fruits Basket: Prelude,Fruits Basket: Prelude,False,Crunchyroll,2026-02-13,2026-02-13,2026,2026-02-19,1,103428.0,False
2532,My Father's Shadow,My Father's Shadow,False,MUBI,2026-02-13,2026-02-13,2026,2026-04-09,8,142625.0,False
2533,By Design,By Design,False,Music Box Films,2026-02-13,2026-02-13,2026,2026-06-11,11,44307.0,True
2534,I Can Only Imagine 2,I Can Only Imagine 2,False,Lionsgate,2026-02-20,2026-02-20,2026,2026-04-02,6,18588615.0,False
2535,How to Make a Killing,How to Make a Killing,False,A24,2026-02-20,2026-02-20,2026,2026-04-30,10,7851600.0,False
2536,Epic: Elvis Presley in Concert,Epic: Elvis Presley in Concert,False,Neon,2026-02-20,2026-02-20,2026,2026-04-09,7,13571883.0,False
2537,Psycho Killer,Psycho Killer,False,20th Century Studios,2026-02-20,2026-02-20,2026,2026-03-12,3,2555070.0,True
2538,2026 Oscar Nominated Short Films,2026 Oscar Nominated Short Films,False,Roadside Attractions,2026-02-20,2026-02-20,2026,2026-04-16,8,3754480.0,False
2539,2026 Oscar Nominated Short Films: Animation,2026 Oscar Nominated Short Films: Animation,False,Roadside Attractions,2026-02-20,2026-02-20,2026,2026-03-05,2,2087582.0,False
2540,Blades of the Guardians,Blades of the Guardians,False,Well Go USA Entertainment,2026-02-20,2026-02-13,2026,2026-03-12,3,1512474.0,False
2541,Midwinter Break,Midwinter Break,False,Focus Features,2026-02-20,2026-02-20,2026,2026-03-05,2,1002905.0,True
2542,This Is Not a Test,This Is Not a Test,False,IFC Films,2026-02-20,2026-02-20,2026,2026-03-05,2,213951.0,False
2543,Billy Preston: That's the Way God Planned It,Billy Preston: That's the Way God Planned It,False,Abramorama,2026-02-20,2026-02-20,2026,2026-03-12,3,65621.0,False
2544,Scream 7,Scream 7,False,Paramount Pictures,2026-02-27,2026-02-27,2026,2026-04-30,9,121935967.0,True
2545,Twenty One Pilots: More Than We Ever Imagined,Twenty One Pilots: More Than We Ever Imagined,False,Trafalgar Releasing,2026-02-27,2026-02-20,2026,2026-03-05,1,4300000.0,False
2546,Uma Musume: Pretty Derby - Beginning of a New Era,Uma Musume: Pretty Derby - Beginning of a New Era,False,Gaga,2026-02-27,2026-02-27,2026,2026-03-19,3,1275499.0,False
2547,A Better Tomorrow2026 Re-release,A Better Tomorrow,True,GKIDS,2026-02-27,2026-02-27,2026,2026-03-05,1,240938.0,False
2548,The Revenant10th Anniversary,The Revenant,True,Walt Disney Studios Motion Pictures,2026-02-27,2026-02-27,2026,2026-03-19,2,609500.0,True
2549,Dreams,Dreams,False,Greenwich Entertainment,2026-02-27,2026-02-27,2026,2026-04-02,5,133797.0,True
2550,Hypnosismic -Division Rap Battle- Interactive Movie,Hypnosismic -Division Rap Battle- Interactive Movie,False,GKIDS,2026-02-27,2026-02-27,2026,2026-03-19,3,114569.0,False
2551,Hypnosismic -Division Rap Battle- Rule the Stage -Battle of Pride 2023,Hypnosismic -Division Rap Battle- Rule the Stage -Battle of Pride 2023,False,GKIDS,2026-02-27,2026-02-27,2026,2026-03-05,1,58276.0,False
2552,Days and Nights in the Forest,Days and Nights in the Forest,False,Janus Films,2026-02-27,2026-02-27,2026,2026-03-26,4,114722.0,False
2553,For Worse,For Worse,False,Brainstorm Media,2026-02-27,2026-02-27,2026,2026-03-12,2,40579.0,True
2554,The Napa Boys,The Napa Boys,False,Magnolia Pictures,2026-02-27,2026-02-27,2026,2026-04-09,6,45690.0,False
2555,Hoppers,Hoppers,False,Walt Disney Studios Motion Pictures,2026-03-06,2026-03-06,2026,2026-06-04,13,166010783.0,True
2556,The Bride!,The Bride!,False,IMAX,2026-03-06,2026-03-06,2026,2026-04-02,4,12744025.0,True
2557,Protector,Protector,False,Magenta Light Studios,2026-03-06,2026-03-06,2026,2026-04-16,6,1290170.0,True
2558,Dolly,Dolly,False,IFC Films,2026-03-06,2026-03-06,2026,2026-03-19,2,725979.0,True
2559,Youngblood,Youngblood,False,Well Go USA Entertainment,2026-03-06,2026-03-06,2026,2026-03-12,1,353845.0,True
2560,Pompei: Below the Clouds,Pompei: Below the Clouds,False,MUBI,2026-03-06,2026-03-06,2026,2026-04-09,5,99662.0,False
2561,Silver Star,Silver Star,False,Indican Pictures,2026-03-06,2026-03-06,2026,2026-04-02,4,19200.0,True
2562,Heel,Heel,False,Magnolia Pictures,2026-03-06,2026-03-06,2026,2026-03-12,1,5055.0,True
2563,Reminders of Him,Reminders of Him,False,Universal Pictures,2026-03-13,2026-03-13,2026,2026-05-07,8,48559430.0,False
2564,Undertone,Undertone,False,A24,2026-03-13,2026-03-13,2026,2026-05-21,10,20001151.0,True
2565,Dhurandhar: The Revenge,Dhurandhar: The Revenge,False,Moviegoers Entertainment,2026-03-13,2026-03-13,2026,2026-04-23,6,28100759.0,False
2566,Kiki's Delivery Service2026 Re-release,Kiki's Delivery Service,True,GKIDS,2026-03-13,2026-03-13,2026,2026-05-28,11,2697212.0,False
2567,Teenage Mutant Ninja Turtles II: The Secret of the Ooze2026 Re-release,Teenage Mutant Ninja Turtles II: The Secret of the Ooze,True,Fandango,2026-03-13,2026-03-13,2026,2026-03-19,1,1476000.0,False
2568,Slanted,Slanted,False,Bleecker Street Media,2026-03-13,2026-03-13,2026,2026-03-26,2,906216.0,True
2569,He Calls Me Daughter,He Calls Me Daughter,False,-,2026-03-13,2026-03-13,2026,2026-03-19,1,802849.0,False
2570,Tommy50th Anniversary,Tommy,True,Columbia Pictures,2026-03-13,2026-03-13,2026,2026-03-19,1,260759.0,True
2571,Crunchyroll Anime Nights March 2026 Sneak Peek Edition,Crunchyroll Anime Nights March 2026 Sneak Peek Edition,False,Sony Pictures Releasing,2026-03-13,2026-03-13,2026,2026-03-19,1,67529.0,False
2572,Scared to Death,Scared to Death,False,Atlas Distribution Company,2026-03-13,2026-03-13,2026,2026-03-19,1,35925.0,False
2573,Project Hail Mary,Project Hail Mary,False,Amazon MGM Studios,2026-03-20,2026-03-20,2026,2026-06-25,14,344050007.0,False
2574,Ready or Not 2: Here I Come,Ready or Not 2: Here I Come,False,Searchlight Pictures,2026-03-20,2026-03-20,2026,2026-05-07,7,22986054.0,False
2575,The Pout-Pout Fish,The Pout-Pout Fish,False,Viva Pictures,2026-03-20,2026-03-20,2026,2026-04-23,5,2925502.0,False
2576,Tow,Tow,False,Roadside Attractions,2026-03-20,2026-03-20,2026,2026-05-07,7,291795.0,True
2577,Marc by Sofia,Marc by Sofia,False,A24,2026-03-20,2026-03-20,2026,2026-04-23,5,283345.0,False
2578,Miroirs No. 3,Miroirs No. 3,False,1-2 Special,2026-03-20,2026-03-20,2026,2026-08-06,16,221643.0,False
2579,Palestine 36,Palestine 36,False,Watermelon Pictures,2026-03-20,2026-03-20,2026,2026-07-02,14,688768.0,True
2580,Two Prosecutors,Two Prosecutors,False,Janus Films,2026-03-20,2026-03-20,2026,2026-06-04,10,115168.0,True
2581,Late Shift,Late Shift,False,Music Box Films,2026-03-20,2026-03-20,2026,2026-06-25,12,42638.0,True
2582,Dead Lover,Dead Lover,False,Cartuna,2026-03-20,2026-03-20,2026,2026-05-28,10,102194.0,True
2583,The Super Mario Galaxy Movie,The Super Mario Galaxy Movie,False,Universal Pictures,2026-03-27,2026-03-27,2026,2026-07-02,14,429814610.0,False
2584,They Will Kill You,They Will Kill You,False,Warner Bros.,2026-03-27,2026-03-27,2026,2026-04-30,5,10882152.0,False
2585,Forbidden Fruits,Forbidden Fruits,False,IFC Films,2026-03-27,2026-03-27,2026,2026-04-23,4,2322616.0,True
2586,The AI Doc: Or How I Became an Apocaloptimist,The AI Doc: Or How I Became an Apocaloptimist,False,Focus Features,2026-03-27,2026-03-27,2026,2026-04-09,2,1271825.0,False
2587,The Mummy Returns25th Anniversary,The Mummy Returns,True,Universal Pictures,2026-03-27,2026-03-27,2026,2026-04-02,1,785110.0,False
2588,Stand by Me40th Anniversary,Stand by Me,True,Sony Pictures Releasing,2026-03-27,2026-03-27,2026,2026-04-23,4,700349.0,False
2589,Alpha,Alpha,False,Neon,2026-03-27,2026-03-27,2026,2026-04-09,2,205482.0,True
2590,A Magnificent Life,A Magnificent Life,False,Sony Pictures Classics,2026-03-27,2026-03-27,2026,2026-04-09,2,128268.0,False
2591,Fantasy Life,Fantasy Life,False,Greenwich Entertainment,2026-03-27,2026-03-27,2026,2026-06-04,10,619760.0,True
2592,"Our Hero, Balthazar","Our Hero, Balthazar",False,WG Pictures,2026-03-27,2026-03-27,2026,2026-08-20,21,329646.0,False
2593,Yes,Yes,False,Kino Lorber,2026-03-27,2026-03-27,2026,2026-07-02,11,42771.0,True
2594,Kontinental '25,Kontinental '25,False,1-2 Special,2026-03-27,2026-03-27,2026,2026-08-27,12,49124.0,True
2595,John Lilly and the Earth Coincidence Control Office,John Lilly and the Earth Coincidence Control Office,False,Oscilloscope,2026-03-27,2026-03-27,2026,2026-05-28,7,21437.0,False
2596,The Drama,The Drama,False,A24,2026-04-03,2026-04-03,2026,2026-05-21,7,48062006.0,True
2597,A Great Awakening,A Great Awakening,False,Roadside Attractions,2026-04-03,2026-04-03,2026,2026-07-16,15,8149028.0,False
2598,The Killer2026 Re-release,The Killer,True,GKIDS,2026-04-03,2026-04-03,2026,2026-04-09,1,301638.0,True
2599,Bonolota Express,Bonolota Express,False,Swapna Scarecrow,2026-04-03,2026-04-03,2026,2026-05-14,6,450376.0,True
2600,The Yeti,The Yeti,False,Well Go USA Entertainment,2026-04-03,2026-04-03,2026,2026-04-09,1,52689.0,True
2601,The Stranger,The Stranger,False,Music Box Films,2026-04-03,2026-04-03,2026,2026-07-23,13,317343.0,True
2602,The Blue Trail,The Blue Trail,False,Dekanalog,2026-04-03,2026-04-03,2026,2026-09-24,13,63951.0,False
2603,Living the Land,Living the Land,False,Film Movement,2026-04-03,2026-04-03,2026,2026-04-23,3,26599.0,False
2604,"You, Me & Tuscany","You, Me & Tuscany",False,Universal Pictures,2026-04-10,2026-04-10,2026,2026-05-14,5,18723685.0,False
2605,BTS World Tour 'Arirang' in Goyang: Live Viewing,BTS World Tour 'Arirang' in Goyang: Live Viewing,False,Trafalgar Releasing,2026-04-10,2026-04-10,2026,2026-04-16,1,2440000.0,False
2606,Exit 8,Exit 8,False,Neon,2026-04-10,2026-04-10,2026,2026-05-07,4,3735090.0,True
2607,Faces of Death,Faces of Death,False,IFC Films,2026-04-10,2026-04-10,2026,2026-04-30,3,2609598.0,False
2608,Hamlet,Hamlet,False,Vertical Entertainment,2026-04-10,2026-04-10,2026,2026-04-23,2,300088.0,True
2609,Jerry Maguire30th Anniversary,Jerry Maguire,True,Sony Pictures Classics,2026-04-10,2026-04-10,2026,2026-04-16,1,117047.0,True
2610,ChaO,ChaO,False,GKIDS,2026-04-10,2026-04-10,2026,2026-04-16,1,112217.0,True
2611,The Christophers,The Christophers,False,Neon,2026-04-10,2026-04-10,2026,2026-05-14,5,1807376.0,True
2612,"Steal This Story, Please!","Steal This Story, Please!",False,-,2026-04-10,2026-04-10,2026,2026-09-24,22,750077.0,False
2613,Lee Cronin's The Mummy,Lee Cronin's The Mummy,False,Warner Bros.,2026-04-17,2026-04-17,2026,2026-05-28,6,29152113.0,False
2614,Normal,Normal,False,Magnolia Pictures,2026-04-17,2026-04-17,2026,2026-05-14,4,5070221.0,True
2615,BTS World Tour 'Arirang' in Japan: Live Viewing,BTS World Tour 'Arirang' in Japan: Live Viewing,False,Trafalgar Releasing,2026-04-17,2026-04-17,2026,2026-04-23,1,1800000.0,False
2616,Busboys,Busboys,False,Busboys Holdings,2026-04-17,2026-04-17,2026,2026-04-23,1,1650000.0,True
2617,Bhooth Bangla,Bhooth Bangla,False,-,2026-04-17,2026-04-10,2026,2026-04-23,1,950000.0,True
2618,Fight Club2026 Re-release,Fight Club,True,20th Century Studios,2026-04-17,2026-04-17,2026,2026-04-30,2,972937.0,True
2619,Mile End Kicks,Mile End Kicks,False,Sumerian Films,2026-04-17,2026-04-17,2026,2026-05-14,4,679591.0,False
2620,Lorne,Lorne,False,Focus Features,2026-04-17,2026-04-17,2026,2026-04-30,2,449135.0,True
2621,Mother Mary,Mother Mary,False,A24,2026-04-17,2026-04-17,2026,2026-05-21,5,2565507.0,True
2622,Whisper of the Heart2026 Re-release,Whisper of the Heart,True,,2026-04-17,2026-04-17,2026,2026-05-28,6,402389.0,False
2623,Bridesmaids2026 Re-release,Bridesmaids,True,,2026-04-17,2026-04-17,2026,2026-04-23,1,179180.0,True
2624,Fireflies at El Mozote,Fireflies at El Mozote,False,Magenta Light Studios,2026-04-17,2026-04-17,2026,2026-06-18,6,99276.0,False
2625,Cave of Forgotten Dreams2026 Re-release,Cave of Forgotten Dreams,True,IFC Films,2026-04-17,2026-04-17,2026,2026-04-30,2,125511.0,False
2626,That Time I Got Reincarnated as a Slime the Movie: Scarlet BondRe-Release 2026 Anime Nights Program,That Time I Got Reincarnated as a Slime the Movie: Scarlet Bond,True,Sony Pictures Releasing,2026-04-17,2026-04-17,2026,2026-04-23,1,53308.0,False
2627,Erupcja,Erupcja,False,1-2 Special,2026-04-17,2026-04-17,2026,2026-07-30,14,236976.0,True
2628,"Mad Bills to Pay: (or Destiny, dile que no soy malo)","Mad Bills to Pay: (or Destiny, dile que no soy malo)",False,Oscilloscope,2026-04-17,2026-04-17,2026,2026-05-28,6,67909.0,False
2629,A Little Something Extra,A Little Something Extra,False,Sony Pictures Releasing,2026-04-17,2026-04-17,2026,2026-04-23,1,28875.0,False
2630,No Picnic2026 4K Re-release,No Picnic,True,-,2026-04-17,2026-04-17,2026,2026-06-11,8,95879.0,True
2631,Blue Heron,Blue Heron,False,Janus Films,2026-04-17,2026-04-17,2026,2026-09-03,20,605077.0,True
2632,Everyone Is Lying to You for Money,Everyone Is Lying to You for Money,False,-,2026-04-17,2026-04-17,2026,2026-06-18,9,144459.0,False
2633,Wasteman,Wasteman,False,Vertigo Releasing,2026-04-17,2026-04-17,2026,2026-04-23,1,13462.0,True
2634,Marama,Marama,False,Dark Sky Films,2026-04-17,2026-04-17,2026,2026-06-18,9,102397.0,True
2635,Amrum,Amrum,False,Kino Lorber,2026-04-17,2026-04-17,2026,2026-08-20,16,79535.0,True
2636,Michael,Michael,False,Lionsgate,2026-04-24,2026-04-24,2026,2026-07-23,13,372303388.0,True
2637,Over Your Dead Body,Over Your Dead Body,False,IFC Films,2026-04-24,2026-04-24,2026,2026-05-14,3,2154696.0,False
2638,Fuze,Fuze,False,Roadside Attractions,2026-04-24,2026-04-24,2026,2026-06-04,6,1486030.0,True
2639,American Youngboy,American Youngboy,False,-,2026-04-24,2026-04-17,2026,2026-04-30,1,1194000.0,True
2640,I Swear,I Swear,False,Sony Pictures Classics,2026-04-24,2026-04-24,2026,2026-06-04,6,1057988.0,True
2641,Desert Warrior,Desert Warrior,False,Vertical Entertainment,2026-04-24,2026-04-24,2026,2026-05-07,2,704280.0,True
2642,The Story of Everything,The Story of Everything,False,-,2026-04-24,2026-04-24,2026,2026-05-28,5,1947962.0,False
2643,Ricky,Ricky,False,Blue Harbor Entertainment,2026-04-24,2026-04-24,2026,2026-05-07,2,41513.0,True
2644,The Seduction of Mimi,The Seduction of Mimi,False,Kino Lorber,2026-04-24,2026-04-24,2026,2026-07-09,9,26897.0,False
2645,Omaha,Omaha,False,Greenwich Entertainment,2026-04-24,2026-04-24,2026,2026-07-02,10,102909.0,True
2646,Strange Journey: The Story of Rocky Horror2026 Re-release,Strange Journey: The Story of Rocky Horror,True,Magenta Light Studios,2026-04-24,2026-04-24,2026,2026-06-18,6,16102.0,False
2647,Wasteland Cop,Wasteland Cop,False,Indican Pictures,2026-04-24,2026-04-24,2026,2026-09-17,4,18250.0,True
2648,Kangaroo Island,Kangaroo Island,False,Blue Harbor Entertainment,2026-04-24,2026-04-24,2026,2026-05-07,2,10011.0,True
2649,A Blind Bargain,A Blind Bargain,False,Vitagraph Films,2026-04-24,2026-04-24,2026,2026-04-30,1,7104.0,False
2650,The Devil Wears Prada 2,The Devil Wears Prada 2,False,Walt Disney Studios Motion Pictures,2026-05-01,2026-05-01,2026,2026-07-23,12,220556651.0,False
2651,Hokum,Hokum,False,Neon,2026-05-01,2026-05-01,2026,2026-06-11,6,17000014.0,True
2652,Animal Farm,Animal Farm,False,Angel,2026-05-01,2026-05-01,2026,2026-06-18,7,5588982.0,True
2653,Deep Water,Deep Water,False,Magenta Light Studios,2026-05-01,2026-05-01,2026,2026-06-25,8,4346226.0,True
2654,That Time I Got Reincarnated as a Slime the Movie: Tears of the Azure Sea,That Time I Got Reincarnated as a Slime the Movie: Tears of the Azure Sea,False,Sony Pictures Releasing,2026-05-01,2026-05-01,2026,2026-05-14,2,1423753.0,False
2655,One Spoon of Chocolate,One Spoon of Chocolate,False,Variance Films,2026-05-01,2026-05-01,2026,2026-05-21,3,743092.0,False
2656,Boulevard,Boulevard,False,Sony Pictures Releasing,2026-05-01,2026-05-01,2026,2026-05-07,1,13853.0,True
2657,The Last One for the Road,The Last One for the Road,False,Music Box Films,2026-05-01,2026-05-01,2026,2026-07-02,9,54207.0,False
2658,Two Pianos,Two Pianos,False,Kino Lorber,2026-05-01,2026-05-01,2026,2026-08-13,14,50154.0,True
2659,Mortal Kombat II,Mortal Kombat II,False,Warner Bros.,2026-05-08,2026-05-08,2026,2026-07-16,10,79770110.0,False
2660,The Sheep Detectives,The Sheep Detectives,False,Amazon MGM Studios,2026-05-08,2026-05-08,2026,2026-07-16,10,66078506.0,False
2661,Billie Eilish: Hit Me Hard and Soft,Billie Eilish: Hit Me Hard and Soft,False,Paramount Pictures,2026-05-08,2026-05-08,2026,2026-05-21,2,9901485.0,False
2662,Top Gun/Top Gun: Maverick2026 Re-release (Top Gun 40th Anniversary),Top Gun/Top Gun: Maverick,True,Paramount Pictures,2026-05-08,2026-05-08,2026,2026-05-28,3,6528326.0,False
2663,Silent Friend,Silent Friend,False,1-2 Special,2026-05-08,2026-05-08,2026,2026-09-24,18,389654.0,True
2664,Labyrinth,Labyrinth,False,GKIDS,2026-05-08,2026-05-08,2026,2026-05-14,1,39935.0,True
2665,The Python Hunt,The Python Hunt,False,Oscilloscope,2026-05-08,2026-05-08,2026,2026-08-06,12,93510.0,False
2666,Mahogany Sunrise2026 Re-release,Mahogany Sunrise,True,Mutt Productions,2026-05-08,2026-05-08,2026,2026-05-14,1,1778.0,True
2667,Obsession,Obsession,False,Focus Features,2026-05-15,2026-05-15,2026,2026-08-13,13,263451715.0,True
2668,In the Grey,In the Grey,False,Black Bear,2026-05-15,2026-05-15,2026,2026-06-04,3,5723890.0,False
2669,Is God Is,Is God Is,False,Amazon MGM Studios,2026-05-15,2026-05-15,2026,2026-06-11,4,4945741.0,False
2670,Shrek25th Anniversary,Shrek,True,,2026-05-15,2026-05-15,2026,2026-06-04,3,1792870.0,True
2671,Mobile Suit Gundam Hathaway: The Sorcery of Nymph Circe,Mobile Suit Gundam Hathaway: The Sorcery of Nymph Circe,False,Bandai,2026-05-15,2026-05-15,2026,2026-05-28,2,1165491.0,False
2672,The Wizard of the Kremlin,The Wizard of the Kremlin,False,Vertical Entertainment,2026-05-15,2026-05-15,2026,2026-05-28,2,652300.0,False
2673,The Secret World of Arrietty2026 Re-release,The Secret World of Arrietty,True,GKIDS,2026-05-15,2026-05-15,2026,2026-06-04,3,280469.0,False
2674,Decorado,Decorado,False,GKIDS,2026-05-15,2026-05-15,2026,2026-05-21,1,26725.0,True
2675,Forge,Forge,False,Circle Collective,2026-05-15,2026-05-08,2026,2026-05-28,2,45486.0,True
2676,Magic Hour,Magic Hour,False,Greenwich Entertainment,2026-05-15,2026-05-15,2026,2026-06-18,5,24255.0,True
2677,Star Wars: The Mandalorian and Grogu,Star Wars: The Mandalorian and Grogu,False,Walt Disney Studios Motion Pictures,2026-05-22,2026-05-22,2026,2026-08-06,11,177730060.0,False
2678,Passenger,Passenger,False,Paramount Pictures,2026-05-22,2026-05-22,2026,2026-06-18,4,18041122.0,True
2679,I Love Boosters,I Love Boosters,False,Neon,2026-05-22,2026-05-22,2026,2026-07-23,9,9743067.0,False
2680,Tuner,Tuner,False,Black Bear,2026-05-22,2026-05-22,2026,2026-07-16,8,4511186.0,True
2681,Saccharine,Saccharine,False,-,2026-05-22,2026-05-22,2026,2026-05-28,1,114825.0,True
2682,Ask E. Jean,Ask E. Jean,False,Abramorama,2026-05-22,2026-05-22,2026,2026-06-25,4,63410.0,False
2683,Backrooms,Backrooms,False,A24,2026-05-29,2026-05-29,2026,2026-08-20,12,197523513.0,True
2684,The Breadwinner,The Breadwinner,False,Sony Pictures Releasing,2026-05-29,2026-05-29,2026,2026-07-02,5,20247080.0,True
2685,Pressure,Pressure,False,Focus Features,2026-05-29,2026-05-29,2026,2026-07-02,5,15569855.0,True
2686,The Amazing Digital Circus: The Last Act,The Amazing Digital Circus: The Last Act,False,-,2026-05-29,2026-05-29,2026,2026-06-18,3,23421793.0,False
2687,Revolutionary America,Revolutionary America,False,,2026-05-29,2026-05-29,2026,2026-06-04,1,644141.0,True
2688,Power Ballad,Power Ballad,False,Lionsgate,2026-05-29,2026-05-29,2026,2026-06-25,4,2612490.0,True
2689,Tekkonkinkreet20th Anniversary,Tekkonkinkreet,True,GKIDS,2026-05-29,2026-05-29,2026,2026-06-04,1,186448.0,True
2690,Pitfall,Pitfall,False,Cineverse,2026-05-29,2026-05-29,2026,2026-06-04,1,28495.0,True
2691,The Currents,The Currents,False,Kino Lorber,2026-05-29,2026-05-29,2026,2026-08-20,11,44990.0,True
2692,Time and Water,Time and Water,False,1-2 Special,2026-05-29,2026-05-29,2026,2026-09-24,13,95770.0,False
2693,Renoir,Renoir,False,Film Movement,2026-05-29,2026-05-29,2026,2026-06-11,2,26551.0,True
2694,Scary Movie,Scary Movie,False,Paramount Pictures,2026-06-05,2026-06-05,2026,2026-07-30,8,108277762.0,True
2695,Masters of the Universe,Masters of the Universe,False,Amazon MGM Studios,2026-06-05,2026-06-05,2026,2026-07-30,8,64830245.0,False
2696,Trainspotting30th Anniversary,Trainspotting,True,Sony Pictures Releasing,2026-06-05,2026-06-05,2026,2026-06-25,3,401253.0,True
2697,Carolina Caroline,Carolina Caroline,False,Magnolia Pictures,2026-06-05,2026-06-05,2026,2026-07-09,5,269183.0,True
2698,Another World,Another World,False,GKIDS,2026-06-05,2026-06-05,2026,2026-07-16,6,81182.0,True
2699,Rockstar,Rockstar,False,Swapna Scarecrow,2026-06-05,2026-06-05,2026,2026-06-11,1,11354.0,True
2700,Jinsei,Jinsei,False,Greenwich Entertainment,2026-06-05,2026-06-05,2026,2026-07-16,6,55683.0,True
2701,Underland,Underland,False,Oscilloscope,2026-06-05,2026-06-05,2026,2026-07-23,7,16098.0,True
2702,The Easy Kind,The Easy Kind,False,-,2026-06-05,2026-05-29,2026,2026-07-23,5,14789.0,False
2703,Chum,Chum,False,IFC Films,2026-06-05,2026-06-05,2026,2026-06-18,2,10523.0,True
2704,Disclosure Day,Disclosure Day,False,Universal Pictures,2026-06-12,2026-06-12,2026,2026-08-06,8,116636645.0,True
2705,The Furious,The Furious,False,Lionsgate,2026-06-12,2026-06-12,2026,2026-07-16,5,6502610.0,True
2706,BTS World Tour 'Arirang' in Busan: Live Viewing,BTS World Tour 'Arirang' in Busan: Live Viewing,False,Trafalgar Releasing,2026-06-12,2026-06-12,2026,2026-06-18,1,3800000.0,False
2707,Stop! That! Train!,Stop! That! Train!,False,Bleecker Street Media,2026-06-12,2026-06-12,2026,2026-07-16,5,4027857.0,False
2708,Crunchyroll Anime Nights Sneak Peek June 2026,Crunchyroll Anime Nights Sneak Peek June 2026,False,Sony Pictures Releasing,2026-06-12,2026-06-12,2026,2026-06-18,1,31365.0,False
2709,Terminator 2: Judgment Day2026 Re-release,Terminator 2: Judgment Day,True,Rialto Pictures,2026-06-12,2026-05-22,2026,2026-07-16,5,35602.0,False
2710,O Horizon,O Horizon,False,Variance Films,2026-06-12,2026-06-12,2026,2026-07-16,5,16421.0,True
2711,Toy Story 5,Toy Story 5,False,Walt Disney Studios Motion Pictures,2026-06-19,2026-06-19,2026,2026-09-24,14,480263548.0,False
2712,Leviticus,Leviticus,False,Neon,2026-06-19,2026-06-19,2026,2026-07-23,5,7215533.0,True
2713,The Death of Robin Hood,The Death of Robin Hood,False,A24,2026-06-19,2026-06-19,2026,2026-08-20,9,5355164.0,False
2714,Girls Like Girls,Girls Like Girls,False,Focus Features,2026-06-19,2026-06-19,2026,2026-07-02,2,2735660.0,False
2715,Gregg Allman: The Music of My Soul,Gregg Allman: The Music of My Soul,False,Subtext Films,2026-06-19,2026-06-12,2026,2026-07-16,4,434622.0,False
2716,Revolutionary Girl Utena: The Adolescence of Utena,Revolutionary Girl Utena: The Adolescence of Utena,False,GKIDS,2026-06-19,2026-06-19,2026,2026-07-09,3,351123.0,False
2717,Maddie's Secret,Maddie's Secret,False,Magnolia Pictures,2026-06-19,2026-06-19,2026,2026-08-27,10,1201526.0,True
2718,Rose of Nevada,Rose of Nevada,False,1-2 Special,2026-06-19,2026-06-19,2026,2026-09-24,14,378860.0,False
2719,Unidentified,Unidentified,False,Sony Pictures Releasing,2026-06-19,2026-06-19,2026,2026-07-09,3,37198.0,True
2720,Peter Asher: Everywhere Man,Peter Asher: Everywhere Man,False,Greenwich Entertainment,2026-06-19,2026-06-19,2026,2026-09-24,12,273803.0,False
2721,The Devil Queen,The Devil Queen,False,Kino Lorber,2026-06-19,2026-06-12,2026,2026-09-24,13,18177.0,False
2722,Supergirl,Supergirl,False,Warner Bros.,2026-06-26,2026-06-26,2026,2026-08-20,8,72366532.0,True
2723,Minions & Monsters,Minions & Monsters,False,Universal Pictures,2026-06-26,2026-06-26,2026,2026-09-10,11,183171260.0,False
2724,Jackass: Best and Last,Jackass: Best and Last,False,Paramount Pictures,2026-06-26,2026-06-26,2026,2026-07-30,5,18273185.0,False
2725,BLEACH: Thousand-Year Blood War - The Calamity,BLEACH: Thousand-Year Blood War - The Calamity,False,-,2026-06-26,2026-06-26,2026,2026-07-02,1,3882053.0,False
2726,Lucky Strike,Lucky Strike,False,,2026-06-26,2026-06-26,2026,2026-08-20,8,1515438.0,True
2727,The Invite,The Invite,False,A24,2026-06-26,2026-06-26,2026,2026-09-24,13,26052301.0,True
2728,Couture,Couture,False,Vertical Entertainment,2026-06-26,2026-06-26,2026,2026-07-09,2,225521.0,True
2729,Talladega Nights: The Ballad of Ricky Bobby2026 Re-release,Talladega Nights: The Ballad of Ricky Bobby,True,Sony Pictures Releasing,2026-06-26,2026-06-26,2026,2026-07-02,1,128627.0,False
2730,Romería,Romería,False,Janus Films,2026-06-26,2026-06-26,2026,2026-09-03,10,152896.0,True
2731,Bouchra,Bouchra,False,,2026-06-26,2026-06-26,2026,2026-09-03,10,56392.0,True
2732,For the Love of a Woman,For the Love of a Woman,False,Panorama,2026-06-26,2026-06-26,2026,2026-07-23,4,39484.0,False
2733,Young Washington,Young Washington,False,Angel,2026-07-03,2026-07-03,2026,2026-09-17,11,47075084.0,True
2734,Mary Oliver: Saved by the Beauty of the World,Mary Oliver: Saved by the Beauty of the World,False,Kino Lorber,2026-07-03,2026-07-03,2026,2026-09-24,12,766203.0,False
2735,Sherman's March,Sherman's March,False,Music Box Films,2026-07-03,2026-07-03,2026,2026-09-03,9,124141.0,True
2736,Jacked,Jacked,False,Indican Pictures,2026-07-03,2026-07-03,2026,2026-08-20,5,5325.0,True
2737,Moana,Moana,False,Walt Disney Studios Motion Pictures,2026-07-10,2026-07-10,2026,2026-09-17,10,126229663.0,True
2738,Evil Dead Burn,Evil Dead Burn,False,Warner Bros.,2026-07-10,2026-07-10,2026,2026-08-27,7,32237058.0,False
2739,Gail Daughtry and the Celebrity Sex Pass,Gail Daughtry and the Celebrity Sex Pass,False,Sony Pictures Classics,2026-07-10,2026-07-10,2026,2026-09-03,8,1444318.0,False
2740,Night Nurse,Night Nurse,False,IFC Films,2026-07-10,2026-07-10,2026,2026-07-23,2,127131.0,True
2741,Barrio Triste,Barrio Triste,False,Film Movement,2026-07-10,2026-07-10,2026,2026-09-17,10,70631.0,True
2742,Reading Lolita in Tehran,Reading Lolita in Tehran,False,Greenwich Entertainment,2026-07-10,2026-07-10,2026,2026-09-24,9,192378.0,False
2743,The Floaters,The Floaters,False,Brainstorm Media,2026-07-10,2026-07-10,2026,2026-08-13,5,65443.0,True
2744,Remake,Remake,False,Music Box Films,2026-07-10,2026-07-10,2026,2026-09-03,8,62377.0,True
2745,The Hole2026 Re-release,The Hole,True,Big World Pictures,2026-07-10,2026-07-10,2026,2026-09-24,11,69780.0,True
2746,The Town That Takes,The Town That Takes,False,Atlas Distribution Company,2026-07-10,2026-07-10,2026,2026-07-16,1,6060.0,False
2747,The Odyssey,The Odyssey,False,Universal Pictures,2026-07-17,2026-07-17,2026,2026-09-24,10,612821645.0,True
2748,Neon Genesis Evangelion: The End of Evangelion2026 Re-release,Neon Genesis Evangelion: The End of Evangelion,True,GKIDS,2026-07-17,2026-07-17,2026,2026-07-30,2,1150586.0,False
2749,Evangelion: Death (True)² & Rebirth,Evangelion: Death (True)² & Rebirth,False,GKIDS,2026-07-17,2026-07-17,2026,2026-07-30,2,246678.0,False
2750,Mob Psycho 10010th Anniversary,Mob Psycho 100,True,Sony Pictures Releasing,2026-07-17,2026-07-17,2026,2026-07-23,1,158358.0,False
2751,The Kidnapping of Arabella,The Kidnapping of Arabella,False,Oscilloscope,2026-07-17,2026-07-17,2026,2026-08-06,3,24793.0,False
2752,American Pachuco: The Legend of Luis Valdez,American Pachuco: The Legend of Luis Valdez,False,Insignia Films,2026-07-17,2026-07-17,2026,2026-09-24,10,176992.0,False
2753,Hadestown: The Musical,Hadestown: The Musical,False,Bleecker Street Media,2026-07-24,2026-07-24,2026,2026-08-20,4,20728068.0,False
2754,Motor City,Motor City,False,IFC Films,2026-07-24,2026-07-24,2026,2026-09-03,6,2713586.0,True
2755,Jana Nayagan,Jana Nayagan,False,Prime Media Pictures,2026-07-24,2026-07-24,2026,2026-07-30,1,1350000.0,True
2756,Her Private Hell,Her Private Hell,False,Neon,2026-07-24,2026-07-24,2026,2026-08-06,2,912593.0,False
2757,Pinocchio: Unstrung,Pinocchio: Unstrung,False,Viva Pictures,2026-07-24,2026-07-24,2026,2026-08-06,2,625726.0,True
2758,Haunted Heist,Haunted Heist,False,Variance Films,2026-07-24,2026-07-24,2026,2026-08-20,4,502121.0,True
2759,Ueck,Ueck,False,September Club,2026-07-24,2026-07-24,2026,2026-08-13,3,212873.0,True
2760,Manhunter2026 Re-release,Manhunter,True,Rialto Pictures,2026-07-24,2026-07-24,2026,2026-09-24,8,228148.0,True
2761,Sheep in the Box,Sheep in the Box,False,Neon,2026-07-24,2026-07-24,2026,2026-08-20,4,200157.0,False
2762,Jack Johnson: SURFILMUSIC,Jack Johnson: SURFILMUSIC,False,Evan Saxon Productions,2026-07-24,2026-06-05,2026,2026-09-24,3,38968.0,False
2763,A Sad and Beautiful World,A Sad and Beautiful World,False,MPI Media Group,2026-07-24,2026-07-24,2026,2026-08-13,3,50089.0,False
2764,The Piano2026 4K Re-release,The Piano,True,Sony Pictures Classics,2026-07-24,2026-07-24,2026,2026-09-10,7,110601.0,True
2765,Dread Beat an' Blood,Dread Beat an' Blood,False,Seventy-Seven,2026-07-24,2026-07-24,2026,2026-08-13,3,20677.0,False
2766,Rosebush Pruning,Rosebush Pruning,False,MUBI,2026-07-24,2026-07-24,2026,2026-08-06,2,13689.0,True
2767,Swallowtail & Dragonfly,Swallowtail & Dragonfly,False,Indican Pictures,2026-07-24,2026-07-24,2026,2026-08-27,5,8230.0,False
2768,Spider-Man: Brand New Day,Spider-Man: Brand New Day,False,Sony Pictures Releasing,2026-07-31,2026-07-31,2026,2026-09-24,8,946582822.0,False
2769,I Want Your Sex,I Want Your Sex,False,Magnolia Pictures,2026-07-31,2026-07-31,2026,2026-09-10,6,1484433.0,False
2770,The Samurai and the Prisoner,The Samurai and the Prisoner,False,Janus Films,2026-07-31,2026-07-31,2026,2026-09-24,8,821658.0,False
2771,Wild Inside,Wild Inside,False,,2026-07-31,2026-07-31,2026,2026-09-24,8,252787.0,True
2772,Boyhood12th Anniversary,Boyhood,True,IFC Films,2026-07-31,2026-07-31,2026,2026-08-06,1,18629.0,True
2773,One Night Only,One Night Only,False,Universal Pictures,2026-08-07,2026-08-07,2026,2026-09-03,4,11506280.0,False
2774,Super Troopers 3,Super Troopers 3,False,Searchlight Pictures,2026-08-07,2026-08-07,2026,2026-09-10,5,7435972.0,False
2775,Ice Cream Man,Ice Cream Man,False,Iconic Events Releasing,2026-08-07,2026-08-07,2026,2026-08-20,2,2821000.0,False
2776,CatVideoFest 2026,CatVideoFest 2026,False,Oscilloscope,2026-08-07,2026-08-07,2026,2026-09-24,7,1046745.0,True
2777,Tony,Tony,False,A24,2026-08-07,2026-08-07,2026,2026-09-24,7,15323387.0,True
2778,Cookie Queens,Cookie Queens,False,Roadside Attractions,2026-08-07,2026-08-07,2026,2026-09-17,6,643529.0,True
2779,Teenage Sex and Death at Camp Miasma,Teenage Sex and Death at Camp Miasma,False,MUBI,2026-08-07,2026-08-07,2026,2026-09-24,7,6780572.0,False
2780,Late Fame,Late Fame,False,-,2026-08-07,2026-08-07,2026,2026-09-24,7,540549.0,True
2781,Olmo,Olmo,False,Greenwich Entertainment,2026-08-07,2026-08-07,2026,2026-09-24,7,62875.0,True
2782,Center Stage,Center Stage,False,Film Movement,2026-08-07,2026-08-07,2026,2026-08-13,1,18110.0,True
2783,Namaslay,Namaslay,False,,2026-08-07,2026-07-31,2026,2026-08-13,1,9316.0,True
2784,The Last Picture Shows,The Last Picture Shows,False,Foghorn Features,2026-08-07,2026-08-07,2026,2026-09-24,7,45566.0,False
2785,The End of Oak Street,The End of Oak Street,False,Warner Bros.,2026-08-14,2026-08-14,2026,2026-09-24,6,54103185.0,False
2786,PAW Patrol: The Dino Movie,PAW Patrol: The Dino Movie,False,Paramount Pictures,2026-08-14,2026-08-14,2026,2026-09-24,6,52662997.0,False
2787,Six: The Musical Live!,Six: The Musical Live!,False,Focus Features,2026-08-14,2026-08-14,2026,2026-08-27,2,4683000.0,False
2788,Katseye: Wild Hearts,Katseye: Wild Hearts,False,Trafalgar Releasing,2026-08-14,2026-08-07,2026,2026-08-20,1,3950000.0,False
2789,The Brink of War,The Brink of War,False,Angel,2026-08-14,2026-08-14,2026,2026-09-24,6,5050974.0,False
2790,Your Name.10th Anniversary,Your Name.,True,GKIDS,2026-08-14,2026-08-14,2026,2026-09-03,3,2703691.0,True
2791,Vishwanath and Sons,Vishwanath and Sons,False,Shloka Entertainments,2026-08-14,2026-08-14,2026,2026-08-20,1,1634000.0,False
2792,The Rivals of Amziah King,The Rivals of Amziah King,False,Black Bear,2026-08-14,2026-08-14,2026,2026-09-10,4,2120671.0,False
2793,Nimrods,Nimrods,False,Falling Forward Films,2026-08-14,2026-08-14,2026,2026-08-20,1,1200400.0,True
2794,The Wrong Girls,The Wrong Girls,False,Neon,2026-08-14,2026-08-14,2026,2026-09-10,4,880964.0,False
2795,Elijah Peel,Elijah Peel,False,-,2026-08-14,2026-08-14,2026,2026-09-03,3,364749.0,True
2796,Wet Hot American Summer2026 Re-Release,Wet Hot American Summer,True,Focus Features,2026-08-14,2026-08-14,2026,2026-08-20,1,252285.0,False
2797,Union County,Union County,False,Oscilloscope,2026-08-14,2026-08-14,2026,2026-09-24,6,172917.0,True
2798,American Doctor,American Doctor,False,Watermelon Pictures,2026-08-14,2026-08-14,2026,2026-09-17,5,420495.0,True
2799,Billy Liar2026 Re-release,Billy Liar,True,Rialto Distribution,2026-08-14,2026-08-14,2026,2026-09-03,3,18608.0,True
2800,Insidious: Out of the Further,Insidious: Out of the Further,False,Sony Pictures Releasing,2026-08-21,2026-08-21,2026,2026-09-24,5,64438163.0,False
2801,Mutiny,Mutiny,False,Lionsgate,2026-08-21,2026-08-21,2026,2026-09-17,4,15835475.0,True
2802,Spa Weekend,Spa Weekend,False,Black Bear,2026-08-21,2026-08-21,2026,2026-09-17,4,7016616.0,True
2803,The Fast and the Furious2026 Re-release,The Fast and the Furious,True,Universal Pictures,2026-08-21,2026-08-21,2026,2026-09-03,2,4427900.0,False
2804,The Magic Faraway Tree,The Magic Faraway Tree,False,Vertical Entertainment,2026-08-21,2026-08-21,2026,2026-09-17,4,2391837.0,False
2805,Hot Spot,Hot Spot,False,Focus Features,2026-08-21,2026-08-21,2026,2026-08-27,1,256350.0,True
2806,It Ends,It Ends,False,Neon,2026-08-21,2026-08-21,2026,2026-09-10,3,1064804.0,True
2807,Learning to Fly,Learning to Fly,False,,2026-08-21,2026-08-21,2026,2026-09-17,4,38375.0,False
2808,The Marching Band,The Marching Band,False,Greenwich Entertainment,2026-08-21,2026-08-21,2026,2026-09-24,5,275225.0,False
2809,How to Divorce During the War,How to Divorce During the War,False,Zeitgeist Films,2026-08-21,2026-08-21,2026,2026-09-24,5,32679.0,False
2810,Coyote vs. Acme,Coyote vs. Acme,False,Ketchup Entertainment,2026-08-28,2026-08-28,2026,2026-09-24,4,56478041.0,False
2811,The Dog Stars,The Dog Stars,False,Walt Disney Studios Motion Pictures,2026-08-28,2026-08-28,2026,2026-09-24,4,14946965.0,False
2812,Buddy,Buddy,False,Roadside Attractions,2026-08-28,2026-08-28,2026,2026-09-24,4,25662504.0,True
2813,Finding Emily,Finding Emily,False,Focus Features,2026-08-28,2026-08-28,2026,2026-09-10,2,1541870.0,True
2814,Colony,Colony,False,Well Go USA Entertainment,2026-08-28,2026-08-28,2026,2026-09-03,1,1008978.0,True
2815,Idiots,Idiots,False,IFC Films,2026-08-28,2026-08-28,2026,2026-09-17,3,1082011.0,True
2816,Legend of the White Dragon,Legend of the White Dragon,False,Well Go USA Entertainment,2026-08-28,2026-08-28,2026,2026-09-03,1,641666.0,False
2817,Fall 2: Deadpoint,Fall 2: Deadpoint,False,Lionsgate,2026-08-28,2026-08-28,2026,2026-09-24,4,5044421.0,False
2818,Sara Bareilles: Good Grief,Sara Bareilles: Good Grief,False,,2026-08-28,2026-08-28,2026,2026-09-10,2,145211.0,False
2819,The Last Blossom,The Last Blossom,False,GKIDS,2026-08-28,2026-08-28,2026,2026-09-03,1,58900.0,False
2820,Filipiñana,Filipiñana,False,Kino Lorber,2026-08-28,2026-08-28,2026,2026-09-24,4,317407.0,True
2821,The Cycle of Love,The Cycle of Love,False,Variance Films,2026-08-28,2026-08-28,2026,2026-09-24,4,113100.0,False
2822,The Sun Never Sets,The Sun Never Sets,False,IFC Films,2026-08-28,2026-08-28,2026,2026-09-24,4,270977.0,False
2823,Terrestrial,Terrestrial,False,Indican Pictures,2026-08-28,2026-08-28,2026,2026-09-17,3,13020.0,True
2824,Train to Busan2026 Re-release,Train to Busan,True,Well Go USA Entertainment,2026-08-28,2026-08-14,2026,2026-09-03,1,523022.0,False
2825,By Any Means,By Any Means,False,Paramount Pictures,2026-09-04,2026-09-04,2026,2026-09-24,3,15615360.0,False
2826,Cars2026 Re-release,Cars,True,Walt Disney Studios Motion Pictures,2026-09-04,2026-09-04,2026,2026-09-24,3,11057787.0,True
2827,Akira2026 Re-release,Akira,True,,2026-09-04,2026-09-04,2026,2026-09-24,3,4608150.0,True
2828,Onslaught,Onslaught,False,A24,2026-09-04,2026-09-04,2026,2026-09-24,3,3244680.0,True
2829,Hope,Hope,False,Neon,2026-09-04,2026-09-04,2026,2026-09-24,3,7823467.0,True
2830,Tom and Jerry: Forbidden Compass,Tom and Jerry: Forbidden Compass,False,Viva Pictures,2026-09-04,2026-09-04,2026,2026-09-10,1,370545.0,False
2831,The Passion of the Christ2026 Re-release,The Passion of the Christ,True,Fathom Events,2026-09-04,2026-09-04,2026,2026-09-17,2,1081728.0,False
2832,The Nutty Professor30th Anniversary,The Nutty Professor,True,Universal Pictures,2026-09-04,2026-09-04,2026,2026-09-10,1,39010.0,False
2833,Faust,Faust,False,Kino Lorber,2026-09-04,2026-09-04,2026,2026-09-24,3,22606.0,True
2834,Practical Magic 2,Practical Magic 2,False,Warner Bros.,2026-09-11,2026-09-11,2026,2026-09-24,2,54162693.0,False
2835,Runner,Runner,False,-,2026-09-11,2026-09-11,2026,2026-09-24,2,13031182.0,True
2836,The Uprising,The Uprising,False,Focus Features,2026-09-11,2026-09-11,2026,2026-09-24,2,6375645.0,True
2837,Don't Look Back in Anger,Don't Look Back in Anger,False,Walt Disney Studios Motion Pictures,2026-09-11,2026-09-11,2026,2026-09-24,2,1961044.0,False
2838,The Transformers: The Movie40th Anniversary,The Transformers: The Movie,True,-,2026-09-11,2026-09-11,2026,2026-09-24,2,4156531.0,False
2839,The Fix,The Fix,False,Briarcliff Entertainment,2026-09-11,2026-09-11,2026,2026-09-24,2,1184543.0,True
2840,If I Go Will They Miss Me,If I Go Will They Miss Me,False,Rich Spirit,2026-09-11,2026-09-11,2026,2026-09-24,2,600319.0,False
2841,Chronovisor,Chronovisor,False,Grasshopper Film,2026-09-11,2026-09-04,2026,2026-09-24,2,71804.0,True
2842,On a String,On a String,False,Joke Zero,2026-09-11,2026-09-11,2026,2026-09-24,2,14290.0,False
2843,Black Zombie,Black Zombie,False,Kino Lorber,2026-09-11,2026-09-11,2026,2026-09-24,2,15639.0,True
2844,Occupational Hazard: The First Coral Reefers,Occupational Hazard: The First Coral Reefers,False,Evan Saxon Productions,2026-09-11,2026-09-04,2026,2026-09-24,2,17356.0,False
2845,Resident Evil,Resident Evil,False,Columbia Pictures,2026-09-18,2026-09-18,2026,2026-09-24,1,80176247.0,True
2846,Daniel and the Fiery Furnace,Daniel and the Fiery Furnace,False,EKKL Entertainment,2026-09-18,2026-09-18,2026,2026-09-24,1,4689086.0,False
2847,Shaun the Sheep: The Beast of Mossy Bottom,Shaun the Sheep: The Beast of Mossy Bottom,False,GKIDS,2026-09-18,2026-09-18,2026,2026-09-24,1,2401800.0,False
2848,The Weight,The Weight,False,Vertical Entertainment,2026-09-18,2026-09-18,2026,2026-09-24,1,2301059.0,True
2849,Ghost in the Shell2026 Re-release,Ghost in the Shell,True,Lionsgate,2026-09-18,2026-09-18,2026,2026-09-24,1,757385.0,False
2850,The Musical,The Musical,False,Blue Harbor Entertainment,2026-09-18,2026-09-18,2026,2026-09-24,1,200053.0,True
2851,The History of Concrete,The History of Concrete,False,-,2026-09-18,2026-09-18,2026,2026-09-24,1,161221.0,False
2852,"You Had to Be There: How the Toronto Godspell Ignited the Comedy Revolution, Spread Love & Overalls, and Created a Community That Changed the World (in a Canadian Kind of Way)","You Had to Be There: How the Toronto Godspell Ignited the Comedy Revolution, Spread Love & Overalls, and Created a Community That Changed the World (in a Canadian Kind of Way)",False,Greenwich Entertainment,2026-09-18,2026-09-18,2026,2026-09-24,1,27928.0,False
2853,My Brother's Wedding2026 Re-release,My Brother's Wedding,True,Kino Lorber,2026-09-18,2026-09-18,2026,2026-09-24,1,12944.0,False
2854,Sunny Dancer,Sunny Dancer,False,Quiver Distribution,2026-09-18,2026-09-18,2026,2026-09-24,1,6497.0,True
