movie_id,movie_title,search_title,release_year,rerelease,non_film_type,distributor,round,n_candidates,status,source,matched_title,match_score,year_check,script_url,via,chars,script_info,tried,all_candidates
6,Promising Young Woman,Promising Young Woman,2021,False,,Focus Features,2026-10-06 16:47,8,ok,simplyscripts_award,Promising Young Woman,100.0,ok,https://web.archive.org/web/20210411040724/https://focusfeaturesguilds2020.com/promising-young-woman/screenplay/Promising_Young_Woman.pdf,wayback,104729,"Focus Features | Promising Young Woman - Undated, unspecified draft script by Emerald Fennell - hosted by: Focus Features - in pdf format A young woman, traumatized by a tragic event in her past, seeks out vengeance a",simplyscripts_award:ok,simplyscripts_award:Promising Young Woman:https://web.archive.org/web/20210411040724/https://focusfeaturesguilds2020.com/promising-young-woman/screenplay/Promising_Young_Woman.pdf || scriptslug:promising young woman:https://assets.scriptslug.com/live/pdf/scripts/promising-young-woman-2020.pdf || linkpages:Promising Young Woman:https://script-pdf.s3-us-west-2.amazonaws.com/promising-young-woman-script-pdf.pdf || linkpages:Promising Young Woman:https://focusfeaturesguilds2020.com/promising-young-woman/screenplay/Promising_Young_Woman.pdf || scriptsonscreen:Promising Young Woman:https://assets.documentcloud.org/documents/20457415/promising-young-woman-final-screenplay.pdf || scriptsonscreen:Promising Young Woman:https://www.scriptslug.com/script/promising-young-woman-2020 || archive_org:Promising Young Woman:https://archive.org/details/office-of-film-and-literature-classification_2000085.000 || archive_org:Promising Young Woman:https://archive.org/details/cbfc-ecinepramaan-100010292100002388
8,The War with Grandpa,The War with Grandpa,2021,False,,101 Studios,2026-10-06 16:47,9,ok_raw_only,archive_org,The War with Grandpa,100.0,unknown,https://archive.org/details/warwithgrandpath00robe,,388,archive.org: The war with Grandpa,archive_org:err(HTTPError: 401 Client Error: Unauthorized for url: https://dn790006.ca.) ; archive_org:err(HTTPError: 403 Client Error: Forbidden for url: https://ia800704.us.arc) ; archive_org:short(388) ; archive_org:err(HTTPError: 401 Client Error: Unauthorized for url: https://dn760007.eu.),archive_org:The War with Grandpa:https://archive.org/details/warwithgrandpath00robe || archive_org:The War with Grandpa:https://archive.org/details/warwithgrandparo0000troy || archive_org:The War with Grandpa:https://archive.org/details/cbfc-ecinepramaan-100010292000003240 || archive_org:The War with Grandpa:https://archive.org/details/warwithgrandpa0000smit_q6o1 || archive_org:The War with Grandpa:https://archive.org/details/cbfc-ecinepramaan-100010292000004508 || archive_org:The War with Grandpa:https://archive.org/details/warwithgrandpa0000smit || archive_org:The War with Grandpa:https://archive.org/details/warwithgrandpa00smit || archive_org:The War with Grandpa:https://archive.org/details/isbn_9780738302119 || archive_org:The War with Grandpa:https://archive.org/details/isbn_9780812435238_0
14,Tenet,Tenet,2021,False,,Warner Bros.,2026-10-06 16:47,6,ok,scriptslug,tenet,100.0,ok,https://assets.scriptslug.com/live/pdf/scripts/tenet-2020.pdf,,170961,scriptslug tenet-2020,scriptslug:ok,scriptslug:tenet:https://assets.scriptslug.com/live/pdf/scripts/tenet-2020.pdf || archive_org:Tenet:https://archive.org/details/tenet-2020_202402 || linkpages:Tenet:https://script-pdf.s3-us-west-2.amazonaws.com/tenet-script-pdf.pdf || scriptsonscreen:Tenet:https://drive.google.com/file/d/1-T3zyGiaNczvSvASWD_T8WCcv3aMcGLG/view || scriptsonscreen:Tenet:https://www.scriptslug.com/script/tenet-2020 || imsdb:Tenet:https://imsdb.com/Movie Scripts/Tenet Script.html
18,All My Life,All My Life,2021,False,,Universal Pictures,2026-10-06 16:47,8,ok,archive_org,All My Life,100.0,unknown,https://archive.org/details/P006972,,378619,archive.org: All my life: An autobiography,archive_org:ok,archive_org:All My Life:https://archive.org/details/P006972 || archive_org:All My Life:https://archive.org/details/SM001692 || archive_org:All My Life:https://archive.org/details/allmylifememoir00lucc || archive_org:All My Life:https://archive.org/details/allmylifememoir0000lucc || archive_org:All My Life:https://archive.org/details/allmylifeautobio0000smit || archive_org:All My Life:https://archive.org/details/allmylife0000unse || archive_org:All My Life:https://archive.org/details/allmylifeforsale0000frey_u2a0 || archive_org:All My Life:https://archive.org/details/allmylifelove0000mich
22,The Forgotten Carols,The Forgotten Carols,2021,False,,Purdie Distribution,2026-10-06 16:47,1,download_failed,,,,,,,0,,archive_org:err(HTTPError: 403 Client Error: Forbidden for url: https://ia800406.us.arc),archive_org:The Forgotten Carols:https://archive.org/details/forgottencarols00mcle
24,The Rescue,The Rescue,2021,False,,CMC Pictures,2026-10-06 16:47,0,transcript_only,,,,,,,0,,,,https://www.springfieldspringfield.co.uk/movie_script.php?movie=the-rescue-2021,55412
26,Jurassic World2021 Re-release,Jurassic World,2021,True,,Universal Pictures,2026-10-06 16:47,7,ok,scriptsonscreen,Jurassic World,100.0,unknown,https://thescriptsavant.com/movies/Jurassic_Park_4.pdf,ocr wayback,133011,scripts-onscreen: The Script Savant (https://scripts-onscreen.com/movie/jurassic-world-script-links/),scriptsonscreen:ok,scriptsonscreen:Jurassic World:https://thescriptsavant.com/movies/Jurassic_Park_4.pdf || scriptsonscreen:Jurassic World:https://jurassicpark.fandom.com/wiki/Jurassic_World_Film_Transcript || scriptsonscreen:Jurassic World:https://www.scripts.com/script/jurassic_world_11489 || archive_org:Jurassic World:https://archive.org/details/jurassicworlddin0000holt || archive_org:Jurassic World:https://archive.org/details/cbfc-ecinepramaan-100010292200004476 || archive_org:Jurassic World:https://archive.org/details/cbfc-ecinepramaan-100010291800005666 || archive_org:Jurassic World:https://archive.org/details/jurassic-world-pokemon-indominus-rex-pokedex-entry-export-05-07-2025-20-12
30,Average Joe,Average Joe,2021,False,,Indican Pictures,2026-10-06 16:47,3,download_failed,,,,,,,0,,archive_org:err(HTTPError: 403 Client Error: Forbidden for url: https://ia800905.us.arc) ; archive_org:err(HTTPError: 401 Client Error: Unauthorized for url: https://dn760007.eu.) ; archive_org:err(HTTPError: 401 Client Error: Unauthorized for url: https://dn720707.ca.),archive_org:Average Joe:https://archive.org/details/averagejoegodsex0000meed || archive_org:Average Joe:https://archive.org/details/averagejoe0000dega || archive_org:Average Joe:https://archive.org/details/averagejoe0000rdsh
36,American Skin,American Skin,2021,False,,Vertical Entertainment,2026-10-06 16:47,6,download_failed,,,,,,,0,,archive_org:err(HTTPError: 401 Client Error: Unauthorized for url: https://dn760009.eu.) ; archive_org:err(HTTPError: 401 Client Error: Unauthorized for url: https://dn760001.eu.) ; archive_org:err(HTTPError: 401 Client Error: Unauthorized for url: https://dn760009.eu.) ; archive_org:err(HTTPError: 401 Client Error: Unauthorized for url: https://dn760106.eu.),archive_org:American Skin:https://archive.org/details/americanskin00vier || archive_org:American Skin:https://archive.org/details/americanskin0000brue || archive_org:American Skin:https://archive.org/details/americanskinvita0000labi || archive_org:American Skin:https://archive.org/details/americanskinpopc00wynt || archive_org:American Skin:https://archive.org/details/americanskin0000degr || archive_org:American Skin:https://archive.org/details/americanskin0000degr_w9h5
38,MLK/FBI,MLK/FBI,2021,False,,IFC Films,2026-10-06 16:47,0,transcript_only,,,,,,,0,,,,https://www.springfieldspringfield.co.uk/movie_script.php?movie=mlkfbi,68891
42,Heaven,Heaven,2021,False,,LAMA Entertainment,2026-10-06 16:47,2,ok,scriptsonscreen,Heaven,100.0,unknown,http://web.archive.org/web/20201026212618/http://www.script-o-rama.com/movie_scripts/h/heaven-script-transcript-cate-blanchett.html,ocr ,160723,scripts-onscreen: Script-O-Rama (https://scripts-onscreen.com/movie/heaven-script-links/),scriptsonscreen:short(11185) ; archive_org:ok,scriptsonscreen:Heaven:http://web.archive.org/web/20201026212618/http://www.script-o-rama.com/movie_scripts/h/heaven-script-transcript-cate-blanchett.html || archive_org:Heaven:https://archive.org/details/heaven-can-wait_202606
50,The Little Things,The Little Things,2021,False,,Warner Bros.,2026-10-06 16:47,9,ok,simplyscripts_award,The Little Things,100.0,ok,https://d2bu9v0mnky9ur.cloudfront.net/academy2020/scripts/MNYwBsMltl/ltl_2021_01_06.pdf,,155035,"Warner Brothers | The Little Things - September 23, 2019 blue draft script by John Lee Hancock - hosted by: Warner Brothers - in pdf format Deke, a burnt-out Kern County, CA deputy sheriff who teams with Baxter, a crac",simplyscripts_award:ok,simplyscripts_award:The Little Things:https://d2bu9v0mnky9ur.cloudfront.net/academy2020/scripts/MNYwBsMltl/ltl_2021_01_06.pdf || deadline:The Little Things:https://deadline.com/2021/02/the-little-things-screenplay-read-john-lee-hancock-script-1234690080/ || linkpages:The Little Things:https://d2bu9v0mnky9ur.cloudfront.net/academy2020/scripts/MNYwBsMltl/ltl_2021_01_06.pdf || linkpages:The Little Things:https://d2bu9v0mnky9ur.cloudfront.net/academy2020/scripts/ltl_2021_01_06.pdf || archive_org:The Little Things:https://archive.org/details/littlethingsthat0000kevi || archive_org:The Little Things:https://archive.org/details/littlethingsareb0000lorl || archive_org:The Little Things:https://archive.org/details/savefanfiction-11896909-The_Little_Things-Bentleys_and_Bookshops || archive_org:The Little Things:https://archive.org/details/amelia-kat-the-little-things || archive_org:The Little Things:https://archive.org/details/CAT31314225
54,Earwig and the Witch,Earwig and the Witch,2021,False,,GKIDS,2026-10-06 16:47,2,download_failed,,,,,,,0,,archive_org:err(HTTPError: 403 Client Error: Forbidden for url: https://ia600903.us.arc) ; archive_org:err(HTTPError: 500 Server Error: Internal Server Error for url: https://dn7),archive_org:Earwig and the Witch:https://archive.org/details/earwigwitch0000jone || archive_org:Earwig and the Witch:https://archive.org/details/earwigwitch00jone
58,Little Fish,Little Fish,2021,False,,IFC Films,2026-10-06 16:47,2,ok,archive_org,Little Fish,100.0,unknown,https://archive.org/details/office-of-film-and-literature-classification_501778,,383432,archive.org: Little Fish,archive_org:short(1024) ; archive_org:ok,archive_org:Little Fish:https://archive.org/details/office-of-film-and-literature-classification_501778 || archive_org:Little Fish:https://archive.org/details/406307-little-fish-big-impact
60,Two of Us,Two of Us,2021,False,,Magnolia Pictures,2026-10-06 16:47,3,download_failed,,,,,,,0,,archive_org:err(HTTPError: 401 Client Error: Unauthorized for url: https://dn760008.eu.) ; archive_org:err(HTTPError: 401 Client Error: Unauthorized for url: https://dn790008.ca.) ; archive_org:err(HTTPError: 403 Client Error: Forbidden for url: https://ia801605.us.arc),archive_org:Two of Us:https://archive.org/details/twoofus0000stew || archive_org:Two of Us:https://archive.org/details/twoofusstyleandf0000saun || archive_org:Two of Us:https://archive.org/details/twoofus0000halp
64,Land,Land,2021,False,,Focus Features,2026-10-06 16:47,3,ok,simplyscripts_award,Land,100.0,ok,https://focusfeaturesguilds2020.com/land/screenplay/Land.pdf,wayback,113409,"Focus Features | Land - Undated, unspecified draft script by Jesse Chatham and Erin Dignam - hosted by: Focus Features - in pdf format Edee, following a life-changing event, finds herself unable to stay connected to t",simplyscripts_award:ok,simplyscripts_award:Land:https://focusfeaturesguilds2020.com/land/screenplay/Land.pdf || linkpages:Land:https://focusfeaturesguilds2020.com/land/screenplay/Land.pdf || archive_org:Land:https://archive.org/details/micro_IA41153748_0657
66,The Mauritanian,The Mauritanian,2021,False,,STX Entertainment,2026-10-06 16:47,5,ok,simplyscripts_award,The Mauritanian,100.0,ok,https://s3-us-west-2.amazonaws.com/stxticktbox/assets/awards/script/OpTXQcF5Vx.pdf,,149404,"STX Films | The Mauritanian - January, 2020 unspecified draft script by M. B. Traven and Rory Haines & Sohrab Noshirvani (Screen Story by M. B. Traven; Based on 'GUANTANAMO DIARY' by Mohamedou Ould Slahi - hosted",simplyscripts_award:ok,simplyscripts_award:The Mauritanian:https://s3-us-west-2.amazonaws.com/stxticktbox/assets/awards/script/OpTXQcF5Vx.pdf || linkpages:The Mauritanian:https://s3-us-west-2.amazonaws.com/stxticktbox/assets/awards/script/OpTXQcF5Vx.pdf || scriptsonscreen:The Mauritanian:https://assets.documentcloud.org/documents/20488307/the-mauritanian-final-shooting-script-clean.pdf || archive_org:The Mauritanian:https://archive.org/details/cbfc-ecinepramaan-100010292100000947 || archive_org:The Mauritanian:https://archive.org/details/cbfc-ecinepramaan-100010292100004340
76,End Game,End Game,2021,False,,CMC Pictures,2026-10-06 16:47,9,download_failed,,,,,,,0,,archive_org:err(HTTPError: 401 Client Error: Unauthorized for url: https://dn790001.ca.) ; archive_org:err(HTTPError: 403 Client Error: Forbidden for url: https://ia800501.us.arc) ; archive_org:err(HTTPError: 401 Client Error: Unauthorized for url: https://dn760104.eu.) ; archive_org:err(HTTPError: 401 Client Error: Unauthorized for url: https://dn760005.eu.),archive_org:End Game:https://archive.org/details/endgame0000hagb_s2b3 || archive_org:End Game:https://archive.org/details/endgameofterror0000otto || archive_org:End Game:https://archive.org/details/endgame0000boot || archive_org:End Game:https://archive.org/details/endgame0000bald_d2c4 || archive_org:End Game:https://archive.org/details/endgame0000brow || archive_org:End Game:https://archive.org/details/endgame0000gans || archive_org:End Game:https://archive.org/details/endgame00gilb || archive_org:End Game:https://archive.org/details/endgametippingpo0000barn_b4s0 || archive_org:End Game:https://archive.org/details/end-game-changes-paradigm-for-a-pro-bush-neo-con-mom
78,Elbow Grease,Elbow Grease,2021,False,,,2026-10-06 16:47,3,download_failed,,,,,,,0,,archive_org:err(HTTPError: 401 Client Error: Unauthorized for url: https://dn790007.ca.) ; archive_org:err(HTTPError: 401 Client Error: Unauthorized for url: https://dn721801.ca.) ; archive_org:err(ValueError: archive.org item has no pdf/txt file),archive_org:Elbow Grease:https://archive.org/details/isbn_9781477639498 || archive_org:Elbow Grease:https://archive.org/details/elbowgreasechick0000mend || archive_org:Elbow Grease:https://archive.org/details/gov.uscourts.ilnb.1508712
84,Raya and the Last Dragon,Raya and the Last Dragon,2021,False,,Walt Disney Studios Motion Pictures,2026-10-06 16:47,8,ok,simplyscripts_award,Raya and The Last Dragon,100.0,ok,https://deadline.com/wp-content/uploads/2022/01/Raya-And-The-Last-Dragon-Read-The-Screenplay.pdf,,105120,"Deadline | Raya and The Last Dragon - Undated, unspecified FYC script by Qui Nguyen and Adele Lim - hosted by: Deadline - in pdf format Long ago, in the fantasy world of Kumandra, humans and dragons lived togeth",simplyscripts_award:ok,simplyscripts_award:Raya and The Last Dragon:https://deadline.com/wp-content/uploads/2022/01/Raya-And-The-Last-Dragon-Read-The-Screenplay.pdf || scriptslug:raya and the last dragon:https://assets.scriptslug.com/live/pdf/scripts/raya-and-the-last-dragon-2021.pdf || deadline:Raya and the Last Dragon:https://deadline.com/2022/01/raya-and-the-last-dragon-script-qui-nguyen-adele-lim-read-the-screenplay-1234915634/ || linkpages:Raya and The Last Dragon:https://deadline.com/wp-content/uploads/2022/01/Raya-And-The-Last-Dragon-Read-The-Screenplay.pdf || scriptsonscreen:Raya and the Last Dragon:https://www.scriptslug.com/script/raya-and-the-last-dragon-2021 || archive_org:Raya and the Last Dragon:https://archive.org/details/cbfc-ecinepramaan-100010292200008576 || archive_org:Raya and the Last Dragon:https://archive.org/details/978-dpwunpb-550 || archive_org:Raya and the Last Dragon:https://archive.org/details/cbfc-ecinepramaan-100010292100000813
86,Boogie,Boogie,2021,False,,Focus Features,2026-10-06 16:47,0,transcript_only,,,,,,,0,,,,https://www.springfieldspringfield.co.uk/movie_script.php?movie=boogie,60920
88,Son,Son,2021,False,,RLJ Entertainment,2026-10-06 16:47,1,ok,archive_org,Son,100.0,unknown,https://archive.org/details/sonoffrankenstein1939_202002,ocr ,180291,archive.org: Son Of Frankenstein,archive_org:ok,archive_org:Son:https://archive.org/details/sonoffrankenstein1939_202002
92,The Father,The Father,2021,False,,Sony Pictures Classics,2026-10-06 16:47,7,ok,simplyscripts_award,The Father,100.0,ok,https://www.sonyclassics.com/assets/screenplays/thefather/thefather-screenplay.pdf,,85605,Sony Classics | The Father - Undated final script script by Florian Zeller and Christopher Hampton - hosted by: Sony Classics - in pdf format A man refuses all assistance from his daughter as he ages. As he tries to ,simplyscripts_award:ok,"simplyscripts_award:The Father:https://www.sonyclassics.com/assets/screenplays/thefather/thefather-screenplay.pdf || scriptslug:the father:https://assets.scriptslug.com/live/pdf/scripts/the-father-2020.pdf || deadline:The Father:https://deadline.com/2021/02/the-father-screenplay-read-florian-zeller-christopher-hampton-script-1234690928/ || linkpages:Father, The:https://script-pdf.s3-us-west-2.amazonaws.com/father-the-script-pdf.pdf || linkpages:The Father:https://www.sonyclassics.com/assets/screenplays/thefather/thefather-screenplay.pdf || scriptsonscreen:The Father:https://deadline.com/wp-content/uploads/2021/02/thefather-screenplay.pdf || scriptsonscreen:The Father:https://www.scriptslug.com/script/the-father-2020"
96,Dutch,Dutch,2021,False,,Faith Media Distribution,2026-10-06 16:47,2,ok,scriptsonscreen,Dutch,100.0,unknown,https://www.scriptslug.com/script/dutch-1991,,108394,scripts-onscreen: Script Slug (https://scripts-onscreen.com/movie/dutch-script-links/),scriptsonscreen:ok,scriptsonscreen:Dutch:https://www.scriptslug.com/script/dutch-1991 || scriptslug:dutch:https://assets.scriptslug.com/live/pdf/scripts/dutch-1991.pdf
112,French Exit,French Exit,2021,False,,Sony Pictures Classics,2026-10-06 16:47,2,ok,simplyscripts_award,French Exit,100.0,ok,https://www.sonyclassics.com/assets/screenplays/frenchexit/frenchexit-screenplay.pdf,,113510,"Sony Classics | French Exit - November 9, 2019 Yellow Locked draft script by Patrick deWitt - hosted by: Sony Classics - in pdf format An aging Manhattan socialite living on what's barely left of her inheritance move",simplyscripts_award:ok,simplyscripts_award:French Exit:https://www.sonyclassics.com/assets/screenplays/frenchexit/frenchexit-screenplay.pdf || archive_org:French Exit:https://archive.org/details/cbfc-ecinepramaan-100010292200001177
114,Shiva Baby,Shiva Baby,2021,False,,Utopia,2026-10-06 16:47,0,transcript_only,,,,,,,0,,,,https://www.springfieldspringfield.co.uk/movie_script.php?movie=shiva-baby,43351
118,Held,Held,2021,False,,Magnolia Pictures,2026-10-06 16:47,1,download_failed,,,,,,,0,,archive_org:err(HTTPError: 401 Client Error: Unauthorized for url: https://dn721903.ca.),archive_org:Held:https://archive.org/details/bwb_Y0-DRU-854
132,Together Together,Together Together,2021,False,,Bleecker Street Media,2026-10-06 16:47,0,transcript_only,,,,,,,0,,,,https://www.springfieldspringfield.co.uk/movie_script.php?movie=together-together,51709
134,Scott Pilgrim vs. the World10th Anniversary (2021 Re-release),Scott Pilgrim vs. the World,2021,True,,Universal Pictures,2026-10-06 16:47,9,ok,scriptslug,scott pilgrim vs the world,100.0,ok,https://assets.scriptslug.com/live/pdf/scripts/scott-pilgrim-vs-the-world-2010.pdf,,131630,scriptslug scott-pilgrim-vs-the-world-2010,scriptslug:ok,scriptslug:scott pilgrim vs the world:https://assets.scriptslug.com/live/pdf/scripts/scott-pilgrim-vs-the-world-2010.pdf || imsdb:Scott Pilgrim vs the World:https://imsdb.com/Movie Scripts/Scott Pilgrim vs the World Script.html || scriptsonscreen:Scott Pilgrim vs. the World:https://thescriptsavant.com/movies/Scott_Pilgrim.pdf || scriptsonscreen:Scott Pilgrim vs. the World:https://www.scriptslug.com/script/scott-pilgrim-vs-the-world-2010 || scriptsonscreen:Scott Pilgrim vs. the World:http://web.archive.org/web/20120213061529/http://www.joblo.com/scripts/scottpilgrim.pdf || scriptsonscreen:Scott Pilgrim vs. the World:http://www.imsdb.com/scripts/Scott-Pilgrim-vs-the-World.html || scriptsonscreen:Scott Pilgrim vs. the World:https://www.scripts.com/script/scott_pilgrim_vs._the_world_17641 || archive_org:Scott Pilgrim vs. the World:https://archive.org/details/ScottPilgrimXBLADemo || archive_org:Scott Pilgrim vs. the World:https://archive.org/details/scottpilgrimvswo0000omal
136,Limbo,Limbo,2021,False,,Focus Features,2026-10-06 16:47,9,ok,scriptsonscreen,Limbo,100.0,unknown,https://thescriptsavant.com/movies/Limbo.pdf,ocr wayback,126117,scripts-onscreen: The Script Savant (https://scripts-onscreen.com/movie/limbo-script-links/),scriptsonscreen:ok,scriptsonscreen:Limbo:https://thescriptsavant.com/movies/Limbo.pdf || scriptsonscreen:Limbo:https://www.scripts.com/script/limbo_12604 || scriptsonscreen:Limbo:http://web.archive.org/web/20200129071941/http://www.script-o-rama.com:80/movie_scripts/l/limbo-script-transcript-john-sayles.html || archive_org:Limbo:https://archive.org/details/limbotower0000will || archive_org:Limbo:https://archive.org/details/limbosixstoriesa0000huxl || archive_org:Limbo:https://archive.org/details/limbo_201504 || archive_org:Limbo:https://archive.org/details/llimbo || archive_org:Limbo:https://archive.org/details/limbo_201606 || archive_org:Limbo:https://archive.org/details/bwb_KV-203-462
146,Mission Stories,Mission Stories,2021,False,,Excel Entertainment,2026-10-06 16:47,1,download_failed,,,,,,,0,,archive_org:err(HTTPError: 500 Server Error: Internal Server Error for url: https://dn7),archive_org:Mission Stories:https://archive.org/details/missionstories00chri
152,Those Who Wish Me Dead,Those Who Wish Me Dead,2021,False,,Warner Bros.,2026-10-06 16:47,8,ok_raw_only,archive_org,Those Who Wish Me Dead,100.0,unknown,https://archive.org/details/cbfc-ecinepramaan-100010292100002328,,616,archive.org: THOSE WHO WISH ME DEAD,archive_org:short(616) ; archive_org:err(HTTPError: 401 Client Error: Unauthorized for url: https://dn760108.eu.) ; archive_org:err(HTTPError: 401 Client Error: Unauthorized for url: https://dn790000.ca.) ; archive_org:err(HTTPError: 401 Client Error: Unauthorized for url: https://dn721905.ca.),archive_org:Those Who Wish Me Dead:https://archive.org/details/cbfc-ecinepramaan-100010292100002328 || archive_org:Those Who Wish Me Dead:https://archive.org/details/thosewhowishmede0000kory_e4i2 || archive_org:Those Who Wish Me Dead:https://archive.org/details/thosewhowishmede0000kory_l3x7 || archive_org:Those Who Wish Me Dead:https://archive.org/details/thosewhowishmede0000kory_i8g0 || archive_org:Those Who Wish Me Dead:https://archive.org/details/thosewhowishmede0000kory_t5g4 || archive_org:Those Who Wish Me Dead:https://archive.org/details/thosewhowishmede0000kory_d3w9 || archive_org:Those Who Wish Me Dead:https://archive.org/details/thosewhowishmede0000kory_v0p3 || archive_org:Those Who Wish Me Dead:https://archive.org/details/thosewhowishmede0000kory
154,Profile,Profile,2021,False,,Focus Features,2026-10-06 16:47,2,ok_raw_only,archive_org,Profile,100.0,unknown,https://archive.org/details/profile-of-the-three-military-commanders-of-argentinas-armed-forces-voa-radio-script,,2765,archive.org: Profile of the Three Military Commanders of Argentina's Armed Forces (VOA Radio Script),archive_org:short(2765) ; archive_org:short(2755),archive_org:Profile:https://archive.org/details/profile-of-the-three-military-commanders-of-argentinas-armed-forces-voa-radio-script || archive_org:Profile:https://archive.org/details/profile-the-soviet-ss-twenty-missile-voa-radio-script
162,The Perfect Candidate,The Perfect Candidate,2021,False,,Music Box Films,2026-10-06 16:47,1,download_failed,,,,,,,0,,archive_org:err(HTTPError: 401 Client Error: Unauthorized for url: https://dn790007.ca.),archive_org:The Perfect Candidate:https://archive.org/details/isbn_9790978192401
164,New Order,New Order,2021,False,,Neon,2026-10-06 16:47,2,ok,archive_org,New Order,100.0,unknown,https://archive.org/details/NewOrderInSpaceDedicatedToKeithCritchlow,,52163,archive.org: New order in space,archive_org:ok,archive_org:New Order:https://archive.org/details/NewOrderInSpaceDedicatedToKeithCritchlow || archive_org:New Order:https://archive.org/details/pdfy-TmWlwCRIyvcIfa5W
170,World War Z2021 Re-release,World War Z,2021,True,,Paramount Pictures,2026-10-06 16:47,3,ok,archive_org,World War Z,100.0,ok,https://archive.org/details/world-war-z-2013-7-22-2007,,185302,archive.org: World War Z (2013) screenplay,archive_org:ok,archive_org:World War Z:https://archive.org/details/world-war-z-2013-7-22-2007 || scriptsonscreen:World War Z:https://thescriptsavant.com/movies/World_War_Z.pdf || scriptsonscreen:World War Z:https://www.scripts.com/script/world_war_z_23669
178,The Ladykillers2021 Re-release,The Ladykillers,2021,True,,Rialto Pictures,2026-10-06 16:47,14,ok,simplyscripts,The Lady Killers,100.0,ok,https://web.archive.org/web/20131219023653/http://www.youknow-forkids.com/ladykillers.txt,wayback,248087,"Coen Brothers | (Undated, unspecified draft) by Joel Coen and Ethan Coen ( Based on the 1955 movie ""The Ladykillers"" by William Rose) host:",simplyscripts:ok,"simplyscripts:The Lady Killers:https://web.archive.org/web/20131219023653/http://www.youknow-forkids.com/ladykillers.txt || dailyscript:The Ladykillers:https://www.dailyscript.com/scripts/Ladykillers,%20The%20(2004).txt || simplyscripts:The Ladykillers:https://www.dailyscript.com/scripts/Ladykillers,%20The%20(2004).txt || scriptsonscreen:The Ladykillers:https://thescriptsavant.com/movies/The_Lady_Killers.pdf || scriptsonscreen:The Ladykillers:http://www.weeklyscript.com/Ladykillers,%20The%20(2004).txt || scriptsonscreen:The Ladykillers:http://www.weeklyscript.com/Ladykillers,%20The%20%282004%29.txt || scriptsonscreen:The Ladykillers:http://sfy.ru/?script=ladykillers || scriptsonscreen:The Ladykillers:http://www.dailyscript.com/scripts/Ladykillers,%20The%20(2004).txt || scriptsonscreen:The Ladykillers:http://www.imsdb.com/scripts/Ladykillers,-The.html || scriptsonscreen:The Ladykillers:http://web.archive.org/web/20200108184836/http://www.script-o-rama.com:80/movie_scripts/l/ladykillers-script-transcript-tom-hanks.html || archive_org:The Ladykillers:https://archive.org/details/cbfc-ecinepramaan-100030291900000123 || archive_org:The Ladykillers:https://archive.org/details/ladykillers0000coen || archive_org:The Ladykillers:https://archive.org/details/ladykillerswhysm0000jaco || imsdb:Ladykillers, The:https://imsdb.com/Movie Scripts/Ladykillers, The Script.html"
184,Queen Bees,Queen Bees,2021,False,,Gravitas Ventures,2026-10-06 16:47,7,download_failed,,,,,,,0,,archive_org:err(HTTPError: 403 Client Error: Forbidden for url: https://ia800104.us.arc) ; archive_org:err(HTTPError: 401 Client Error: Unauthorized for url: https://dn760002.eu.) ; archive_org:err(HTTPError: 401 Client Error: Unauthorized for url: https://dn760106.eu.) ; archive_org:err(HTTPError: 401 Client Error: Unauthorized for url: https://dn790006.ca.),archive_org:Queen Bees:https://archive.org/details/queenbeeswannabe00wise || archive_org:Queen Bees:https://archive.org/details/queenbeessixbril0000evan || archive_org:Queen Bees:https://archive.org/details/queenbeeswannabe0000wise || archive_org:Queen Bees:https://archive.org/details/queenbeeswannab000wise || archive_org:Queen Bees:https://archive.org/details/Queen_Bees || archive_org:Queen Bees:https://archive.org/details/queenbeesofnewen0000park || archive_org:Queen Bees:https://archive.org/details/queenbeeswannabe0000wise_x5w7
186,Children of the Sea,Children of the Sea,2021,False,,Fathom Events,2026-10-06 16:47,8,download_failed,,,,,,,0,,archive_org:err(HTTPError: 401 Client Error: Unauthorized for url: https://dn760108.eu.) ; archive_org:err(HTTPError: 401 Client Error: Unauthorized for url: https://dn790001.ca.) ; archive_org:err(HTTPError: 401 Client Error: Unauthorized for url: https://dn790007.ca.) ; archive_org:err(HTTPError: 401 Client Error: Unauthorized for url: https://dn710400.ca.),archive_org:Children of the Sea:https://archive.org/details/isbn_9780333735381 || archive_org:Children of the Sea:https://archive.org/details/childrenofseavol00dais_1 || archive_org:Children of the Sea:https://archive.org/details/isbn_9780978788100 || archive_org:Children of the Sea:https://archive.org/details/childrenofsea0000wilf || archive_org:Children of the Sea:https://archive.org/details/childrenofsea0000wilf_g2q2 || archive_org:Children of the Sea:https://archive.org/details/childrenofsea0000nich || archive_org:Children of the Sea:https://archive.org/details/childernofthesea00oneirich || archive_org:Children of the Sea:https://archive.org/details/childrenofseathr0000onei
188,Final Frequency,Final Frequency,2021,False,,Integrity Releasing,2026-10-06 16:47,0,transcript_only,,,,,,,0,,,,https://www.springfieldspringfield.co.uk/movie_script.php?movie=final-frequency,49658
196,Sweat,Sweat,2021,False,,MUBI,2026-10-06 16:47,4,ok_raw_only,archive_org,Sweat,100.0,unknown,https://archive.org/details/sweat0000bell,,1312,archive.org: Sweat,archive_org:err(HTTPError: 401 Client Error: Unauthorized for url: https://dn720005.ca.) ; archive_org:short(1312) ; archive_org:short(2378) ; archive_org:short(5347),archive_org:Sweat:https://archive.org/details/sweat0000bell || archive_org:Sweat:https://archive.org/details/gov.uscourts.nmd.315588 || archive_org:Sweat:https://archive.org/details/gov.uscourts.ared.79167 || archive_org:Sweat:https://archive.org/details/gov.uscourts.mowd.107576
198,Zola,Zola,2021,False,,A24,2026-10-06 16:47,3,ok,simplyscripts_award,Zola,100.0,ok,https://deadline.com/wp-content/uploads/2022/01/Zola-Read-The-Screenplay-1.pdf,,104337,"Deadline | Zola - November 2018 unspecified draft script by Janicza Bravo & Jeremy O. Harris (Based on the Rolling Stone article ""Zola Tells All"" by David Kushner & on the inimitable Twitter feed of Aziah ""Zola""",simplyscripts_award:ok,simplyscripts_award:Zola:https://deadline.com/wp-content/uploads/2022/01/Zola-Read-The-Screenplay-1.pdf || deadline:Zola:https://deadline.com/2022/01/zola-script-janicza-bravo-jeremy-o-harris-read-the-screenplay-1234920674/ || archive_org:Zola:https://archive.org/details/zola_20260504
210,The God Committee,The God Committee,2021,False,,Vertical Entertainment,2026-10-06 16:47,1,download_failed,,,,,,,0,,archive_org:err(HTTPError: 403 Client Error: Forbidden for url: https://ia801008.us.arc),archive_org:The God Committee:https://archive.org/details/godcommittee0000stge
214,Black Widow,Black Widow,2021,False,,Walt Disney Studios Motion Pictures,2026-10-06 16:47,2,transcript_only,,,,,,,0,,scriptsonscreen:short(11420) ; archive_org:err(HTTPError: 500 Server Error: Internal Server Error for url: https://dn7),scriptsonscreen:Black Widow:https://www.scripts.com/script/black_widow_4212 || archive_org:Black Widow:https://archive.org/details/black-widow-1987-revised-draft-8-15-1985,https://www.springfieldspringfield.co.uk/movie_script.php?movie=black-widow-2021,47643
228,Snake Eyes,Snake Eyes,2021,False,,Paramount Pictures,2026-10-06 16:47,16,ok,scriptsonscreen,Snake Eyes,100.0,unknown,https://www.scriptslug.com/script/snake-eyes-2013,,167981,scripts-onscreen: Script Slug (https://scripts-onscreen.com/movie/snake-eyes-script-links/),scriptsonscreen:ok,scriptsonscreen:Snake Eyes:https://www.scriptslug.com/script/snake-eyes-2013 || scriptsonscreen:Snake Eyes:https://www.scripts.com/script/snake_eyes_18358 || archive_org:Snake Eyes:https://archive.org/details/snakeeyes00smit_0 || archive_org:Snake Eyes:https://archive.org/details/cbfc-ecinepramaan-100010292100003019 || archive_org:Snake Eyes:https://archive.org/details/snakeeyesdonnieb00pist || archive_org:Snake Eyes:https://archive.org/details/snake-eyes-3-1993-pyramid || archive_org:Snake Eyes:https://archive.org/details/snakeeyes0000hoyt || archive_org:Snake Eyes:https://archive.org/details/cbfc-ecinepramaan-100010292100003357 || archive_org:Snake Eyes:https://archive.org/details/snakeeyes0000grah || archive_org:Snake Eyes:https://archive.org/details/snakeeyes0000grah_s0h1 || archive_org:Snake Eyes:https://archive.org/details/snakeeyesenfranc0000jaco || archive_org:Snake Eyes:https://archive.org/details/snakeeyes0000mona || archive_org:Snake Eyes:https://archive.org/details/snakeeyes00smit || archive_org:Snake Eyes:https://archive.org/details/snakeeyes0000mona_m9v0 || archive_org:Snake Eyes:https://archive.org/details/snakeeyes0000hill || scriptslug:snake eyes:https://assets.scriptslug.com/live/pdf/scripts/snake-eyes-1998.pdf
234,Settlers,Settlers,2021,False,,IFC Films,2026-10-06 16:47,0,transcript_only,,,,,,,0,,,,https://www.springfieldspringfield.co.uk/movie_script.php?movie=settlers,12595
244,Stillwater,Stillwater,2021,False,,Focus Features,2026-10-06 16:47,9,ok,simplyscripts_award,Stillwater,100.0,ok,https://deadline.com/wp-content/uploads/2021/12/Stillwater-Read-The-Screenplay.pdf,,137505,"Deadline | Stillwater - Undated, unspecified draft script by Tom McCarthy & Marcus Hinchey and Thomas Bidegain & Noe Debre - hosted by: Deadline - in pdf format A father travels from Oklahoma to France to help h",simplyscripts_award:ok,simplyscripts_award:Stillwater:https://deadline.com/wp-content/uploads/2021/12/Stillwater-Read-The-Screenplay.pdf || deadline:Stillwater:https://deadline.com/2021/12/stillwater-script-tom-mccarthy-matt-damon-thriller-read-the-screenplay-1234889045/ || linkpages:Stillwater:https://deadline.com/wp-content/uploads/2021/12/Stillwater-Read-The-Screenplay.pdf || scriptsonscreen:Stillwater:https://drive.google.com/file/d/17uOFA9biqmp-gr4Hwfu-4N1LGhcvDQP1/view || archive_org:Stillwater:https://archive.org/details/bwb_KT-712-824 || archive_org:Stillwater:https://archive.org/details/gov.uscourts.mtd.65801 || archive_org:Stillwater:https://archive.org/details/gov.uscourts.flmd.365268 || archive_org:Stillwater:https://archive.org/details/stillwaterigneou0000hhhe || archive_org:Stillwater:https://archive.org/details/gov.uscourts.cacb.1831795
246,Lorelei,Lorelei,2021,False,,Freestyle Releasing,2026-10-06 16:47,10,ok,archive_org,Lorelei,100.0,unknown,https://archive.org/details/bub_gb_GFZSAAAAcAAJ,,524273,archive.org: Lorelei Plaudereien über Holland und seine Bewohner,archive_org:ok,archive_org:Lorelei:https://archive.org/details/bub_gb_GFZSAAAAcAAJ || archive_org:Lorelei:https://archive.org/details/gov.uscourts.nynb.371850 || archive_org:Lorelei:https://archive.org/details/gov.uscourts.caeb.510823 || archive_org:Lorelei:https://archive.org/details/gov.uscourts.cacb.1838516 || archive_org:Lorelei:https://archive.org/details/gov.uscourts.pamb.238703 || archive_org:Lorelei:https://archive.org/details/gov.uscourts.ohnb.1048200 || archive_org:Lorelei:https://archive.org/details/gov.uscourts.mowb.347220 || archive_org:Lorelei:https://archive.org/details/gov.uscourts.deb.176864 || archive_org:Lorelei:https://archive.org/details/gov.uscourts.ilnb.1438180 || archive_org:Lorelei:https://archive.org/details/biostor-294403
252,John and the Hole,John and the Hole,2021,False,,IFC Films,2026-10-06 16:47,0,transcript_only,,,,,,,0,,,,https://www.springfieldspringfield.co.uk/movie_script.php?movie=john-and-the-hole,24809
254,Even in Dreams,Even in Dreams,2021,False,,Purdie Distribution,2026-10-06 16:47,1,transcript_only,,,,,,,0,,archive_org:err(HTTPError: 403 Client Error: Forbidden for url: https://ia600100.us.arc),archive_org:Even in Dreams:https://archive.org/details/isbn_9781934949009,https://www.springfieldspringfield.co.uk/movie_script.php?movie=even-in-dreams,56539
260,The Meaning of Hitler,The Meaning of Hitler,2021,False,,IFC Films,2026-10-06 16:47,3,transcript_only,,,,,,,0,,archive_org:err(HTTPError: 401 Client Error: Unauthorized for url: https://dn760103.eu.) ; archive_org:err(HTTPError: 401 Client Error: Unauthorized for url: https://dn760005.eu.) ; archive_org:err(HTTPError: 401 Client Error: Unauthorized for url: https://dn721900.ca.),archive_org:The Meaning of Hitler:https://archive.org/details/meaningofhitler0000haff || archive_org:The Meaning of Hitler:https://archive.org/details/meaningofhitler00haff || archive_org:The Meaning of Hitler:https://archive.org/details/meaningofhitlerb0000seba,https://www.springfieldspringfield.co.uk/movie_script.php?movie=the-meaning-of-hitler,50659
262,The East,The East,2021,False,,Magnolia Pictures,2026-10-06 16:47,4,ok_raw_only,scriptsonscreen,The East,100.0,unknown,https://www.scripts.com/script/the_east_20130,,631,scripts-onscreen: scripts.com (https://scripts-onscreen.com/movie/the-east-script-links/),scriptsonscreen:short(10553) ; archive_org:short(631) ; archive_org:short(1179) ; archive_org:short(1421),scriptsonscreen:The East:https://www.scripts.com/script/the_east_20130 || archive_org:The East:https://archive.org/details/AshurCherry0033 || archive_org:The East:https://archive.org/details/AshurCherry0032 || archive_org:The East:https://archive.org/details/ashurcherry0084
268,Flag Day,Flag Day,2021,False,,United Artists Releasing,2026-10-06 16:47,7,ok,scriptsonscreen,Flag Day,100.0,unknown,https://drive.google.com/file/d/1JiJG-Yd2jPNuBTiugLfUSTV6CE90pwtm/view,ocr ,117591,scripts-onscreen: google.com (https://scripts-onscreen.com/movie/flag-day-script-links/),scriptsonscreen:ok,scriptsonscreen:Flag Day:https://drive.google.com/file/d/1JiJG-Yd2jPNuBTiugLfUSTV6CE90pwtm/view || archive_org:Flag Day:https://archive.org/details/flag-day-the-stars-and-stripes-sermon-by-rev.-arthur-f.-fruhling || archive_org:Flag Day:https://archive.org/details/south-dakota-executive-proclamations-20171214-1608-4880-7638-a0c0376b718b || archive_org:Flag Day:https://archive.org/details/south-dakota-executive-proclamations-20171214-2127-4526-2634-1930d280f1e6 || archive_org:Flag Day:https://archive.org/details/flagday0000dean || archive_org:Flag Day:https://archive.org/details/flagday0000ansa_k2m6 || archive_org:Flag Day:https://archive.org/details/flagdayprogramli00newm
272,Death Rider in the House of Vampires,Death Rider in the House of Vampires,2021,False,,Atlas Distribution Company,2026-10-06 16:47,0,transcript_only,,,,,,,0,,,,https://www.springfieldspringfield.co.uk/movie_script.php?movie=death-rider-in-the-house-of-vampires,23013
278,Escape from Mogadishu,Escape from Mogadishu,2021,False,,Well Go USA Entertainment,2026-10-06 16:47,0,transcript_only,,,,,,,0,,,,https://www.springfieldspringfield.co.uk/movie_script.php?movie=escape-from-mogadishu,36557
286,We Need to Do Something,We Need to Do Something,2021,False,,IFC Films,2026-10-06 16:47,0,transcript_only,,,,,,,0,,,,https://www.springfieldspringfield.co.uk/movie_script.php?movie=we-need-to-do-something,35629
288,Malignant,Malignant,2021,False,,Warner Bros.,2026-10-06 16:47,4,ok,scriptslug,malignant,100.0,ok,https://assets.scriptslug.com/live/pdf/scripts/malignant-2021.pdf,,157675,scriptslug malignant-2021,scriptslug:ok,scriptslug:malignant:https://assets.scriptslug.com/live/pdf/scripts/malignant-2021.pdf || archive_org:Malignant:https://archive.org/details/malignant-2021_202512 || scriptsonscreen:Malignant:https://www.scriptslug.com/script/malignant-2021 || imsdb:Malignant:https://imsdb.com/Movie Scripts/Malignant Script.html
292,The Alpinist,The Alpinist,2021,False,,Roadside Attractions,2026-10-06 16:47,0,transcript_only,,,,,,,0,,,,https://www.springfieldspringfield.co.uk/movie_script.php?movie=the-alpinist,47951
294,Promare,Promare,2021,True,,GKIDS,2026-10-06 16:47,0,transcript_only,,,,,,,0,,,,https://www.springfieldspringfield.co.uk/movie_script.php?movie=promare,39837
302,Blue Bayou,Blue Bayou,2021,False,,Focus Features,2026-10-06 16:47,5,transcript_only,,,,,,,0,,archive_org:err(ValueError: archive.org item has no pdf/txt file) ; archive_org:err(HTTPError: 401 Client Error: Unauthorized for url: https://dn720509.ca.) ; archive_org:err(HTTPError: 401 Client Error: Unauthorized for url: https://dn721800.ca.) ; archive_org:err(HTTPError: 401 Client Error: Unauthorized for url: https://dn760001.eu.),archive_org:Blue Bayou:https://archive.org/details/gov.uscourts.laed.154253 || archive_org:Blue Bayou:https://archive.org/details/bluebayoulamaiso0000robi || archive_org:Blue Bayou:https://archive.org/details/bluebayou0000ross || archive_org:Blue Bayou:https://archive.org/details/bluebayou0000bond || archive_org:Blue Bayou:https://archive.org/details/bluebayou00ross,https://www.springfieldspringfield.co.uk/movie_script.php?movie=blue-bayou,43538
306,Little Girl,Little Girl,2021,False,,Music Box Films,2026-10-06 16:47,0,transcript_only,,,,,,,0,,,,https://www.springfieldspringfield.co.uk/movie_script.php?movie=little-girl,30881
308,Courageous10th Anniversary Re-release,Courageous,2021,True,,Affirm Films,2026-10-06 16:47,3,transcript_only,,,,,,,0,,archive_org:err(HTTPError: 401 Client Error: Unauthorized for url: https://dn721801.ca.) ; archive_org:err(HTTPError: 401 Client Error: Unauthorized for url: https://dn760003.eu.) ; archive_org:err(HTTPError: 500 Server Error: Internal Server Error for url: https://dn7),archive_org:Courageous:https://archive.org/details/bwb_C0-AWL-398 || archive_org:Courageous:https://archive.org/details/courageousleader0000hybe || archive_org:Courageous:https://archive.org/details/bwb_P8-AYD-060,https://www.springfieldspringfield.co.uk/movie_script.php?movie=courageous,61981
310,Breathless2021 Re-release,Breathless,2021,True,,Rialto Pictures,2026-10-06 16:47,2,ok,scriptsonscreen,Breathless,100.0,unknown,http://web.archive.org/web/20191106011816/http://www.script-o-rama.com:80/movie_scripts/b/breathless-script-transcript-richard-gere.html,ocr ,139607,scripts-onscreen: Script-O-Rama (https://scripts-onscreen.com/movie/breathless-script-links/),scriptsonscreen:short(36658) ; archive_org:ok,scriptsonscreen:Breathless:http://web.archive.org/web/20191106011816/http://www.script-o-rama.com:80/movie_scripts/b/breathless-script-transcript-richard-gere.html || archive_org:Breathless:https://archive.org/details/breathless-lm-kit-carson
314,The Addams Family 2,The Addams Family 2,2021,False,,United Artists Releasing,2026-10-06 16:47,0,transcript_only,,,,,,,0,,,,https://www.springfieldspringfield.co.uk/movie_script.php?movie=the-addams-family-2,37602
316,God's Not Dead: We the People,God's Not Dead: We the People,2021,False,,Fathom Events,2026-10-06 16:47,0,transcript_only,,,,,,,0,,,,https://www.springfieldspringfield.co.uk/movie_script.php?movie=gods-not-dead-we-the-people,56483
320,Falling for Figaro,Falling for Figaro,2021,False,,IFC Films,2026-10-06 16:47,0,transcript_only,,,,,,,0,,,,https://www.springfieldspringfield.co.uk/movie_script.php?movie=falling-for-figaro,34731
322,Mayday,Mayday,2021,False,,Magnolia Pictures,2026-10-06 16:47,12,transcript_only,,,,,,,0,,archive_org:err(HTTPError: 401 Client Error: Unauthorized for url: https://dn710000.ca.) ; archive_org:err(HTTPError: 401 Client Error: Unauthorized for url: https://dn790006.ca.) ; archive_org:err(HTTPError: 401 Client Error: Unauthorized for url: https://dn790002.ca.) ; archive_org:err(HTTPError: 403 Client Error: Forbidden for url: https://ia601601.us.arc),archive_org:Mayday:https://archive.org/details/maydayblueprintf0000long || archive_org:Mayday:https://archive.org/details/maydaymouse0000brau_v9p6 || archive_org:Mayday:https://archive.org/details/mayday0000park || archive_org:Mayday:https://archive.org/details/maydaymayday00milt || archive_org:Mayday:https://archive.org/details/mayday-free || archive_org:Mayday:https://archive.org/details/maydayattwothous0000pere || archive_org:Mayday:https://archive.org/details/mayday0000unse_v0k6 || archive_org:Mayday:https://archive.org/details/maydayeisenhower00besc || archive_org:Mayday:https://archive.org/details/gov.uscourts.wawd.275282 || archive_org:Mayday:https://archive.org/details/mayday0000faul || archive_org:Mayday:https://archive.org/details/mayday-21e4fc1cfd || archive_org:Mayday:https://archive.org/details/maydaymouse0000brau,https://www.springfieldspringfield.co.uk/movie_script.php?movie=mayday-2021,23151
326,Mass,Mass,2021,False,,Bleecker Street Media,2026-10-06 16:47,6,ok,simplyscripts_award,Mass,100.0,ok,https://bleeckerstreetmedia.com/guilds/media/screenings/script/film_scripts-296285e5-8c15-4588-8bf7-b5f6531acc83.pdf,,94393,"Bleeker Street | Mass - Undated, unspecified FYC script by Fran Kranz - hosted by: Bleeker Street - in pdf format Years after an unspeakable tragedy tore their lives apart, in an attempt to move forward, the parents o",simplyscripts_award:err(HTTPError: 404 Client Error: Not Found for url: https://bleeckerstreetm) ; scriptslug:ok,simplyscripts_award:Mass:https://bleeckerstreetmedia.com/guilds/media/screenings/script/film_scripts-296285e5-8c15-4588-8bf7-b5f6531acc83.pdf || scriptslug:mass:https://assets.scriptslug.com/live/pdf/scripts/mass-2021.pdf || deadline:Mass:https://deadline.com/2022/01/mass-script-fran-kranz-movie-read-the-screenplay-1234905223/ || linkpages:Mass:https://bleeckerstreetmedia.com/guilds/media/screenings/script/film_scripts-296285e5-8c15-4588-8bf7-b5f6531acc83.pdf || scriptsonscreen:Mass:https://www.scriptslug.com/script/mass-2021 || archive_org:Mass:https://archive.org/details/mass-retirement-from-congress-voa-radio-script
330,Halloween Kills,Halloween Kills,2021,False,,Universal Pictures,2026-10-06 16:47,3,ok,scriptslug,halloween kills,100.0,ok,https://assets.scriptslug.com/live/pdf/scripts/halloween-kills-2021.pdf,,117929,scriptslug halloween-kills-2021,scriptslug:ok,scriptslug:halloween kills:https://assets.scriptslug.com/live/pdf/scripts/halloween-kills-2021.pdf || scriptsonscreen:Halloween Kills:https://www.scriptslug.com/script/halloween-kills-2021 || archive_org:Halloween Kills:https://archive.org/details/cbfc-ecinepramaan-100010292100004976
332,Bergman Island,Bergman Island,2021,False,,IFC Films,2026-10-06 16:47,0,transcript_only,,,,,,,0,,,,https://www.springfieldspringfield.co.uk/movie_script.php?movie=bergman-island,36258
334,Hard Luck Love Song,Hard Luck Love Song,2021,False,,Roadside Attractions,2026-10-06 16:47,0,transcript_only,,,,,,,0,,,,https://www.springfieldspringfield.co.uk/movie_script.php?movie=hard-luck-love-song,42084
340,Becoming Cousteau,Becoming Cousteau,2021,False,,Picturehouse,2026-10-06 16:47,0,transcript_only,,,,,,,0,,,,https://www.springfieldspringfield.co.uk/movie_script.php?movie=becoming-cousteau,30482
342,13 Fanboy,13 Fanboy,2021,False,,Deskpop Entertainment,2026-10-06 16:47,0,transcript_only,,,,,,,0,,,,https://www.springfieldspringfield.co.uk/movie_script.php?movie=13-fanboy,35928
344,Minyan,Minyan,2021,False,,Strand Releasing,2026-10-06 16:47,5,download_failed,,,,,,,0,,archive_org:err(HTTPError: 401 Client Error: Unauthorized for url: https://dn760103.eu.) ; archive_org:err(HTTPError: 401 Client Error: Unauthorized for url: https://dn720700.ca.) ; archive_org:err(HTTPError: 401 Client Error: Unauthorized for url: https://dn760106.eu.) ; archive_org:err(ValueError: archive.org item has no pdf/txt file),archive_org:Minyan:https://archive.org/details/minyantenprincip0000shap || archive_org:Minyan:https://archive.org/details/minyan0000alan || archive_org:Minyan:https://archive.org/details/minyannihumimmin0000unse || archive_org:Minyan:https://archive.org/details/gov.uscourts.cacb.1822650 || archive_org:Minyan:https://archive.org/details/minyantenjewishl0000raph
346,Last Night in Soho,Last Night in Soho,2021,False,,Focus Features,2026-10-06 16:47,7,ok,simplyscripts_award,Last Night in Soho,100.0,ok,https://focusfeaturesguilds2021.com/last-night-in-soho/Last_Night_in_Soho.pdf,,138065,"Focus Features | Last Night in Soho - Undated, unspecified draft script by Edgar Wright & Krysty Wilson-Cairns - hosted by: Focus Features - in pdf format An aspiring fashion designer is mysteriously able to enter the",simplyscripts_award:short(0) ; scriptslug:ok,simplyscripts_award:Last Night in Soho:https://focusfeaturesguilds2021.com/last-night-in-soho/Last_Night_in_Soho.pdf || scriptslug:last night in soho:https://assets.scriptslug.com/live/pdf/scripts/last-night-in-soho-2021.pdf || deadline:Last Night in Soho:https://deadline.com/2021/12/last-night-in-soho-script-edgar-wright-krysty-wilson-cairns-read-the-screenplay-1234900771/ || linkpages:Last Night in Soho:https://focusfeaturesguilds2021.com/last-night-in-soho/Last_Night_in_Soho.pdf || linkpages:Last Night In Soho:https://deadline.com/wp-content/uploads/2021/12/Last-Night-In-Soho-Read-The-Screenplay.pdf || scriptsonscreen:Last Night in Soho:https://www.scriptslug.com/script/last-night-in-soho-2021 || archive_org:Last Night in Soho:https://archive.org/details/cbfc-ecinepramaan-100010292100005246
348,Ghostbusters2021 Re-release,Ghostbusters,2021,True,,Sony Pictures Classics,2026-10-06 16:47,9,ok,scriptslug,ghostbusters,100.0,ok,https://assets.scriptslug.com/live/pdf/scripts/ghostbusters-1984.pdf,,140173,scriptslug ghostbusters-1984,scriptslug:ok,scriptslug:ghostbusters:https://assets.scriptslug.com/live/pdf/scripts/ghostbusters-1984.pdf || simplyscripts:Ghostbusters:http://www.scifiscripts.com/scripts/Ghostbusters.txt || archive_org:Ghostbusters:https://archive.org/details/ghostbusters-1984-continuity-1984.06.15 || archive_org:Ghostbusters:https://archive.org/details/ghostbusters_202201 || archive_org:Ghostbusters:https://archive.org/details/gbvg_script2008-02-11 || imsdb:Ghostbusters:https://imsdb.com/Movie Scripts/Ghostbusters Script.html || scriptsonscreen:Ghostbusters:https://www.scriptslug.com/script/ghostbusters-1989 || scriptsonscreen:Ghostbusters:http://www.imsdb.com/scripts/Ghostbusters.html || scriptsonscreen:Ghostbusters:http://web.archive.org/web/20040216180507/http:/members.tripod.com/Adam_P_B/ghostbusters/script.html
350,Heart of Champions,Heart of Champions,2021,False,,Vertical Entertainment,2026-10-06 16:47,0,transcript_only,,,,,,,0,,,,https://www.springfieldspringfield.co.uk/movie_script.php?movie=heart-of-champions,45000
352,Only the Animals,Only the Animals,2021,False,,Cohen Media Group,2026-10-06 16:47,1,download_failed,,,,,,,0,,archive_org:err(HTTPError: 401 Client Error: Unauthorized for url: https://dn760102.eu.),archive_org:Only the Animals:https://archive.org/details/onlyanimals0000dove
356,Clifford the Big Red Dog,Clifford the Big Red Dog,2021,False,,Paramount Pictures,2026-10-06 16:47,9,ok_raw_only,archive_org,Clifford the Big Red Dog,100.0,unknown,https://archive.org/details/cliffordbigreddo0000brid_i8y5,,5704,"archive.org: Clifford, the big red dog",archive_org:err(HTTPError: 403 Client Error: Forbidden for url: https://ia601507.us.arc) ; archive_org:short(5704) ; archive_org:err(HTTPError: 401 Client Error: Unauthorized for url: https://dn760007.eu.) ; archive_org:err(HTTPError: 401 Client Error: Unauthorized for url: https://dn760008.eu.),archive_org:Clifford the Big Red Dog:https://archive.org/details/cliffordbigreddo0000brid_i8y5 || archive_org:Clifford the Big Red Dog:https://archive.org/details/clifford-the-big-red-dog_202508 || archive_org:Clifford the Big Red Dog:https://archive.org/details/cliffordbigredd00brid || archive_org:Clifford the Big Red Dog:https://archive.org/details/isbn_0766606813 || archive_org:Clifford the Big Red Dog:https://archive.org/details/isbn_0766606821 || archive_org:Clifford the Big Red Dog:https://archive.org/details/isbn_9780735311138 || archive_org:Clifford the Big Red Dog:https://archive.org/details/isbn_043952203X || archive_org:Clifford the Big Red Dog:https://archive.org/details/cliffordbigreddo0000brid_v3y1 || archive_org:Clifford the Big Red Dog:https://archive.org/details/cliffordbigreddo0000harr
360,Christmas vs. The Walters,Christmas vs. The Walters,2021,False,,Safier Entertainment,2026-10-06 16:47,0,transcript_only,,,,,,,0,,,,https://www.springfieldspringfield.co.uk/movie_script.php?movie=christmas-vs-the-walters,60178
364,Belfast,Belfast,2021,False,,Focus Features,2026-10-06 16:47,6,ok,simplyscripts_award,Belfast,100.0,ok,https://focusfeaturesguilds2021.com/belfast/Belfast.pdf,,96974,"Focus Features | Belfast - Undated, unspecified shooting draft script by Kenneth Branah - hosted by: Focus Features - in pdf format A young boy and his working-class Belfast family experience the tumultuous late 1960s",simplyscripts_award:err(HTTPError: 404 Client Error: Not Found for url: https://focusfeaturesgu) ; scriptslug:ok,simplyscripts_award:Belfast:https://focusfeaturesguilds2021.com/belfast/Belfast.pdf || scriptslug:belfast:https://assets.scriptslug.com/live/pdf/scripts/belfast-2021.pdf || deadline:Belfast:https://deadline.com/2022/01/belfast-script-kenneth-branagh-read-the-screenplay-1234918538/ || linkpages:Belfast:https://focusfeaturesguilds2021.com/belfast/Belfast.pdf || scriptsonscreen:Belfast:https://www.scriptslug.com/script/belfast-2021 || archive_org:Belfast:https://archive.org/details/belfastpolitics01joygoog
366,Julia,Julia,2021,False,,Sony Pictures Classics,2026-10-06 16:47,3,ok,simplyscripts,Julia,100.0,unknown,https://web.archive.org/web/20160221233643/http://www.pages.drexel.edu/~ina22/splaylib/Screenplay-Julia.pdf,ocr wayback,155399,"Drexel Screenplay Library | (Unspecified ) by Lillian Hellman (based upon the story by), Alvin Sargent (screenplay) host:",simplyscripts:ok,simplyscripts:Julia:https://web.archive.org/web/20160221233643/http://www.pages.drexel.edu/~ina22/splaylib/Screenplay-Julia.pdf || scriptsonscreen:Julia:https://www.scriptslug.com/script/julia-1977 || scriptslug:julia:https://assets.scriptslug.com/live/pdf/scripts/julia-1977.pdf
370,King Richard,King Richard,2021,False,,Warner Bros.,2026-10-06 16:47,7,ok,simplyscripts_award,King Richard,100.0,ok,https://deadline.com/wp-content/uploads/2022/01/King-Richard-Read-The-Screenplay-2.pdf,,152955,"Deadline | King Richard - November 19, 2021 final script by Zach Baylin - hosted by: Deadline - in pdf format Richard Williams is determined to write his two daughters, Venus and Serena, into the history books. ",simplyscripts_award:ok,simplyscripts_award:King Richard:https://deadline.com/wp-content/uploads/2022/01/King-Richard-Read-The-Screenplay-2.pdf || scriptslug:king richard:https://assets.scriptslug.com/live/pdf/scripts/king-richard-2021.pdf || deadline:King Richard:https://deadline.com/2022/01/king-richard-script-venus-serena-willams-story-zach-baylin-read-the-screenplay-1234909167/ || archive_org:King Richard:https://archive.org/details/king-richard_202605 || linkpages:King Richard:https://deadline.com/wp-content/uploads/2022/01/King-Richard-Read-The-Screenplay-2.pdf || linkpages:King Richard:https://d2bu9v0mnky9ur.cloudfront.net/academy2021/scripts/KRsxSTyWBSrntAW20211109/kingrichard_final_filmed.pdf || scriptsonscreen:King Richard:https://www.scriptslug.com/script/king-richard-2021
374,India Sweets and Spices,India Sweets and Spices,2021,False,,Bleecker Street Media,2026-10-06 16:47,0,transcript_only,,,,,,,0,,,,https://www.springfieldspringfield.co.uk/movie_script.php?movie=india-sweets-and-spices,46352
376,The Battle at Lake Changjin,The Battle at Lake Changjin,2021,False,,CMC Pictures,2026-10-06 16:47,0,transcript_only,,,,,,,0,,,,https://www.springfieldspringfield.co.uk/movie_script.php?movie=the-battle-at-lake-changjin,47486
378,The First Wave,The First Wave,2021,False,,Neon,2026-10-06 16:47,2,download_failed,,,,,,,0,,archive_org:err(HTTPError: 500 Server Error: Internal Server Error for url: https://dn7) ; archive_org:err(HTTPError: 401 Client Error: Unauthorized for url: https://dn790006.ca.),archive_org:The First Wave:https://archive.org/details/firstwavewomenpo0000drak || archive_org:The First Wave:https://archive.org/details/firstwavewomenpo00drak
388,Aline,Aline,2021,False,,Roadside Attractions,2026-10-06 16:47,9,ok_raw_only,archive_org,Aline,100.0,ok,https://archive.org/details/AlineLopesGlria2018,,4279,archive.org: Aline Lopes - Glória 2018,archive_org:err(ValueError: archive.org item has no pdf/txt file) ; archive_org:short(4279) ; archive_org:err(ValueError: archive.org item has no pdf/txt file) ; archive_org:short(15242),archive_org:Aline:https://archive.org/details/AlineLopesGlria2018 || archive_org:Aline:https://archive.org/details/cricmt_000315 || archive_org:Aline:https://archive.org/details/gov.uscourts.vaeb.709796 || archive_org:Aline:https://archive.org/details/gov.uscourts.cacd.599394 || archive_org:Aline:https://archive.org/details/de-dieguez-aline-aux-sources-du-chaos-mondial-actuel || archive_org:Aline:https://archive.org/details/gov.uscourts.arb.759606 || archive_org:Aline:https://archive.org/details/gov.uscourts.flsb.759733 || archive_org:Aline:https://archive.org/details/gov.uscourts.nyeb.480542 || archive_org:Aline:https://archive.org/details/11721390bsb
390,True to the Game 3,True to the Game 3,2021,False,,Faith Media Distribution,2026-10-06 16:47,0,transcript_only,,,,,,,0,,,,https://www.springfieldspringfield.co.uk/movie_script.php?movie=true-to-the-game-3,49715
392,Wolf,Wolf,2021,False,,Focus Features,2026-10-06 16:47,2,ok,scriptsonscreen,Wolf,100.0,unknown,https://www.scripts.com/script/wolf_23597,ocr ,145827,scripts-onscreen: scripts.com (https://scripts-onscreen.com/movie/wolf-script-links/),scriptsonscreen:short(11412) ; archive_org:ok,scriptsonscreen:Wolf:https://www.scripts.com/script/wolf_23597 || archive_org:Wolf:https://archive.org/details/wolf-1994-1992-11-6
396,The Scary of Sixty-First,The Scary of Sixty-First,2021,False,,Utopia,2026-10-06 16:47,0,transcript_only,,,,,,,0,,,,https://www.springfieldspringfield.co.uk/movie_script.php?movie=the-scary-of-sixty-first,28839
400,National Champions,National Champions,2021,False,,STX Entertainment,2026-10-06 16:47,1,ok_raw_only,archive_org,National Champions,100.0,fail,https://archive.org/details/1990-1991-national-champions-basketball-programme,,36615,archive.org: National Champions Basketball 1990-1991 Programme,archive_org:short(36615),archive_org:National Champions:https://archive.org/details/1990-1991-national-champions-basketball-programme
402,Red Rocket,Red Rocket,2021,False,,A24,2026-10-06 16:47,8,ok,simplyscripts_award,Red Rocket,100.0,ok,https://deadline.com/wp-content/uploads/2021/12/Red-Rocket-Read-The-Screenplay.pdf,,109646,"Deadline | Red Rocket - October 25th, 2020 green revised draft script by Sean Baker & Chris Bergoch - hosted by: Deadline - in pdf format Finding himself down and out in Los Angeles, ex porn star Mikey Saber dec",simplyscripts_award:ok,simplyscripts_award:Red Rocket:https://deadline.com/wp-content/uploads/2021/12/Red-Rocket-Read-The-Screenplay.pdf || scriptslug:red rocket:https://assets.scriptslug.com/live/pdf/scripts/red-rocket-2021.pdf || deadline:Red Rocket:https://deadline.com/2021/12/red-rocket-script-sean-baker-chris-bergoch-read-the-screenplay-1234902363/ || linkpages:Red Rocket:https://deadline.com/wp-content/uploads/2021/12/Red-Rocket-Read-The-Screenplay.pdf || scriptsonscreen:Red Rocket:https://www.scriptslug.com/script/red-rocket-2021 || archive_org:Red Rocket:https://archive.org/details/manualzilla-id-5704306 || archive_org:Red Rocket:https://archive.org/details/fallout-red-rocket-designer-video || archive_org:Red Rocket:https://archive.org/details/manualzilla-id-5814859
404,Agnes,Agnes,2021,False,,Magnolia Pictures,2026-10-06 16:47,1,ok,archive_org,Agnes,100.0,fail,https://archive.org/details/agnes-of-god-1985-2nd-draft,ocr ,109209,archive.org: Agnes Of God (1985) screenplay,archive_org:ok,archive_org:Agnes:https://archive.org/details/agnes-of-god-1985-2nd-draft
408,Nightmare Alley,Nightmare Alley,2021,False,,Searchlight Pictures,2026-10-06 16:47,12,ok,simplyscripts_award,Nightmare Alley,100.0,ok,https://deadline.com/wp-content/uploads/2022/01/Nightmare-Alley-Read-The-Screenplay-1.pdf,,124747,"Deadline | Nightmare Alley - December 1, 2021 Final Shooting script by Guillermo del Toro & Kim Morgan (Based on the Novel by William Lindsay Gresham) - hosted by: Deadline - in pdf format An extraordinary descr",simplyscripts_award:ok,simplyscripts_award:Nightmare Alley:https://deadline.com/wp-content/uploads/2022/01/Nightmare-Alley-Read-The-Screenplay-1.pdf || scriptslug:nightmare alley:https://assets.scriptslug.com/live/pdf/scripts/nightmare-alley-2021.pdf || deadline:Nightmare Alley:https://deadline.com/2022/01/nightmare-alley-script-guillermo-del-toro-kim-morgan-read-the-screenplay-1234912513/ || linkpages:Nightmare Alley:https://deadline.com/wp-content/uploads/2022/01/Nightmare-Alley-Read-The-Screenplay-1.pdf || scriptsonscreen:Nightmare Alley:https://www.scriptslug.com/script/nightmare-alley-2021 || archive_org:Nightmare Alley:https://archive.org/details/nightmare-alley || archive_org:Nightmare Alley:https://archive.org/details/bwb_T5-CWR-777 || archive_org:Nightmare Alley:https://archive.org/details/nightmarealley0000will_k4n9 || archive_org:Nightmare Alley:https://archive.org/details/nightmare-alley-abductions || archive_org:Nightmare Alley:https://archive.org/details/nightmarealleysi0000unse || archive_org:Nightmare Alley:https://archive.org/details/nightmarealley0000will || archive_org:Nightmare Alley:https://archive.org/details/nightmarealley00will
416,'83,'83,2021,False,,Reliance Entertainment,2026-10-06 16:47,1,ok,archive_org,'83,100.0,unknown,https://archive.org/details/flzt-83-vaiyakarana-bhushana-sara-sanskrit-in-malayalam,,49231,archive.org: 83 Vaiyakarana Bhushana Sara Sanskrit In Malayalam Script Vyakarana Palm Leaf Manuscript Unknown,archive_org:ok,archive_org:'83:https://archive.org/details/flzt-83-vaiyakarana-bhushana-sara-sanskrit-in-malayalam
418,Memoria,Memoria,2021,False,,Neon,2026-10-06 16:47,6,download_failed,,,,,,,0,,archive_org:err(HTTPError: 401 Client Error: Unauthorized for url: https://dn720002.ca.) ; archive_org:err(HTTPError: 401 Client Error: Unauthorized for url: https://dn720002.ca.) ; archive_org:err(HTTPError: 401 Client Error: Unauthorized for url: https://dn720706.ca.) ; archive_org:err(ValueError: archive.org item has no pdf/txt file),archive_org:Memoria:https://archive.org/details/memoriac1944guat || archive_org:Memoria:https://archive.org/details/memoriadelatrans0000unse || archive_org:Memoria:https://archive.org/details/memoriadelacuart0000trig || archive_org:Memoria:https://archive.org/details/memoria-aldair.rar || archive_org:Memoria:https://archive.org/details/memoriadelalegis00nuev || archive_org:Memoria:https://archive.org/details/memoria-y-prensa-archivo-digital-y-difusion-de-prensa-en-diarios-de-osorno-a-1880-1930._202312
422,Scream,Scream,2022,False,,Paramount Pictures,2026-10-06 16:47,11,ok,scriptslug,scream,100.0,ok,https://assets.scriptslug.com/live/pdf/scripts/scream-2022.pdf,,134970,scriptslug scream-2022,scriptslug:ok,scriptslug:scream:https://assets.scriptslug.com/live/pdf/scripts/scream-2022.pdf || simplyscripts:Scream:https://www.dailyscript.com/scripts/Scream.txt || simplyscripts:Scream:https://web.archive.org/web/20160221233643/http://www.pages.drexel.edu/~ina22/splaylib/Screenplay-Scream.pdf || scriptsonscreen:Scream:https://www.scriptslug.com/script/scream-2022 || archive_org:Scream:https://archive.org/details/screamscreenplay00will || scriptslug:scream:https://assets.scriptslug.com/live/pdf/scripts/scream-1996.pdf || simplyscripts:Scream:http://www.horrorlair.com/scripts/scream.txt || archive_org:Scream:https://archive.org/details/scream-2-1997-fka-scream-again-1997.07.29-msg-pg-102 || archive_org:Scream:https://archive.org/details/scream-1996-fka-scary-movie-1995.07.31-rewrite || imsdb:Scream:https://imsdb.com/Movie Scripts/Scream Script.html || dailyscript:Scream:https://www.dailyscript.com/scripts/Scream.txt
424,Who We Are: A Chronicle of Racism in America,Who We Are: A Chronicle of Racism in America,2022,False,,Sony Pictures Releasing,2026-10-06 16:47,0,transcript_only,,,,,,,0,,,,https://www.springfieldspringfield.co.uk/movie_script.php?movie=who-we-are-a-chronicle-of-racism-in-america,75078
426,Italian Studies,Italian Studies,2022,False,,Magnolia Pictures,2026-10-06 16:47,3,transcript_only,,,,,,,0,,archive_org:err(HTTPError: 401 Client Error: Unauthorized for url: https://dn710202.ca.) ; archive_org:err(HTTPError: 401 Client Error: Unauthorized for url: https://dn760105.eu.) ; archive_org:err(HTTPError: 401 Client Error: Unauthorized for url: https://dn720004.ca.),archive_org:Italian Studies:https://archive.org/details/italianstudies0000edwa_s3m0 || archive_org:Italian Studies:https://archive.org/details/italianstudies0000arms || archive_org:Italian Studies:https://archive.org/details/italianstudies0000edwa_g0f8,https://www.springfieldspringfield.co.uk/movie_script.php?movie=italian-studies,29374
432,Unsilenced,Unsilenced,2022,False,,Zhen Pictures,2026-10-06 16:47,2,download_failed,,,,,,,0,,archive_org:err(HTTPError: 500 Server Error: Internal Server Error for url: https://dn7) ; archive_org:err(HTTPError: 401 Client Error: Unauthorized for url: https://dn720001.ca.),archive_org:Unsilenced:https://archive.org/details/unsilencedfaceso0000nico || archive_org:Unsilenced:https://archive.org/details/unsilencedspirit0000unse
436,The Beatles: Get Back - The Rooftop Concert,The Beatles: Get Back - The Rooftop Concert,2022,False,concert_live,IMAX,2026-10-06 16:47,0,non_film,,,,,,,0,,,
438,Gamestop: Rise of the Players,Gamestop: Rise of the Players,2022,False,,Super LTD,2026-10-06 16:47,0,transcript_only,,,,,,,0,,,,https://www.springfieldspringfield.co.uk/movie_script.php?movie=gamestop-rise-of-the-players,73561
446,The Worst Person in the World,The Worst Person in the World,2022,False,,Neon,2026-10-06 16:47,6,transcript_only,,,,,,,0,,scriptslug:err(HTTPError: 403 Client Error: Forbidden for url: https://assets.scriptsl) ; scriptsonscreen:short(955) ; archive_org:err(HTTPError: 401 Client Error: Unauthorized for url: https://dn760102.eu.) ; archive_org:err(HTTPError: 401 Client Error: Unauthorized for url: https://dn721700.ca.),scriptslug:the worst person in the world:https://assets.scriptslug.com/live/pdf/scripts/the-worst-person-in-the-world-2021.pdf || scriptsonscreen:The Worst Person in the World:https://www.scriptslug.com/script/the-worst-person-in-the-world-2021 || archive_org:The Worst Person in the World:https://archive.org/details/worstpersoninwor00olbe || archive_org:The Worst Person in the World:https://archive.org/details/worstpersoninwor00jame || archive_org:The Worst Person in the World:https://archive.org/details/worstpersoninwor0000olbe || archive_org:The Worst Person in the World:https://archive.org/details/worstpersoninwor00stev,https://www.springfieldspringfield.co.uk/movie_script.php?movie=the-worst-person-in-the-world,36236
450,Marry Me,Marry Me,2022,False,,Universal Pictures,2026-10-06 16:47,10,transcript_only,,,,,,,0,,archive_org:err(ValueError: archive.org item has no pdf/txt file) ; archive_org:err(HTTPError: 401 Client Error: Unauthorized for url: https://dn760003.eu.) ; archive_org:err(HTTPError: 401 Client Error: Unauthorized for url: https://dn721903.ca.) ; archive_org:err(HTTPError: 401 Client Error: Unauthorized for url: https://dn760001.eu.),archive_org:Marry Me:https://archive.org/details/marry-me || archive_org:Marry Me:https://archive.org/details/marrymechristmas00shir || archive_org:Marry Me:https://archive.org/details/marrymemarryme0000berr || archive_org:Marry Me:https://archive.org/details/marrymeatchristm0000mall || archive_org:Marry Me:https://archive.org/details/marrymeromance0000updi_e6o1 || archive_org:Marry Me:https://archive.org/details/marrymemarryme0000neat || archive_org:Marry Me:https://archive.org/details/marryme0000boot || archive_org:Marry Me:https://archive.org/details/marrymeatchristm0000mall_c5w8 || archive_org:Marry Me:https://archive.org/details/savefanfiction-9827674-Marry_Me_-energeticMadwoman || archive_org:Marry Me:https://archive.org/details/marrymestranger00kayg,https://www.springfieldspringfield.co.uk/movie_script.php?movie=marry-me,80216
454,Fabian: Going to the Dogs,Fabian: Going to the Dogs,2022,False,,Kino Lorber,2026-10-06 16:47,0,transcript_only,,,,,,,0,,,,https://www.springfieldspringfield.co.uk/movie_script.php?movie=fabian-going-to-the-dogs,140632
460,Strawberry Mansion,Strawberry Mansion,2022,False,,Music Box Films,2026-10-06 16:47,5,ok,scriptslug,strawberry mansion,100.0,ok,https://assets.scriptslug.com/live/pdf/scripts/strawberry-mansion-2021.pdf,,96778,scriptslug strawberry-mansion-2021,scriptslug:ok,scriptslug:strawberry mansion:https://assets.scriptslug.com/live/pdf/scripts/strawberry-mansion-2021.pdf || scriptsonscreen:Strawberry Mansion:https://www.scriptslug.com/script/strawberry-mansion-2021 || archive_org:Strawberry Mansion:https://archive.org/details/bwb_S0-EAI-559 || archive_org:Strawberry Mansion:https://archive.org/details/strawberrymansio00lowr || archive_org:Strawberry Mansion:https://archive.org/details/strawberrymansio0000pres
462,The Automat,The Automat,2022,False,,Slice of Pie,2026-10-06 16:47,2,transcript_only,,,,,,,0,,archive_org:err(HTTPError: 401 Client Error: Unauthorized for url: https://dn720701.ca.) ; archive_org:err(HTTPError: 401 Client Error: Unauthorized for url: https://dn760004.eu.),archive_org:The Automat:https://archive.org/details/automat0000cris || archive_org:The Automat:https://archive.org/details/automat0000dieh,https://www.springfieldspringfield.co.uk/movie_script.php?movie=the-automat,54877
466,The Godfather2022 Re-release,The Godfather,2022,True,,Paramount Pictures,2026-10-06 16:47,15,ok,scriptslug,the godfather,100.0,ok,https://assets.scriptslug.com/live/pdf/scripts/the-godfather-1972.pdf,,125459,scriptslug the-godfather-1972,scriptslug:ok,"scriptslug:the godfather:https://assets.scriptslug.com/live/pdf/scripts/the-godfather-1972.pdf || archive_org:The Godfather:https://archive.org/details/godfather-part-2-the-1974-by-mario-puzo-and-francis-ford-coppola-1973-9-24 || archive_org:The Godfather:https://archive.org/details/godfather-the-1972-by-mario-puzo-francis-ford-coppola-1971-3-1 || dailyscript:The Godfather:https://www.dailyscript.com/scripts/Godfather,%20The.txt || dailyscript:The Godfather:https://www.dailyscript.com/scripts/The_Godfather.html || simplyscripts:The Godfather:https://www.dailyscript.com/scripts/Godfather,%20The.txt || simplyscripts:The Godfather:http://www.awesomefilm.com/script/THEGODFATHER.txt || simplyscripts:The Godfather:https://web.archive.org/web/20160221233643/http://www.pages.drexel.edu/~ina22/splaylib/Screenplay-Godfather, The-Continuity.pdf || scriptsonscreen:The Godfather:http://web.archive.org/web/20111012054645/http://www.scenariusze.stopklatka.pl/pdf/Godfather.pdf || scriptsonscreen:The Godfather:https://www.scriptslug.com/script/the-godfather-1972 || scriptsonscreen:The Godfather:http://www.dailyscript.com/scripts/Godfather,%20The.txt || scriptsonscreen:The Godfather:http://sfy.ru/?script=god_father || scriptsonscreen:The Godfather:http://www.imsdb.com/scripts/Godfather.html || scriptsonscreen:The Godfather:http://www.dailyscript.com/scripts/The_Godfather.html || scriptsonscreen:The Godfather:http://www.jgeoff.com/godfather/gf1/transcript/gf1transcript.html"
468,Butter,Butter,2022,False,,Blue Fox Entertainment,2026-10-06 16:47,8,ok,scriptsonscreen,Butter,100.0,unknown,https://thescriptsavant.com/movies/Butter.pdf,ocr wayback,114663,scripts-onscreen: The Script Savant (https://scripts-onscreen.com/movie/butter-script-links/),scriptsonscreen:ok,scriptsonscreen:Butter:https://thescriptsavant.com/movies/Butter.pdf || scriptsonscreen:Butter:https://www.scripts.com/script/butter_4875 || archive_org:Butter:https://archive.org/details/projectData_20170501 || archive_org:Butter:https://archive.org/details/butternonfatdrym430jone || archive_org:Butter:https://archive.org/details/butter0000lang_e0m8 || archive_org:Butter:https://archive.org/details/butterbillminin00commgoog || archive_org:Butter:https://archive.org/details/butterboardandspreaderset || archive_org:Butter:https://archive.org/details/butterdownwellre0000coll
470,The Batman,The Batman,2022,False,,Warner Bros.,2026-10-06 16:47,9,ok,simplyscripts_award,The Batman,100.0,ok,https://deadline.com/wp-content/uploads/2022/12/The-Batman-Read-The-Screenplay.pdf,,190181,"Deadline | The Batman - February 9, 2020 white shooting draft script by Matt Reeves & Peter Craig (previous revisions by Matt Reeves, Matt Reeves & Mattson Tomlin (Written by Matt Reeves & Peter Craig (Based on ",simplyscripts_award:ok,simplyscripts_award:The Batman:https://deadline.com/wp-content/uploads/2022/12/The-Batman-Read-The-Screenplay.pdf || scriptslug:the batman:https://assets.scriptslug.com/live/pdf/scripts/the-batman-2022.pdf || deadline:The Batman:https://deadline.com/2022/12/the-batman-script-matt-reeves-peter-craig-screenplay-1235207713/ || archive_org:The Batman:https://archive.org/details/the-batman-2022-screenplay || archive_org:The Batman:https://archive.org/details/the-batman-script-2022 || archive_org:The Batman:https://archive.org/details/the-batman-2022-ending || archive_org:The Batman:https://archive.org/details/the-batman-2022-start || linkpages:The Batman:https://deadline.com/wp-content/uploads/2022/12/The-Batman-Read-The-Screenplay.pdf || scriptsonscreen:The Batman:https://www.scriptslug.com/script/the-batman-2022
472,After Yang,After Yang,2022,False,,,2026-10-06 16:47,0,transcript_only,,,,,,,0,,,,https://www.springfieldspringfield.co.uk/movie_script.php?movie=after-yang,34652
474,Huda's Salon,Huda's Salon,2022,False,,IFC Films,2026-10-06 16:47,0,transcript_only,,,,,,,0,,,,https://www.springfieldspringfield.co.uk/movie_script.php?movie=hudas-salon,29715
476,BTS Permission to Dance on Stage - Seoul: Live Viewing,BTS Permission to Dance on Stage - Seoul: Live Viewing,2022,False,concert_live,Trafalgar Releasing,2026-10-06 16:47,0,non_film,,,,,,,0,,,
478,Tyson's Run,Tyson's Run,2022,False,,Collide Distribution,2026-10-06 16:47,0,transcript_only,,,,,,,0,,,,https://www.springfieldspringfield.co.uk/movie_script.php?movie=tysons-run,42598
480,All My Friends Hate Me,All My Friends Hate Me,2022,False,,,2026-10-06 16:47,0,transcript_only,,,,,,,0,,,,https://www.springfieldspringfield.co.uk/movie_script.php?movie=all-my-friends-hate-me,42652
484,I've Heard the Mermaids Singing2022 Re-release,I've Heard the Mermaids Singing,2022,True,,Kino Lorber,2026-10-06 16:47,0,transcript_only,,,,,,,0,,,,https://www.springfieldspringfield.co.uk/movie_script.php?movie=ive-heard-the-mermaids-singing,22106
492,Alice,Alice,2022,False,,Roadside Attractions,2026-10-06 16:47,5,ok,scriptsonscreen,Alice,100.0,unknown,http://web.archive.org/web/20191228083929/http://www.script-o-rama.com:80/movie_scripts/a/alice-script-transcript-woody-allen.html,wayback,63252,scripts-onscreen: Script-O-Rama (https://scripts-onscreen.com/movie/alice-script-links/),scriptsonscreen:ok,scriptsonscreen:Alice:http://web.archive.org/web/20191228083929/http://www.script-o-rama.com:80/movie_scripts/a/alice-script-transcript-woody-allen.html || archive_org:Alice:https://archive.org/details/alice-doesnt-live-here-anymore-1974 || archive_org:Alice:https://archive.org/details/alice-in-wonderland-script || archive_org:Alice:https://archive.org/details/alice-2007-script || archive_org:Alice:https://archive.org/details/alice-in-wonderland1985script
494,Mr. Klein2022 Re-release (4K),Mr. Klein,2022,True,,Rialto Distribution,2026-10-06 16:47,0,transcript_only,,,,,,,0,,,,https://www.springfieldspringfield.co.uk/movie_script.php?movie=mr-klein,29262
502,You Are Not My Mother,You Are Not My Mother,2022,False,,Magnolia Pictures,2026-10-06 16:47,0,transcript_only,,,,,,,0,,,,https://www.springfieldspringfield.co.uk/movie_script.php?movie=you-are-not-my-mother,21003
506,Morbius,Morbius,2022,False,,Columbia Pictures,2026-10-06 16:47,1,ok,archive_org,Morbius,100.0,unknown,https://archive.org/details/morbius-2,ocr ,96492,archive.org: Morbius 2 script,archive_org:ok,archive_org:Morbius:https://archive.org/details/morbius-2
508,Selena2022 Re-release,Selena,2022,True,,Iconic Events Releasing,2026-10-06 16:47,19,ok,scriptslug,selena,100.0,ok,https://assets.scriptslug.com/live/pdf/scripts/selena-1997.pdf,,176085,scriptslug selena-1997,scriptslug:ok,scriptslug:selena:https://assets.scriptslug.com/live/pdf/scripts/selena-1997.pdf || scriptsonscreen:Selena:https://www.scriptslug.com/script/selena-1997 || scriptsonscreen:Selena:https://www.scripts.com/script/selena_17759 || archive_org:Selena:https://archive.org/details/gov.uscourts.nywb.296680 || archive_org:Selena:https://archive.org/details/gov.uscourts.ilnb.1302003 || archive_org:Selena:https://archive.org/details/gov.uscourts.gamb.394585 || archive_org:Selena:https://archive.org/details/gov.uscourts.ilnb.1407711 || archive_org:Selena:https://archive.org/details/gov.uscourts.ilnb.871435 || archive_org:Selena:https://archive.org/details/gov.uscourts.ilnb.1120014 || archive_org:Selena:https://archive.org/details/gov.uscourts.ilnb.1498038 || archive_org:Selena:https://archive.org/details/gov.uscourts.mieb.905390 || archive_org:Selena:https://archive.org/details/selenasleepoverf0000mead_r2b8 || archive_org:Selena:https://archive.org/details/gov.uscourts.mssb.286580 || archive_org:Selena:https://archive.org/details/gov.uscourts.mssb.286423 || archive_org:Selena:https://archive.org/details/gov.uscourts.mtb.83846 || archive_org:Selena:https://archive.org/details/gov.uscourts.okeb.84768 || archive_org:Selena:https://archive.org/details/gov.uscourts.vaeb.721681 || archive_org:Selena:https://archive.org/details/gov.uscourts.flmb.1306291 || archive_org:Selena:https://archive.org/details/gov.uscourts.cacb.1894634
512,Barbarians,Barbarians,2022,False,,IFC Films,2026-10-06 16:47,2,ok,scriptslug,barbarian,94.73684210526316,ok,https://assets.scriptslug.com/live/pdf/scripts/barbarian-2022.pdf,,129616,scriptslug barbarian-2022,scriptslug:ok,scriptslug:barbarian:https://assets.scriptslug.com/live/pdf/scripts/barbarian-2022.pdf || archive_org:Barbarians:https://archive.org/details/isbn_1841761540
514,Ambulance,Ambulance,2022,False,,Universal Pictures,2026-10-06 16:47,3,ok,scriptslug,ambulance,100.0,ok,https://assets.scriptslug.com/live/pdf/scripts/ambulance-2022.pdf,,136261,scriptslug ambulance-2022,scriptslug:ok,scriptslug:ambulance:https://assets.scriptslug.com/live/pdf/scripts/ambulance-2022.pdf || scriptsonscreen:Ambulance:https://drive.google.com/file/d/10-3NhxQUtwFfcE60gY7khWe-9fPIX-IS/edit || scriptsonscreen:Ambulance:https://www.scriptslug.com/script/ambulance-2022
516,UFC 273: Volkanovski vs the Korean Zombie,UFC 273: Volkanovski vs the Korean Zombie,2022,False,sports,Iconic Events Releasing,2026-10-06 16:47,0,non_film,,,,,,,0,,,
520,Fantastic Beasts: The Secrets of Dumbledore,Fantastic Beasts: The Secrets of Dumbledore,2022,False,,Warner Bros.,2026-10-06 16:47,5,ok,scriptslug,fantastic beasts the secrets of dumbledore,100.0,ok,https://assets.scriptslug.com/live/pdf/scripts/fantastic-beasts-the-secrets-of-dumbledore-2022.pdf,,144602,scriptslug fantastic-beasts-the-secrets-of-dumbledore-2022,scriptslug:ok,scriptslug:fantastic beasts the secrets of dumbledore:https://assets.scriptslug.com/live/pdf/scripts/fantastic-beasts-the-secrets-of-dumbledore-2022.pdf || imsdb:Fantastic Beasts: The Secrets of Dumbledore:https://imsdb.com/Movie Scripts/Fantastic Beasts: The Secrets of Dumbledore Script.html || scriptsonscreen:Fantastic Beasts: The Secrets of Dumbledore:https://www.scriptslug.com/script/fantastic-beasts-the-secrets-of-dumbledore-2022 || archive_org:Fantastic Beasts: The Secrets of Dumbledore:https://archive.org/details/cbfc-ecinepramaan-100010292200002463 || archive_org:Fantastic Beasts: The Secrets of Dumbledore:https://archive.org/details/cbfc-ecinepramaan-100010292200001569
522,Dual,Dual,2022,False,,RLJ Entertainment,2026-10-06 16:47,1,ok_raw_only,archive_org,Dual,100.0,unknown,https://archive.org/details/dualsharadadevanagariscripttextofdakshninamurtistotrafragments_491_Z,,2752,archive.org: Dual Sharada Devanagari Script Text Of Dakshninamurti Stotra Fragments,archive_org:short(2752),archive_org:Dual:https://archive.org/details/dualsharadadevanagariscripttextofdakshninamurtistotrafragments_491_Z
524,We're All Going to the World's Fair,We're All Going to the World's Fair,2022,False,,Utopia,2026-10-06 16:47,0,transcript_only,,,,,,,0,,,,https://www.springfieldspringfield.co.uk/movie_script.php?movie=were-all-going-to-the-worlds-fair,14969
528,The Northman,The Northman,2022,False,,Focus Features,2026-10-06 16:47,4,ok,simplyscripts_award,The Northman,100.0,ok,https://deadline.com/wp-content/uploads/2022/12/The-Northman-Read-The-Screenplay.pdf,,184411,"Deadline | The Northman - February 20, 2020 revised draft script by Sjón & Robert Eggers - hosted by: Deadline - in pdf format The Viking Age. With a mind aflame with hate and revenge, Prince Amleth, the wronged",simplyscripts_award:ok,simplyscripts_award:The Northman:https://deadline.com/wp-content/uploads/2022/12/The-Northman-Read-The-Screenplay.pdf || scriptslug:the northman:https://assets.scriptslug.com/live/pdf/scripts/the-northman-2022.pdf || linkpages:The Northman:https://deadline.com/wp-content/uploads/2022/12/The-Northman-Read-The-Screenplay.pdf || scriptsonscreen:The Northman:https://www.scriptslug.com/script/the-northman-2022
536,Charlotte,Charlotte,2022,False,,Good Deed Entertainment,2026-10-06 16:47,0,transcript_only,,,,,,,0,,,,https://www.springfieldspringfield.co.uk/movie_script.php?movie=charlotte-2021,25088
540,Memory,Memory,2022,False,,Open Road Films (II),2026-10-06 16:47,5,ok,simplyscripts_award,Memory,100.0,ok,https://deadline.com/wp-content/uploads/2023/12/Memory-Read-The-Screenplay.pdf,,77359,"Deadline | Memory - April 29, 2022 unspecified draft script by Michel Franco - hosted by: Deadline - in pdf format Sylvia is a social worker who leads a simple and structured life. This is blown open when Saul f",simplyscripts_award:ok,simplyscripts_award:Memory:https://deadline.com/wp-content/uploads/2023/12/Memory-Read-The-Screenplay.pdf || scriptslug:memory:https://assets.scriptslug.com/live/pdf/scripts/memory-2022.pdf || imsdb:Memory:https://imsdb.com/Movie Scripts/Memory Script.html || linkpages:Memory:https://deadline.com/wp-content/uploads/2023/12/Memory-Read-The-Screenplay.pdf || scriptsonscreen:Memory:https://www.scriptslug.com/script/memory-2023
548,The Wobblies2022 Re-release,The Wobblies,2022,True,,Kino Lorber,2026-10-06 16:47,10,download_failed,,,,,,,0,,archive_org:err(HTTPError: 403 Client Error: Forbidden for url: https://ia800404.us.arc) ; archive_org:err(HTTPError: 401 Client Error: Unauthorized for url: https://dn760105.eu.) ; archive_org:err(HTTPError: 401 Client Error: Unauthorized for url: https://dn710100.ca.) ; archive_org:err(HTTPError: 401 Client Error: Unauthorized for url: https://dn720003.ca.),archive_org:The Wobblies:https://archive.org/details/wobbliesusv00bird || archive_org:The Wobblies:https://archive.org/details/wobbliesstoryofi0000rens || archive_org:The Wobblies:https://archive.org/details/wobblies0000patr_g7d4_k7j1 || archive_org:The Wobblies:https://archive.org/details/wobbliesstoryofs0000patr || archive_org:The Wobblies:https://archive.org/details/wobbliesstoryofs00rens || archive_org:The Wobblies:https://archive.org/details/renshaw_wobblies || archive_org:The Wobblies:https://archive.org/details/wobblies0000unse_i3g4 || archive_org:The Wobblies:https://archive.org/details/the-wobblies_20230928 || archive_org:The Wobblies:https://archive.org/details/bwb_Y0-ABR-128 || archive_org:The Wobblies:https://archive.org/details/wobbliesstoryo00rens
550,Vortex,Vortex,2022,False,,Utopia,2026-10-06 16:47,1,transcript_only,,,,,,,0,,archive_org:err(HTTPError: 401 Client Error: Unauthorized for url: https://dn720809.ca.),archive_org:Vortex:https://archive.org/details/vortex0000jonc_n1x8,https://www.springfieldspringfield.co.uk/movie_script.php?movie=vortex,25908
552,Diva2022 Re-release,Diva,2022,True,,Rialto Pictures,2026-10-06 16:47,4,ok_raw_only,scriptsonscreen,Diva,100.0,unknown,http://web.archive.org/web/20190907100057/http://www.script-o-rama.com:80/movie_scripts/d/diva-script-transcript.html,,391,scripts-onscreen: Script-O-Rama (https://scripts-onscreen.com/movie/diva-script-links/),scriptsonscreen:short(20298) ; archive_org:short(570) ; archive_org:err(ValueError: archive.org item has no pdf/txt file) ; archive_org:short(391),scriptsonscreen:Diva:http://web.archive.org/web/20190907100057/http://www.script-o-rama.com:80/movie_scripts/d/diva-script-transcript.html || archive_org:Diva:https://archive.org/details/office-of-film-and-literature-classification_9600525 || archive_org:Diva:https://archive.org/details/gov.uscourts.flsb.709239 || archive_org:Diva:https://archive.org/details/cbfc-ecinepramaan-100010292200000665
556,The Conversation2022 Re-release,The Conversation,2022,True,,Rialto Pictures,2026-10-06 16:47,10,ok,scriptslug,the conversation,100.0,ok,https://assets.scriptslug.com/live/pdf/scripts/the-conversation-1974.pdf,,169071,scriptslug the-conversation-1974,scriptslug:ok,scriptslug:the conversation:https://assets.scriptslug.com/live/pdf/scripts/the-conversation-1974.pdf || scriptsonscreen:The Conversation:https://www.scriptslug.com/script/the-conversation-1974 || scriptsonscreen:The Conversation:https://www.scripts.com/script/the_conversation_5906 || archive_org:The Conversation:https://archive.org/details/isbn_9781439268933 || archive_org:The Conversation:https://archive.org/details/conversationbegi00chri || archive_org:The Conversation:https://archive.org/details/jstor-20570590 || archive_org:The Conversation:https://archive.org/details/conversationmatt0000knig || archive_org:The Conversation:https://archive.org/details/conversationaso00maccgoog || archive_org:The Conversation:https://archive.org/details/micro_IA41152903_0127 || archive_org:The Conversation:https://archive.org/details/conversationofch0000samu
558,Family Camp,Family Camp,2022,False,,Roadside Attractions,2026-10-06 16:47,1,transcript_only,,,,,,,0,,archive_org:err(ValueError: archive.org item has no pdf/txt file),archive_org:Family Camp:https://archive.org/details/FamilyCamp2,https://www.springfieldspringfield.co.uk/movie_script.php?movie=family-camp,54786
560,Around the World in 80 Days,Around the World in 80 Days,2022,False,,Viva Pictures,2026-10-06 16:47,16,ok,archive_org,Around the World in 80 Days,100.0,unknown,https://archive.org/details/cbfc-ecinepramaan-100010292200008229,,365681,archive.org: AROUND THE WORLD IN 80 DAYS,archive_org:short(377) ; archive_org:err(HTTPError: 500 Server Error: Internal Server Error for url: https://dn7) ; archive_org:err(HTTPError: 401 Client Error: Unauthorized for url: https://dn721807.ca.) ; archive_org:ok,archive_org:Around the World in 80 Days:https://archive.org/details/cbfc-ecinepramaan-100010292200008229 || archive_org:Around the World in 80 Days:https://archive.org/details/isbn_9781858139340 || archive_org:Around the World in 80 Days:https://archive.org/details/aroundworldin80d0000todd || archive_org:Around the World in 80 Days:https://archive.org/details/agt-world-80-days-2d6a3b || archive_org:Around the World in 80 Days:https://archive.org/details/isbn_9781934911129 || archive_org:Around the World in 80 Days:https://archive.org/details/aroundworldin80d0000vern_d5w3 || archive_org:Around the World in 80 Days:https://archive.org/details/around-the-world-in-80-days_202311 || archive_org:Around the World in 80 Days:https://archive.org/details/aroundworldin80d0000vern_t5i9 || archive_org:Around the World in 80 Days:https://archive.org/details/aroundworldin80d0000mong_j7b9 || archive_org:Around the World in 80 Days:https://archive.org/details/aroundworldin80d0000mong_a1z5 || archive_org:Around the World in 80 Days:https://archive.org/details/aroundworldin80d0000pali_g9m4 || archive_org:Around the World in 80 Days:https://archive.org/details/aroundworldin80d0000jule_j0w0 || archive_org:Around the World in 80 Days:https://archive.org/details/AroundTheWorldIn80Days_201602 || archive_org:Around the World in 80 Days:https://archive.org/details/asl-3873b9c0c4d1261a07dfce9b5d8238d0d84fdf206cfcd78e1b0504f36d252e5f || archive_org:Around the World in 80 Days:https://archive.org/details/cathay-circle-theater-around-the-world-in-80-days-programme || archive_org:Around the World in 80 Days:https://archive.org/details/asl-6f3c96db299a9eb177046507373d344d84d42dfe124e2fa514d7fc5f49f2b827
562,Pleasure,Pleasure,2022,False,,Neon,2026-10-06 16:47,0,transcript_only,,,,,,,0,,,,https://www.springfieldspringfield.co.uk/movie_script.php?movie=pleasure,39320
564,Jazz Fest: A New Orleans Story,Jazz Fest: A New Orleans Story,2022,False,,Sony Pictures Releasing,2026-10-06 16:47,0,transcript_only,,,,,,,0,,,,https://www.springfieldspringfield.co.uk/movie_script.php?movie=jazz-fest-a-new-orleans-story,53090
576,Mondocane,Mondocane,2022,False,,Kino Lorber,2026-10-06 16:47,0,transcript_only,,,,,,,0,,,,https://www.springfieldspringfield.co.uk/movie_script.php?movie=mondocane,28976
578,The Bob's Burgers Movie,The Bob's Burgers Movie,2022,False,,20th Century Studios,2026-10-06 16:47,0,transcript_only,,,,,,,0,,,,https://www.springfieldspringfield.co.uk/movie_script.php?movie=the-bobs-burgers-movie,95583
580,RRR2022 Re-release,RRR,2022,True,,Variance Films,2026-10-06 16:47,9,ok_raw_only,archive_org,RRR,100.0,ok,https://archive.org/details/eparlib.nic.in.593917,,3256,archive.org: RRR OF WATER BODIES (1-Dec-2010),archive_org:short(3256) ; archive_org:short(1139) ; archive_org:short(1196) ; archive_org:short(406),archive_org:RRR:https://archive.org/details/eparlib.nic.in.593917 || archive_org:RRR:https://archive.org/details/eparlib.nic.in.708811 || archive_org:RRR:https://archive.org/details/eparlib.nic.in.657296 || archive_org:RRR:https://archive.org/details/cbfc-ecinepramaan-100010292100007042 || archive_org:RRR:https://archive.org/details/razablocoeuropeu || archive_org:RRR:https://archive.org/details/rrr_20210405 || archive_org:RRR:https://archive.org/details/cbfc-ecinepramaan-100030292400001581 || archive_org:RRR:https://archive.org/details/rrr_20220905 || archive_org:RRR:https://archive.org/details/johnlblackmore_gmail_Rrr
582,Fortune Favors Lady Nikuko,Fortune Favors Lady Nikuko,2022,False,,GKIDS,2026-10-06 16:47,0,transcript_only,,,,,,,0,,,,https://www.springfieldspringfield.co.uk/movie_script.php?movie=fortune-favors-lady-nikuko,37769
584,A Chiara,A Chiara,2022,False,,Neon,2026-10-06 16:47,0,transcript_only,,,,,,,0,,,,https://www.springfieldspringfield.co.uk/movie_script.php?movie=a-chiara,20609
588,Crimes of the Future,Crimes of the Future,2022,False,,Neon,2026-10-06 16:47,1,ok,archive_org,Crimes of the Future,100.0,ok,https://archive.org/details/crimes-of-the-future-2022-aka-painkillers,ocr ,108833,archive.org: Crimes of the Future (2022) screenplay,archive_org:ok,archive_org:Crimes of the Future:https://archive.org/details/crimes-of-the-future-2022-aka-painkillers
590,Deep in the Heart: A Texas Wildlife Story,Deep in the Heart: A Texas Wildlife Story,2022,False,,Fin & Fur Films,2026-10-06 16:47,0,transcript_only,,,,,,,0,,,,https://www.springfieldspringfield.co.uk/movie_script.php?movie=deep-in-the-heart-a-texas-wildlife-story,25425
600,Ante Sundharaniki,Ante Sundharaniki,2022,False,,,2026-10-06 16:47,0,transcript_only,,,,,,,0,,,,https://www.springfieldspringfield.co.uk/movie_script.php?movie=ante-sundharaniki,93929
602,Mad God,Mad God,2022,False,,IFC Films,2026-10-06 16:47,2,download_failed,,,,,,,0,,archive_org:err(HTTPError: 401 Client Error: Unauthorized for url: https://dn760109.eu.) ; archive_org:err(HTTPError: 403 Client Error: Forbidden for url: https://ia800601.us.arc),archive_org:Mad God:https://archive.org/details/isbn_9781988739021 || archive_org:Mad God:https://archive.org/details/madgodwalkingwal0000conn
612,Elvis,Elvis,2022,False,,Warner Bros.,2026-10-06 16:47,8,ok,simplyscripts_award,Elvis,100.0,ok,https://deadline.com/wp-content/uploads/2023/01/Elvis-Read-The-Screenplay.pdf,,214916,"Deadline | Elvis - March 5, 2021 final shooting draft script by Baz Luhrmann & Sam Bromell AND Baz Luhrmann & Craig Pearce and Jeremy Doner (Story by Baz Luhrmann and Jeremy Doner) - hosted by: Deadline - in pdf",simplyscripts_award:ok,simplyscripts_award:Elvis:https://deadline.com/wp-content/uploads/2023/01/Elvis-Read-The-Screenplay.pdf || scriptslug:elvis:https://assets.scriptslug.com/live/pdf/scripts/elvis-2022.pdf || deadline:Elvis:https://deadline.com/2023/01/elvis-script-baz-lurhmann-jeremy-doner-sam-bromell-craig-pearce-read-the-screenplay-1235213450/ || imsdb:Elvis:https://imsdb.com/Movie Scripts/Elvis Script.html || linkpages:Elvis:https://deadline.com/wp-content/uploads/2023/01/Elvis-Read-The-Screenplay.pdf || scriptsonscreen:Elvis:https://www.scriptslug.com/script/elvis-2022 || archive_org:Elvis:https://archive.org/details/easm_unshot || archive_org:Elvis:https://archive.org/details/elvis-remembered-voa-radio-script
614,Jug Jugg Jeeyo,Jug Jugg Jeeyo,2022,False,,-,2026-10-06 16:47,0,transcript_only,,,,,,,0,,,,https://www.springfieldspringfield.co.uk/movie_script.php?movie=jugjugg-jeeyo,61190
620,Flux Gourmet,Flux Gourmet,2022,False,,IFC Films,2026-10-06 16:47,0,transcript_only,,,,,,,0,,,,https://www.springfieldspringfield.co.uk/movie_script.php?movie=flux-gourmet,45735
622,Olga,Olga,2022,False,,Kino Lorber,2026-10-06 16:47,12,ok,archive_org,Olga,100.0,unknown,https://archive.org/details/jbc.bj.uj.edu.pl.NDIGDZS075461,,101081,"archive.org: Olga z Czerwińskich Łaźnińska [...] zasnęła w Panu dnia 16 Kwietnia 1886 r., [...]",archive_org:short(820) ; archive_org:err(HTTPError: 401 Client Error: Unauthorized for url: https://dn790003.ca.) ; archive_org:ok,archive_org:Olga:https://archive.org/details/jbc.bj.uj.edu.pl.NDIGDZS075461 || archive_org:Olga:https://archive.org/details/olgarudgeezrapou00cars || archive_org:Olga:https://archive.org/details/gov.uscourts.ilnb.1255391 || archive_org:Olga:https://archive.org/details/gov.uscourts.mab.486129 || archive_org:Olga:https://archive.org/details/olgakorbut0000coff || archive_org:Olga:https://archive.org/details/gov.uscourts.nynb.376335 || archive_org:Olga:https://archive.org/details/gov.uscourts.prb.341274 || archive_org:Olga:https://archive.org/details/gov.uscourts.prb.334561 || archive_org:Olga:https://archive.org/details/csfcp_000510 || archive_org:Olga:https://archive.org/details/gov.uscourts.prb.346226 || archive_org:Olga:https://archive.org/details/gov.uscourts.txwb.325629 || archive_org:Olga:https://archive.org/details/dc_circ_1959_14820_donnelly_v_dc_william_p_rogers_attorney_gen_of_us
624,Mr. Malcolm's List,Mr. Malcolm's List,2022,False,,Bleecker Street Media,2026-10-06 16:47,0,transcript_only,,,,,,,0,,,,https://www.springfieldspringfield.co.uk/movie_script.php?movie=mr-malcolms-list,63523
626,Fourth of July,Fourth of July,2022,False,,Circus King Productions,2026-10-06 16:47,0,transcript_only,,,,,,,0,,,,https://www.springfieldspringfield.co.uk/movie_script.php?movie=fourth-of-july,50997
634,Both Sides of the Blade,Both Sides of the Blade,2022,False,,IFC Films,2026-10-06 16:47,0,transcript_only,,,,,,,0,,,,https://www.springfieldspringfield.co.uk/movie_script.php?movie=both-sides-of-the-blade,33862
638,Where the Crawdads Sing,Where the Crawdads Sing,2022,False,,Sony Pictures Releasing,2026-10-06 16:47,1,ok,archive_org,Where the Crawdads Sing,100.0,ok,https://archive.org/details/where-the-crawdads-sing_202608,,138551,archive.org: Where the Crawdads Sing (2022) screenplay,archive_org:ok,archive_org:Where the Crawdads Sing:https://archive.org/details/where-the-crawdads-sing_202608
644,"Costa Brava, Lebanon","Costa Brava, Lebanon",2022,False,,Kino Lorber,2026-10-06 16:47,0,transcript_only,,,,,,,0,,,,https://www.springfieldspringfield.co.uk/movie_script.php?movie=costa-brava-lebanon,24419
658,Easter Sunday,Easter Sunday,2022,False,,Universal Pictures,2026-10-06 16:47,4,ok,archive_org,Easter Sunday,100.0,unknown,https://archive.org/details/easter-sunday-files-restricted,,1704882,archive.org: Easter Sunday Bombings - Judicial Records and Investigative Documentation,archive_org:ok,archive_org:Easter Sunday:https://archive.org/details/easter-sunday-files-restricted || archive_org:Easter Sunday:https://archive.org/details/eastersundaypoem0000clar || archive_org:Easter Sunday:https://archive.org/details/eastersundaypoem00clar || archive_org:Easter Sunday:https://archive.org/details/easter-sunday-commemoration-derry-90a6d27665
662,Claydream,Claydream,2022,False,,Oscilloscope,2026-10-06 16:47,0,transcript_only,,,,,,,0,,,,https://www.springfieldspringfield.co.uk/movie_script.php?movie=claydream,69929
666,Emily the Criminal,Emily the Criminal,2022,False,,Roadside Attractions,2026-10-06 16:47,0,transcript_only,,,,,,,0,,,,https://www.springfieldspringfield.co.uk/movie_script.php?movie=emily-the-criminal,38002
678,Beast,Beast,2022,False,,Universal Pictures,2026-10-06 16:47,0,transcript_only,,,,,,,0,,,,https://www.springfieldspringfield.co.uk/movie_script.php?movie=beast-2022,73645
680,The Territory,The Territory,2022,False,,Picturehouse Entertainment,2026-10-06 16:47,0,transcript_only,,,,,,,0,,,,https://www.springfieldspringfield.co.uk/movie_script.php?movie=the-territory,28039
682,The Invitation,The Invitation,2022,False,,Sony Pictures Releasing,2026-10-06 16:47,6,ok,scriptslug,the invitation,100.0,ok,https://assets.scriptslug.com/live/pdf/scripts/the-invitation-2015.pdf,,99100,scriptslug the-invitation-2015,scriptslug:ok,scriptslug:the invitation:https://assets.scriptslug.com/live/pdf/scripts/the-invitation-2015.pdf || simplyscripts:The Invitation:https://drive.google.com/file/d/0B49bAscvFVQ6R1RPbzZGVVRqa3M/view || archive_org:The Invitation:https://archive.org/details/the-invitation-06.13.2014-2016 || scriptsonscreen:The Invitation:https://drive.google.com/file/d/0B49bAscvFVQ6TTNfOERFSUgwbms/view?usp=sharing || scriptsonscreen:The Invitation:https://drive.google.com/file/d/0B49bAscvFVQ6R1RPbzZGVVRqa3M/view?usp=sharing || scriptsonscreen:The Invitation:https://www.scriptslug.com/script/the-invitation-2015
684,Breaking,Breaking,2022,False,,Bleecker Street Media,2026-10-06 16:47,7,ok,archive_org,Breaking,100.0,unknown,https://archive.org/details/isbn_9780578148885,,115132,archive.org: Breaking Point: What Willit Take for You to Hit Hit Rock Bottom,archive_org:err(HTTPError: 401 Client Error: Unauthorized for url: https://dn790007.ca.) ; archive_org:err(HTTPError: 401 Client Error: Unauthorized for url: https://dn760008.eu.) ; archive_org:err(HTTPError: 401 Client Error: Unauthorized for url: https://dn720006.ca.) ; archive_org:ok,archive_org:Breaking:https://archive.org/details/isbn_9780578148885 || archive_org:Breaking:https://archive.org/details/isbn_9780967187808 || archive_org:Breaking:https://archive.org/details/isbn_9781530568499 || archive_org:Breaking:https://archive.org/details/pubmed-PMC3120709 || archive_org:Breaking:https://archive.org/details/breakinggrasscei0000ashl || archive_org:Breaking:https://archive.org/details/breakinginvisibl0000nell || archive_org:Breaking:https://archive.org/details/breakingcodesunr0000berl
690,Spider-Man: No Way Home2022 Re-release,Spider-Man: No Way Home,2022,True,,Sony Pictures Releasing,2026-10-06 16:47,5,ok,simplyscripts_award,Spider-Man: No Way Home (written as: Serenity Now),100.0,ok,https://deadline.com/wp-content/uploads/2022/01/Spider-Man-No-Way-Home-Read-The-Screenplay.pdf,,202316,"Deadline | Spider-Man: No Way Home (written as: Serenity Now) - Undated, unspecified FYC script by Chris McKenna & Erik Sommers - hosted by: Deadline - in pdf format With Spider-Man's identity now revealed, Pete",simplyscripts_award:ok,simplyscripts_award:Spider-Man: No Way Home (written as: Serenity Now):https://deadline.com/wp-content/uploads/2022/01/Spider-Man-No-Way-Home-Read-The-Screenplay.pdf || scriptslug:spider man no way home:https://assets.scriptslug.com/live/pdf/scripts/spider-man-no-way-home-2021.pdf || deadline:Spider-Man: No Way Home:https://deadline.com/2022/01/spider-man-no-way-home-script-chris-mckenna-erik-sommers-marvel-read-the-screenplay-1234919630/ || scriptsonscreen:Spider-Man: No Way Home:https://www.scriptslug.com/script/spider-man-no-way-home-2021 || archive_org:Spider-Man: No Way Home:https://archive.org/details/spider-man-no-way-home-read-the-screenplay
692,Honk for Jesus. Save Your Soul.,Honk for Jesus. Save Your Soul.,2022,False,,Focus Features,2026-10-06 16:47,0,transcript_only,,,,,,,0,,,,https://www.springfieldspringfield.co.uk/movie_script.php?movie=honk-for-jesus-save-your-soul,60862
694,After Ever Happy,After Ever Happy,2022,False,,Fathom Events,2026-10-06 16:47,2,transcript_only,,,,,,,0,,archive_org:err(HTTPError: 403 Client Error: Forbidden for url: https://ia902806.us.arc) ; archive_org:err(HTTPError: 401 Client Error: Unauthorized for url: https://dn760100.eu.),archive_org:After Ever Happy:https://archive.org/details/aftereverhappy0000todd || archive_org:After Ever Happy:https://archive.org/details/aftereverhappy00todd_r4i2,https://www.springfieldspringfield.co.uk/movie_script.php?movie=after-ever-happy,32454
696,Hawa,Hawa,2022,False,,Swapna Scarecrow,2026-10-06 16:47,2,ok,archive_org,Hawa,100.0,unknown,https://archive.org/details/PNXV_hawali-dashat-dayar-by-muzafer-iraj-urdu-kashmir-treasures,ocr ,41396,archive.org: Hawa Dashat Dayar By Muzafer Iraj ( Urdu Poetry Collection ) Kashmir Treasures,archive_org:ok,archive_org:Hawa:https://archive.org/details/PNXV_hawali-dashat-dayar-by-muzafer-iraj-urdu-kashmir-treasures || archive_org:Hawa:https://archive.org/details/manualzilla-id-6166020
698,Carnal Knowledge2022 Re-release,Carnal Knowledge,2022,True,,Rialto Distribution,2026-10-06 16:47,3,ok,archive_org,Carnal Knowledge,100.0,ok,https://archive.org/details/carnal-knowledge-1971,ocr ,92923,archive.org: Carnal Knowledge (1971) screenplay,archive_org:ok,archive_org:Carnal Knowledge:https://archive.org/details/carnal-knowledge-1971 || scriptsonscreen:Carnal Knowledge:https://www.scripts.com/script/carnal_knowledge_5090 || archive_org:Carnal Knowledge:https://archive.org/details/carnalknowledges0000jule
700,Burial,Burial,2022,False,,IFC Films,2026-10-06 16:47,0,transcript_only,,,,,,,0,,,,https://www.springfieldspringfield.co.uk/movie_script.php?movie=burial,30989
702,Barbarian,Barbarian,2022,False,,20th Century Studios,2026-10-06 16:47,10,ok,scriptslug,barbarian,100.0,ok,https://assets.scriptslug.com/live/pdf/scripts/barbarian-2022.pdf,,129616,scriptslug barbarian-2022,scriptslug:ok,scriptslug:barbarian:https://assets.scriptslug.com/live/pdf/scripts/barbarian-2022.pdf || scriptsonscreen:Barbarian:https://www.scriptslug.com/script/barbarian-2022 || archive_org:Barbarian:https://archive.org/details/barbariannoble00lansrich || archive_org:Barbarian:https://archive.org/details/barbarian-tides-the-migration-age-and-the-later-roman-walter-goffart || archive_org:Barbarian:https://archive.org/details/barbarian-women-03-1st-edition-california-comics-1995 || archive_org:Barbarian:https://archive.org/details/barbarianeurope0000unse_s1x8 || archive_org:Barbarian:https://archive.org/details/barbarian-days-a-surfing-life-by-william-finnegan-b00g3l6jms || archive_org:Barbarian:https://archive.org/details/barbarian-europe-contents || archive_org:Barbarian:https://archive.org/details/gov.uscourts.nysd.282680 || archive_org:Barbarian:https://archive.org/details/barbariansentime0000pfaf_i9w9
704,Lifemark,Lifemark,2022,False,,Fathom Events,2026-10-06 16:47,1,transcript_only,,,,,,,0,,archive_org:err(ValueError: archive.org item has no pdf/txt file),archive_org:Lifemark:https://archive.org/details/gov.uscourts.flsd.336077,https://www.springfieldspringfield.co.uk/movie_script.php?movie=lifemark,49694
706,Unfavorable Odds,Unfavorable Odds,2022,False,,Atlas Distribution Company,2026-10-06 16:47,1,transcript_only,,,,,,,0,,archive_org:err(HTTPError: 500 Server Error: Internal Server Error for url: https://dn7),archive_org:Unfavorable Odds:https://archive.org/details/unfavorableoddss0000anth,https://www.springfieldspringfield.co.uk/movie_script.php?movie=unfavorable-odds,38823
710,Hold Me Tight,Hold Me Tight,2022,False,,Kino Lorber,2026-10-06 16:47,7,download_failed,,,,,,,0,,archive_org:err(HTTPError: 401 Client Error: Unauthorized for url: https://dn760105.eu.) ; archive_org:err(HTTPError: 401 Client Error: Unauthorized for url: https://dn760000.eu.) ; archive_org:err(HTTPError: 401 Client Error: Unauthorized for url: https://dn760106.eu.) ; archive_org:err(HTTPError: 401 Client Error: Unauthorized for url: https://dn720003.ca.),archive_org:Hold Me Tight:https://archive.org/details/holdmetight00jame || archive_org:Hold Me Tight:https://archive.org/details/holdmetightyourg0000john || archive_org:Hold Me Tight:https://archive.org/details/holdmetight0000jame || archive_org:Hold Me Tight:https://archive.org/details/holdmetightseven0000john || archive_org:Hold Me Tight:https://archive.org/details/holdmetight0000grov || archive_org:Hold Me Tight:https://archive.org/details/holdmetighttango00domi || archive_org:Hold Me Tight:https://archive.org/details/savefanfiction-4532240-Hold_Me_Tight-KaityDid66
712,The Story of Film: A New Generation,The Story of Film: A New Generation,2022,False,,Music Box Films,2026-10-06 16:47,0,transcript_only,,,,,,,0,,,,https://www.springfieldspringfield.co.uk/movie_script.php?movie=the-story-of-film-a-new-generation,83187
714,Pearl,Pearl,2022,False,,A24,2026-10-06 16:47,0,transcript_only,,,,,,,0,,,,https://www.springfieldspringfield.co.uk/movie_script.php?movie=pearl,23592
716,Moonage Daydream,Moonage Daydream,2022,False,,Neon,2026-10-06 16:47,1,transcript_only,,,,,,,0,,archive_org:err(HTTPError: 401 Client Error: Unauthorized for url: https://dn720206.ca.),archive_org:Moonage Daydream:https://archive.org/details/moonagedaydreaml0000rock,https://www.springfieldspringfield.co.uk/movie_script.php?movie=moonage-daydream,70627
718,Clerks III,Clerks III,2022,False,,Fathom Events,2026-10-06 16:47,0,transcript_only,,,,,,,0,,,,https://www.springfieldspringfield.co.uk/movie_script.php?movie=clerks-iii,72312
720,"Confess, Fletch","Confess, Fletch",2022,False,,Paramount Pictures,2026-10-06 16:47,2,transcript_only,,,,,,,0,,archive_org:err(HTTPError: 401 Client Error: Unauthorized for url: https://dn760106.eu.) ; archive_org:err(HTTPError: 401 Client Error: Unauthorized for url: https://dn790009.ca.),"archive_org:Confess, Fletch:https://archive.org/details/confessfletch00mcdo || archive_org:Confess, Fletch:https://archive.org/details/confessfletchfle00greg",https://www.springfieldspringfield.co.uk/movie_script.php?movie=confess-fletch,36503
724,"Riotsville, U.S.A.","Riotsville, U.S.A.",2022,False,,Magnolia Pictures,2026-10-06 16:47,0,transcript_only,,,,,,,0,,,,https://www.springfieldspringfield.co.uk/movie_script.php?movie=riotsville-usa,40002
728,Casablanca Beats,Casablanca Beats,2022,False,,Kino Lorber,2026-10-06 16:47,0,transcript_only,,,,,,,0,,,,https://www.springfieldspringfield.co.uk/movie_script.php?movie=casablanca-beats,40229
730,Avatar2022 Re-release,Avatar,2022,True,,Walt Disney Studios Motion Pictures,2026-10-06 16:47,11,ok,scriptslug,avatar,100.0,ok,https://assets.scriptslug.com/live/pdf/scripts/avatar-2009.pdf,,205274,scriptslug avatar-2009,scriptslug:ok,scriptslug:avatar:https://assets.scriptslug.com/live/pdf/scripts/avatar-2009.pdf || simplyscripts:Avatar:http://replay.waybackmachine.org/20100525105437/http://www.foxscreenings.com/media/pdf/JamesCameronAVATAR.pdf || simplyscripts:Avatar:https://web.archive.org/web/20160221233643/http://www.pages.drexel.edu/~ina22/splaylib/Screenplay-Avatar.pdf || scriptsonscreen:Avatar:http://www.cinefile.biz/script/avatar.pdf || scriptsonscreen:Avatar:http://web.archive.org/web/20100525105437/http://www.foxscreenings.com/media/pdf/JamesCameronAVATAR.pdf || scriptsonscreen:Avatar:https://www.scriptslug.com/script/avatar-2009 || scriptsonscreen:Avatar:http://web.archive.org/web/20180714054304/http://www.joblo.com:80/scripts/JamesCameronAVATAR.pdf || scriptsonscreen:Avatar:http://www.imsdb.com/scripts/Avatar.html || scriptsonscreen:Avatar:http://sfy.ru/?script=avatar || archive_org:Avatar:https://archive.org/details/avatar-aang-the-last-airbender-script-leak || imsdb:Avatar:https://imsdb.com/Movie Scripts/Avatar Script.html
732,Howl's Moving Castle2022 Re-release,Howl's Moving Castle,2022,True,,Fathom Events,2026-10-06 16:47,5,ok,scriptsonscreen,Howl's Moving Castle,100.0,unknown,https://thescriptsavant.com/movies/Howls_Moving_Castle.pdf,wayback,40167,scripts-onscreen: The Script Savant (https://scripts-onscreen.com/movie/howls-moving-castle-script-links/),scriptsonscreen:ok,scriptsonscreen:Howl's Moving Castle:https://thescriptsavant.com/movies/Howls_Moving_Castle.pdf || archive_org:Howl's Moving Castle:https://archive.org/details/howlsmovingcastl0000jone || archive_org:Howl's Moving Castle:https://archive.org/details/isbn_9781421500942 || archive_org:Howl's Moving Castle:https://archive.org/details/howlsmovingcastl0000jone_y0j7 || archive_org:Howl's Moving Castle:https://archive.org/details/howlsmovingcastl00jone
736,Give Me Five,Give Me Five,2022,False,,Well Go USA Entertainment,2026-10-06 16:47,5,ok_raw_only,archive_org,Give Me Five,100.0,unknown,https://archive.org/details/givemefive0000cabo,,464,archive.org: Give me five,archive_org:err(HTTPError: 401 Client Error: Unauthorized for url: https://dn721903.ca.) ; archive_org:err(HTTPError: 500 Server Error: Internal Server Error for url: https://dn7) ; archive_org:err(HTTPError: 401 Client Error: Unauthorized for url: https://dn760003.eu.) ; archive_org:short(464),archive_org:Give Me Five:https://archive.org/details/givemefive0000cabo || archive_org:Give Me Five:https://archive.org/details/givemefive0000cabo_v9l4 || archive_org:Give Me Five:https://archive.org/details/givemefive0000cabo_u6f0 || archive_org:Give Me Five:https://archive.org/details/erica_fustero-give_me_five || archive_org:Give Me Five:https://archive.org/details/givemefive0000cabo_d3e4
742,Smile,Smile,2022,False,,Paramount Pictures,2026-10-06 16:47,2,ok,archive_org,Smile,100.0,ok,https://archive.org/details/smile-2022-2021.10.18-pink,,123784,archive.org: Smile (2022) screenplay,archive_org:ok,archive_org:Smile:https://archive.org/details/smile-2022-2021.10.18-pink || archive_org:Smile:https://archive.org/details/smile-parker-finn
744,Ponniyin Selvan: Part I,Ponniyin Selvan: Part I,2022,False,,Sarigama Cinemas,2026-10-06 16:47,0,transcript_only,,,,,,,0,,,,https://www.springfieldspringfield.co.uk/movie_script.php?movie=ponniyin-selvan-part-i,58320
754,Amsterdam,Amsterdam,2022,False,,20th Century Studios,2026-10-06 16:47,7,ok,simplyscripts_award,Amsterdam,100.0,ok,https://deadline.com/wp-content/uploads/2022/12/Amsterdam-Read-The-Screenplay.pdf,,155531,"Deadline | Amsterdam - March 16, 2021 unspecified draft script by David O. Russell - hosted by: Deadline - in pdf format In the 1930s, three friends witness a murder, are framed for it, and uncover one of the mo",simplyscripts_award:ok,simplyscripts_award:Amsterdam:https://deadline.com/wp-content/uploads/2022/12/Amsterdam-Read-The-Screenplay.pdf || scriptslug:amsterdam:https://assets.scriptslug.com/live/pdf/scripts/amsterdam-2022.pdf || deadline:Amsterdam:https://deadline.com/2022/12/amsterdam-screenplay-david-o-russell-movie-script-1235202511/ || linkpages:Amsterdam:https://deadline.com/wp-content/uploads/2022/12/Amsterdam-Read-The-Screenplay.pdf || scriptsonscreen:Amsterdam:https://www.scriptslug.com/script/amsterdam-2022 || archive_org:Amsterdam:https://archive.org/details/stcrt-2015-34751 || archive_org:Amsterdam:https://archive.org/details/timeforfood00thom
756,Tár,Tár,2022,False,,Focus Features,2026-10-06 16:47,1,ok,archive_org,Tár,100.0,ok,https://archive.org/details/tar-2022-screenplay,,122850,archive.org: TÁR (2022) screenplay,archive_org:ok,archive_org:Tár:https://archive.org/details/tar-2022-screenplay
758,A Silent Voice: The Movie5th Anniversary,A Silent Voice: The Movie,2022,True,,Iconic Events Releasing,2026-10-06 16:47,0,transcript_only,,,,,,,0,,,,https://www.springfieldspringfield.co.uk/movie_script.php?movie=a-silent-voice-the-movie,46770
760,Pretty Problems,Pretty Problems,2022,False,,IFC Films,2026-10-06 16:47,0,transcript_only,,,,,,,0,,,,https://www.springfieldspringfield.co.uk/movie_script.php?movie=pretty-problems,74822
762,Last Flight Home,Last Flight Home,2022,False,,MTV Documentary Films,2026-10-06 16:47,1,download_failed,,,,,,,0,,archive_org:err(HTTPError: 401 Client Error: Unauthorized for url: https://dn760007.eu.),archive_org:Last Flight Home:https://archive.org/details/lastflighthome0000jbla
764,Till,Till,2022,False,,United Artists Releasing,2026-10-06 16:47,6,ok,simplyscripts_award,Till,100.0,ok,https://d1qf1lxchdoll2.cloudfront.net/2022/uar/screenplay/till/TILL_SCRIPT.pdf,,116795,"United Artists | Till - August 29, 2021 revised draft script by Michael Reilly & Keith Beauchamp and Chinonye Chukwu - hosted by: United Artists - in pdf format TILL is the true story of Mamie Till-Mobley's courageous",simplyscripts_award:ok,simplyscripts_award:Till:https://d1qf1lxchdoll2.cloudfront.net/2022/uar/screenplay/till/TILL_SCRIPT.pdf || scriptslug:till:https://assets.scriptslug.com/live/pdf/scripts/till-2022.pdf || deadline:Till:https://deadline.com/2023/01/till-script-read-screenplay-for-mgm-till-1235209945/ || archive_org:Till:https://archive.org/details/till_20260504 || linkpages:Till:https://d1qf1lxchdoll2.cloudfront.net/2022/uar/screenplay/till/TILL_SCRIPT.pdf || scriptsonscreen:Till:https://www.scriptslug.com/script/till-2022
766,Life & Life,Life & Life,2022,False,,Indican Pictures,2026-10-06 16:47,1,download_failed,,,,,,,0,,archive_org:short(1589),archive_org:Life & Life:https://archive.org/details/manualzilla-id-6193721
776,Brainwashed: Sex-Camera-Power,Brainwashed: Sex-Camera-Power,2022,False,,Kino Lorber,2026-10-06 16:47,0,transcript_only,,,,,,,0,,,,https://www.springfieldspringfield.co.uk/movie_script.php?movie=brainwashed-sex-camera-power,54456
778,Prey for the Devil,Prey for the Devil,2022,False,,Lionsgate,2026-10-06 16:47,0,transcript_only,,,,,,,0,,,,https://www.springfieldspringfield.co.uk/movie_script.php?movie=prey-for-the-devil,23166
780,Call Jane,Call Jane,2022,False,,Roadside Attractions,2026-10-06 16:47,0,transcript_only,,,,,,,0,,,,https://www.springfieldspringfield.co.uk/movie_script.php?movie=call-jane,54177
782,Holy Spider,Holy Spider,2022,False,,Utopia,2026-10-06 16:47,0,transcript_only,,,,,,,0,,,,https://www.springfieldspringfield.co.uk/movie_script.php?movie=holy-spider,32921
788,Tad the Lost Explorer and the Emerald Tablet,Tad the Lost Explorer and the Emerald Tablet,2022,False,,Paramount Pictures,2026-10-06 16:47,0,transcript_only,,,,,,,0,,,,https://www.springfieldspringfield.co.uk/movie_script.php?movie=tad-the-lost-explorer-and-the-emerald-tablet,42238
790,Utama,Utama,2022,False,,Kino Lorber,2026-10-06 16:47,0,transcript_only,,,,,,,0,,,,https://www.springfieldspringfield.co.uk/movie_script.php?movie=utama,14315
796,The Fabelmans,The Fabelmans,2022,False,,Universal Pictures,2026-10-06 16:47,6,ok,simplyscripts_award,The Fabelmans,100.0,ok,https://awards.universalpictures.com/the-fabelmans/screenplay/The_Fabelmans.pdf,,180508,"Universal Pictures | The Fabelmans - undated, unspecified draft script by Steven Spielberg & Tony Kushner - hosted by: Universal Pictures - in pdf format Growing up in post-World War II era Arizona, young Sammy Fabelman a",simplyscripts_award:ok,simplyscripts_award:The Fabelmans:https://awards.universalpictures.com/the-fabelmans/screenplay/The_Fabelmans.pdf || scriptslug:the fabelmans:https://assets.scriptslug.com/live/pdf/scripts/the-fabelmans-2022.pdf || deadline:The Fabelmans:https://deadline.com/2023/01/the-fabelmans-script-steven-spielberg-tony-kushner-read-the-screenplay-1235216721/ || linkpages:The Fabelmans:https://awards.universalpictures.com/the-fabelmans/screenplay/The_Fabelmans.pdf || scriptsonscreen:The Fabelmans:https://www.scriptslug.com/script/the-fabelmans-2022 || archive_org:The Fabelmans:https://archive.org/details/cbfc-ecinepramaan-100010292300000641
798,Yashoda,Yashoda,2022,False,,-,2026-10-06 16:47,0,transcript_only,,,,,,,0,,,,https://www.springfieldspringfield.co.uk/movie_script.php?movie=yashoda,49549
800,Going All the Way2022 Re-release,Going All the Way,2022,True,,Oscilloscope,2026-10-06 16:47,16,transcript_only,,,,,,,0,,archive_org:err(HTTPError: 401 Client Error: Unauthorized for url: https://dn720800.ca.) ; archive_org:err(HTTPError: 401 Client Error: Unauthorized for url: https://dn760009.eu.) ; archive_org:err(HTTPError: 401 Client Error: Unauthorized for url: https://dn720003.ca.) ; archive_org:err(HTTPError: 401 Client Error: Unauthorized for url: https://dn760100.eu.),archive_org:Going All the Way:https://archive.org/details/goingallway1stfi0000unse || archive_org:Going All the Way:https://archive.org/details/goingallwayteena0000thom || archive_org:Going All the Way:https://archive.org/details/goingallway0000wake_p3a4 || archive_org:Going All the Way:https://archive.org/details/goingallway000wake || archive_org:Going All the Way:https://archive.org/details/bwb_T4-APR-746 || archive_org:Going All the Way:https://archive.org/details/bwb_S0-BHE-576 || archive_org:Going All the Way:https://archive.org/details/bwb_S0-EGF-884 || archive_org:Going All the Way:https://archive.org/details/goingallway00wake || archive_org:Going All the Way:https://archive.org/details/goingallway0000wake_h9t7 || archive_org:Going All the Way:https://archive.org/details/goingallway0000wake_o5z1 || archive_org:Going All the Way:https://archive.org/details/goingallway0000wake || archive_org:Going All the Way:https://archive.org/details/goingallway0000mich || archive_org:Going All the Way:https://archive.org/details/goingallwaychris00rand || archive_org:Going All the Way:https://archive.org/details/isbn_9780440029557 || archive_org:Going All the Way:https://archive.org/details/isbn_9780809050215 || archive_org:Going All the Way:https://archive.org/details/goingallway0000groe,https://www.springfieldspringfield.co.uk/movie_script.php?movie=going-all-the-way,39355
802,The Menu,The Menu,2022,False,,Searchlight Pictures,2026-10-06 16:47,8,ok,simplyscripts_award,The Menu,100.0,ok,https://www.searchlightpictures.com/fyc/media/screenings/film/film_scripts-8d0a1862-8b9a-4ddb-a88e-fa545b48faf7.pdf,,130095,"Fox Searchlight | The Menu - October 29, 2021 revised draft script by Seth Reiss & Will Tracy - hosted by: Fox Searchlight - in pdf format A young couple travels to a remote island to eat at an exclusive restaurant whe",simplyscripts_award:short(0) ; scriptslug:ok,"simplyscripts_award:The Menu:https://www.searchlightpictures.com/fyc/media/screenings/film/film_scripts-8d0a1862-8b9a-4ddb-a88e-fa545b48faf7.pdf || scriptslug:the menu:https://assets.scriptslug.com/live/pdf/scripts/the-menu-2022.pdf || deadline:The Menu:https://deadline.com/2023/01/the-menu-screenplay-read-seth-reiss-will-tracy-script-horror-comedy-1235212728/ || imsdb:Menu, The:https://imsdb.com/Movie Scripts/Menu, The Script.html || linkpages:The Menu:https://www.searchlightpictures.com/fyc/media/screenings/film/film_scripts-8d0a1862-8b9a-4ddb-a88e-fa545b48faf7.pdf || scriptsonscreen:The Menu:https://www.scriptslug.com/script/the-menu-2022 || archive_org:The Menu:https://archive.org/details/cbfc-ecinepramaan-100010292200009567 || archive_org:The Menu:https://archive.org/details/menu0000davi"
804,Strange World,Strange World,2022,False,,Walt Disney Studios Motion Pictures,2026-10-06 16:47,2,ok_raw_only,archive_org,Strange World,100.0,unknown,https://archive.org/details/cbfc-ecinepramaan-100010292200009851,,505,archive.org: STRANGE WORLD,archive_org:short(505) ; archive_org:err(HTTPError: 401 Client Error: Unauthorized for url: https://dn720907.ca.),archive_org:Strange World:https://archive.org/details/cbfc-ecinepramaan-100010292200009851 || archive_org:Strange World:https://archive.org/details/strangeworld0000onei
806,She Said,She Said,2022,False,,Universal Pictures,2026-10-06 16:47,9,ok,simplyscripts_award,She Said,100.0,ok,https://awards.universalpictures.com/she-said/screenplay/She_Said.pdf,,168223,"Universal | She Said - undated, unspecified draft script by Rebecca Lenkiewicz (Based on the New York Times Investigation by Jodi Kantor, Megan Twohey and Rebecca Corbett and the Book ""She Said"" by Jodi Kantor an",simplyscripts_award:ok,simplyscripts_award:She Said:https://awards.universalpictures.com/she-said/screenplay/She_Said.pdf || scriptslug:she said:https://assets.scriptslug.com/live/pdf/scripts/she-said-2022.pdf || deadline:She Said:https://deadline.com/2023/01/she-said-script-read-rebecca-lenkiewicz-screenplay-harvey-weinstein-new-york-times-1235218452/ || linkpages:She Said:https://awards.universalpictures.com/she-said/screenplay/She_Said.pdf || scriptsonscreen:She Said:https://www.scriptslug.com/script/she-said-2022 || archive_org:She Said:https://archive.org/details/oapen-20.500.12657-39379 || archive_org:She Said:https://archive.org/details/shesaidshesaidwo0000cato || archive_org:She Said:https://archive.org/details/shesaidyes00mist_0 || archive_org:She Said:https://archive.org/details/office-of-film-and-literature-classification_601487
808,Bones and All,Bones and All,2022,False,,United Artists Releasing,2026-10-06 16:47,6,ok,simplyscripts_award,Bones and All,100.0,ok,https://deadline.com/wp-content/uploads/2022/12/Bones-And-All-Read-The-Screenplay.pdf,,160531,"Deadline | Bones and All - July 23, 2021 shooting draft script by David Kajganich (based on the novel by Camille DeAngelis) - hosted by: Deadline - in pdf format Maren, a young woman, learns how to survive on th",simplyscripts_award:ok,simplyscripts_award:Bones and All:https://deadline.com/wp-content/uploads/2022/12/Bones-And-All-Read-The-Screenplay.pdf || scriptslug:bones and all:https://assets.scriptslug.com/live/pdf/scripts/bones-and-all-2022.pdf || deadline:Bones and All:https://deadline.com/2022/12/bones-and-all-script-timothee-chalamet-luca-guadagnino-david-kajganich-screenplay-1235204583/ || linkpages:Bones and All:https://deadline.com/wp-content/uploads/2022/12/Bones-And-All-Read-The-Screenplay.pdf || scriptsonscreen:Bones and All:https://www.scriptslug.com/script/bones-and-all-2022 || archive_org:Bones and All:https://archive.org/details/bones-and-all-screenplay
814,All the Beauty and the Bloodshed,All the Beauty and the Bloodshed,2022,False,,Neon,2026-10-06 16:47,0,transcript_only,,,,,,,0,,,,https://www.springfieldspringfield.co.uk/movie_script.php?movie=all-the-beauty-and-the-bloodshed,67200
816,I Heard the Bells,I Heard the Bells,2022,False,,Fathom Events,2026-10-06 16:47,0,transcript_only,,,,,,,0,,,,https://www.springfieldspringfield.co.uk/movie_script.php?movie=i-heard-the-bells,35501
820,HIT: The 2nd Case,HIT: The 2nd Case,2022,False,,Tolly Movies,2026-10-06 16:47,0,transcript_only,,,,,,,0,,,,https://www.springfieldspringfield.co.uk/movie_script.php?movie=hit-the-2nd-case,47655
826,The Mean One,The Mean One,2022,False,,Atlas Distribution Company,2026-10-06 16:47,0,transcript_only,,,,,,,0,,,,https://www.springfieldspringfield.co.uk/movie_script.php?movie=the-mean-one,38431
828,Four Samosas,Four Samosas,2022,False,,IFC Films,2026-10-06 16:47,0,transcript_only,,,,,,,0,,,,https://www.springfieldspringfield.co.uk/movie_script.php?movie=four-samosas,43952
832,Tantura,Tantura,2022,False,,Reel Peak Films,2026-10-06 16:47,2,download_failed,,,,,,,0,,archive_org:err(ValueError: archive.org item has no pdf/txt file) ; archive_org:err(ValueError: archive.org item has no pdf/txt file),archive_org:Tantura:https://archive.org/details/tantura-subtitles || archive_org:Tantura:https://archive.org/details/tantura-en
836,The Whale,The Whale,2022,False,,A24,2026-10-06 16:47,5,ok,simplyscripts_award,The Whale,100.0,ok,https://deadline.com/wp-content/uploads/2023/01/The-Whale-Read-The-Screenplay.pdf,,113281,"Deadline | The Whale - April 14, 2021 buff revised draft script by Samuel D. Hunter (Based on the play by Samuel D. Hunter) - hosted by: Deadline - in pdf format The Whale is the story of a reclusive English tea",simplyscripts_award:ok,simplyscripts_award:The Whale:https://deadline.com/wp-content/uploads/2023/01/The-Whale-Read-The-Screenplay.pdf || scriptslug:the whale:https://assets.scriptslug.com/live/pdf/scripts/the-whale-2022.pdf || deadline:The Whale:https://deadline.com/2023/01/the-whale-script-read-samuel-d-hunter-screenplay-brendan-fraser-movie-1235216047/ || linkpages:The Whale:https://deadline.com/wp-content/uploads/2023/01/The-Whale-Read-The-Screenplay.pdf || scriptsonscreen:The Whale:https://www.scriptslug.com/script/the-whale-2022
844,The Hit,The Hit,2022,False,,Safier Entertainment,2026-10-06 16:47,0,transcript_only,,,,,,,0,,,,https://www.springfieldspringfield.co.uk/movie_script.php?movie=the-hit-2022,61738
846,Puss in Boots: The Last Wish,Puss in Boots: The Last Wish,2022,False,,Universal Pictures,2026-10-06 16:47,4,ok,archive_org,Puss in Boots: The Last Wish,100.0,unknown,https://archive.org/details/puss-in-boots-the-last-wish_spanish-2996024,,228877,archive.org: puss-in-boots-the-last-wish_spanish-2996024,archive_org:err(ValueError: archive.org item has no pdf/txt file) ; archive_org:err(ValueError: archive.org item has no pdf/txt file) ; archive_org:short(517) ; imsdb:ok,archive_org:Puss in Boots: The Last Wish:https://archive.org/details/puss-in-boots-the-last-wish_spanish-2996024 || archive_org:Puss in Boots: The Last Wish:https://archive.org/details/puss-in-boots-the-last-wish-spanish-2996024-1 || archive_org:Puss in Boots: The Last Wish:https://archive.org/details/cbfc-ecinepramaan-100010292200010614 || imsdb:Puss in Boots: The Last Wish:https://imsdb.com/Movie Scripts/Puss in Boots: The Last Wish Script.html
850,Whitney Houston: I Wanna Dance with Somebody,Whitney Houston: I Wanna Dance with Somebody,2022,False,,TriStar Pictures,2026-10-06 16:47,1,ok,scriptslug,whitney houston i wanna dance with somebody,100.0,ok,https://assets.scriptslug.com/live/pdf/scripts/whitney-houston-i-wanna-dance-with-somebody-2022.pdf,,152525,scriptslug whitney-houston-i-wanna-dance-with-somebody-2022,scriptslug:ok,scriptslug:whitney houston i wanna dance with somebody:https://assets.scriptslug.com/live/pdf/scripts/whitney-houston-i-wanna-dance-with-somebody-2022.pdf
852,Women Talking,Women Talking,2022,False,,United Artists Releasing,2026-10-06 16:47,11,ok,simplyscripts_award,Women Talking,100.0,ok,https://d1qf1lxchdoll2.cloudfront.net/2022/uar/screenplay/wt/WOMEN_TALKING_SCRIPT.pdf,,126956,"United Artists | Women Talking - August 16, 2021 revised draft script by Sarah Polley (Based on the book by Miriam Toews) - hosted by: United Artists - in pdf format Do nothing. Stay and fight. Or leave. In 2010, the ",simplyscripts_award:ok,simplyscripts_award:Women Talking:https://d1qf1lxchdoll2.cloudfront.net/2022/uar/screenplay/wt/WOMEN_TALKING_SCRIPT.pdf || scriptslug:women talking:https://assets.scriptslug.com/live/pdf/scripts/women-talking-2022.pdf || deadline:Women Talking:https://deadline.com/2023/01/women-talking-screenplay-read-sarah-polley-script-1235212167/ || linkpages:Women Talking:https://d1qf1lxchdoll2.cloudfront.net/2022/uar/screenplay/wt/WOMEN_TALKING_SCRIPT.pdf || scriptsonscreen:Women Talking:https://www.scriptslug.com/script/women-talking-2022 || archive_org:Women Talking:https://archive.org/details/womentalkingexpl00hill || archive_org:Women Talking:https://archive.org/details/womentalkingexpl0000hill || archive_org:Women Talking:https://archive.org/details/cbqgr762m || archive_org:Women Talking:https://archive.org/details/cbqgr686m || archive_org:Women Talking:https://archive.org/details/womentalkingdirt0000dewa || archive_org:Women Talking:https://archive.org/details/women-talking-dirty-1999-film-overview-and-elton-johns-involvement
854,Living,Living,2022,False,,Sony Pictures Classics,2026-10-06 16:47,4,ok,simplyscripts_award,Living,100.0,ok,https://www.sonyclassics.com/assets/screenplays/living/living-screenplay.pdf,,143948,"Sony Classics | Living - Undated, unspecified draft script by Kazuo Ishiguro (Based on the original screenplay ""IKIRU"" by Akira Kurosawa, Shinobu Hashimoto and Hideo Oguni) - hosted by: Sony Classics - in pdf format ",simplyscripts_award:ok,simplyscripts_award:Living:https://www.sonyclassics.com/assets/screenplays/living/living-screenplay.pdf || scriptslug:living:https://assets.scriptslug.com/live/pdf/scripts/living-2022.pdf || linkpages:Living:https://www.sonyclassics.com/assets/screenplays/living/living-screenplay.pdf || archive_org:Living:https://archive.org/details/synclaire-in-the-house
856,No Bears,No Bears,2022,False,,Janus Films,2026-10-06 16:47,2,download_failed,,,,,,,0,,archive_org:err(HTTPError: 401 Client Error: Unauthorized for url: https://dn760002.eu.) ; archive_org:err(HTTPError: 401 Client Error: Unauthorized for url: https://dn760008.eu.),archive_org:No Bears:https://archive.org/details/nobears0000mcki || archive_org:No Bears:https://archive.org/details/nobears0000mcki_j8m7
864,House Party,House Party,2023,False,,Warner Bros.,2026-10-06 16:47,3,ok,scriptsonscreen,House Party,100.0,unknown,https://www.scriptslug.com/script/house-party-1990,ocr ,119696,scripts-onscreen: Script Slug (https://scripts-onscreen.com/movie/house-party-script-links/),scriptsonscreen:ok,scriptsonscreen:House Party:https://www.scriptslug.com/script/house-party-1990 || scriptsonscreen:House Party:http://web.archive.org/web/20200218101313/http://www.script-o-rama.com:80/movie_scripts/h/house-party-script-transcript-hudlin.html || scriptslug:house party:https://assets.scriptslug.com/live/pdf/scripts/house-party-1990.pdf
868,Saint Omer,Saint Omer,2023,False,,Neon,2026-10-06 16:47,0,transcript_only,,,,,,,0,,,,https://www.springfieldspringfield.co.uk/movie_script.php?movie=saint-omer,46092
870,Missing,Missing,2023,False,,Sony Pictures Releasing,2026-10-06 16:47,3,ok,simplyscripts,Missing,100.0,unknown,https://web.archive.org/web/20160221233643/http://www.pages.drexel.edu/~ina22/splaylib/Screenplay-Missing.pdf,ocr ,163173,"Drexel Screenplay Library | (Unspecified ) by Costa-Gavras (screenplay), Donald Stewart (screenplay) host:","simplyscripts:err(ConnectionError: HTTPSConnectionPool(host='web.archive.org', port=443): Max r) ; scriptsonscreen:err(HTTPError: 503 Server Error: Service Unavailable for url: https://thesc) ; scriptsonscreen:ok",simplyscripts:Missing:https://web.archive.org/web/20160221233643/http://www.pages.drexel.edu/~ina22/splaylib/Screenplay-Missing.pdf || scriptsonscreen:Missing:https://thescriptsavant.com/movies/Missing.pdf || scriptsonscreen:Missing:http://www.cinefile.biz/script/missing.pdf
874,The Son,The Son,2023,False,,Sony Pictures Classics,2026-10-06 16:47,9,ok,simplyscripts_award,The Son,100.0,ok,https://www.sonyclassics.com/assets/screenplays/theson/theson-screenplay.pdf,,121365,"Sony Classics | The Son - Undated, unspecified draft script by Florian Zeller and Christopher Hampton - hosted by: Sony Classics - in pdf format Peter has his busy life with new partner Beth and their baby thrown int",simplyscripts_award:ok,simplyscripts_award:The Son:https://www.sonyclassics.com/assets/screenplays/theson/theson-screenplay.pdf || scriptslug:the son:https://assets.scriptslug.com/live/pdf/scripts/the-son-2022.pdf || linkpages:The Son:https://www.sonyclassics.com/assets/screenplays/theson/theson-screenplay.pdf || scriptsonscreen:The Son:https://www.scriptslug.com/script/the-son-2022 || archive_org:The Son:https://archive.org/details/sonofliveth0000boyl || archive_org:The Son:https://archive.org/details/sonofenlightenme0000jacq_c9s0 || archive_org:The Son:https://archive.org/details/sonofmanstudiesi00alex || archive_org:The Son:https://archive.org/details/sonofneptune0000rior_c8p5 || archive_org:The Son:https://archive.org/details/sonofgod0000karl_o4r7
876,"Alice, Darling","Alice, Darling",2023,False,,Lionsgate,2026-10-06 16:47,0,transcript_only,,,,,,,0,,,,https://www.springfieldspringfield.co.uk/movie_script.php?movie=alice-darling,25403
878,Carole King Home Again: Live in Central Park,Carole King Home Again: Live in Central Park,2023,False,concert_live,Abramorama,2026-10-06 16:47,0,non_film,,,,,,,0,,,
882,Fear,Fear,2023,False,,Hidden Empire Film Group (HEFG),2026-10-06 16:47,2,ok,scriptsonscreen,Fear,100.0,unknown,https://www.scripts.com/script/fear_8080,ocr ,106359,scripts-onscreen: scripts.com (https://scripts-onscreen.com/movie/fear-script-links/),scriptsonscreen:short(11208) ; archive_org:ok,scriptsonscreen:Fear:https://www.scripts.com/script/fear_8080 || archive_org:Fear:https://archive.org/details/fear-street-1994-2021
884,Close,Close,2023,False,,A24,2026-10-06 16:47,2,ok,archive_org,Close,100.0,fail,https://archive.org/details/close-encounters-of-the-third-kind-1977-steven-spielberg-revised-5-14-76,ocr ,185089,archive.org: Close Encounters of the Third Kind (1977) screenplays,archive_org:ok,archive_org:Close:https://archive.org/details/close-encounters-of-the-third-kind-1977-steven-spielberg-revised-5-14-76 || archive_org:Close:https://archive.org/details/close-encounters-of-the-third-kind-1977_202607
888,Life Upside Down,Life Upside Down,2023,False,,IFC Films,2026-10-06 16:47,0,transcript_only,,,,,,,0,,,,https://www.springfieldspringfield.co.uk/movie_script.php?movie=life-upside-down,37888
890,80 for Brady,80 for Brady,2023,False,,Paramount Pictures,2026-10-06 16:47,0,transcript_only,,,,,,,0,,,,https://www.springfieldspringfield.co.uk/movie_script.php?movie=80-for-brady,67429
892,BTS: Yet to Come in Cinemas,BTS: Yet to Come in Cinemas,2023,False,concert_live,Trafalgar Releasing,2026-10-06 16:47,0,non_film,,,,,,,0,,,
896,Baby Ruby,Baby Ruby,2023,False,,Magnolia Pictures,2026-10-06 16:47,1,transcript_only,,,,,,,0,,archive_org:err(HTTPError: 401 Client Error: Unauthorized for url: https://dn760000.eu.),archive_org:Baby Ruby:https://archive.org/details/babyrubybawled0000stan,https://www.springfieldspringfield.co.uk/movie_script.php?movie=baby-ruby,30394
898,Let It Be Morning,Let It Be Morning,2023,False,,Cohen Media Group,2026-10-06 16:47,1,download_failed,,,,,,,0,,archive_org:err(HTTPError: 401 Client Error: Unauthorized for url: https://dn790001.ca.),archive_org:Let It Be Morning:https://archive.org/details/letitbemorning0000qash
900,Magic Mike's Last Dance,Magic Mike's Last Dance,2023,False,,Warner Bros.,2026-10-06 16:47,0,transcript_only,,,,,,,0,,,,https://www.springfieldspringfield.co.uk/movie_script.php?movie=magic-mikes-last-dance,59216
902,Winnie-the-Pooh: Blood and Honey,Winnie-the-Pooh: Blood and Honey,2023,False,,Fathom Events,2026-10-06 16:47,0,transcript_only,,,,,,,0,,,,https://www.springfieldspringfield.co.uk/movie_script.php?movie=winnie-the-pooh-blood-and-honey,22217
906,The Civil Dead,The Civil Dead,2023,False,,Utopia,2026-10-06 16:47,2,ok,scriptslug,the civil dead,100.0,ok,https://assets.scriptslug.com/live/pdf/scripts/the-civil-dead-2022.pdf,,82983,scriptslug the-civil-dead-2022,scriptslug:ok,scriptslug:the civil dead:https://assets.scriptslug.com/live/pdf/scripts/the-civil-dead-2022.pdf || scriptsonscreen:The Civil Dead:https://www.scriptslug.com/script/the-civil-dead-2022
910,2023 Oscar Nominated Short Films: Live Action,2023 Oscar Nominated Short Films: Live Action,2023,False,shorts_program,ShortsTV,2026-10-06 16:47,0,non_film,,,,,,,0,,,
912,Of an Age,Of an Age,2023,False,,Focus Features,2026-10-06 16:47,0,transcript_only,,,,,,,0,,,,https://www.springfieldspringfield.co.uk/movie_script.php?movie=of-an-age,44812
914,Emily,Emily,2023,False,,Bleecker Street Media,2026-10-06 16:47,0,transcript_only,,,,,,,0,,,,https://www.springfieldspringfield.co.uk/movie_script.php?movie=emily,37724
916,Relative2023 Re-release,Relative,2023,True,,,2026-10-06 16:47,0,transcript_only,,,,,,,0,,,,https://www.springfieldspringfield.co.uk/movie_script.php?movie=relative,50516
922,Path of the Panther,Path of the Panther,2023,False,,Grizzly Creek Films,2026-10-06 16:47,0,transcript_only,,,,,,,0,,,,https://www.springfieldspringfield.co.uk/movie_script.php?movie=path-of-the-panther,45427
924,My Happy Ending,My Happy Ending,2023,False,,Roadside Attractions,2026-10-06 16:47,0,transcript_only,,,,,,,0,,,,https://www.springfieldspringfield.co.uk/movie_script.php?movie=my-happy-ending,45076
928,The Sorrow and the Pity,The Sorrow and the Pity,2023,False,,Kino Lorber,2026-10-06 16:47,1,download_failed,,,,,,,0,,archive_org:err(HTTPError: 401 Client Error: Unauthorized for url: https://dn790002.ca.),archive_org:The Sorrow and the Pity:https://archive.org/details/sorrowpity00ophu
934,Children of the Corn,Children of the Corn,2023,False,,RLJ Entertainment,2026-10-06 16:47,6,ok,scriptsonscreen,Children of the Corn,100.0,unknown,http://www.horrorlair.com/movies/scripts/childrenofthecorn.pdf,,148746,scripts-onscreen: Horror Lair (https://scripts-onscreen.com/movie/children-of-the-corn-script-links/),scriptsonscreen:ok,scriptsonscreen:Children of the Corn:http://www.horrorlair.com/movies/scripts/childrenofthecorn.pdf || scriptsonscreen:Children of the Corn:https://www.scriptslug.com/script/the-children-of-the-corn-1984 || archive_org:Children of the Corn:https://archive.org/details/childrenofthecorn30 || scriptslug:children of the corn:https://assets.scriptslug.com/live/pdf/scripts/children-of-the-corn-1984.pdf || simplyscripts:Children of the Corn:http://www.horrorlair.com/movies/children-of-the-corn.html || archive_org:Children of the Corn:https://archive.org/details/children-of-the-corn-king
942,65,65,2023,False,,Sony Pictures Releasing,2026-10-06 16:47,4,ok,archive_org,65,100.0,unknown,https://archive.org/details/zlqu-65-viveka-chintamani-sanskrit-in-telugu-script-sha,,56167,archive.org: 65 Viveka Chintamani Sanskrit In Telugu Script Shaivism Palm Leaf Manuscript Nijaguna Shivayogi,archive_org:short(8998) ; archive_org:ok,archive_org:65:https://archive.org/details/zlqu-65-viveka-chintamani-sanskrit-in-telugu-script-sha || archive_org:65:https://archive.org/details/obih_65-bhagavatam-chaturtha-skandha-sanskrit-in-grantha-script-puranas-palm-lea || archive_org:65:https://archive.org/details/idhe-65-viveka-chintamani-sanskrit-in-telugu-script-sha || archive_org:65:https://archive.org/details/65-no-longer-too-old-voa-radio-script
952,Inside,Inside,2023,False,,Focus Features,2026-10-06 16:47,4,ok,archive_org,Inside,100.0,ok,https://archive.org/details/io2-final-screenplay,,141412,archive.org: Inside Out 2 (2024) Final Screenplay,archive_org:ok,archive_org:Inside:https://archive.org/details/io2-final-screenplay || archive_org:Inside:https://archive.org/details/insidellewyndavi0000coen || archive_org:Inside:https://archive.org/details/InsideSmithandCampusNewsScriptOctober231950 || archive_org:Inside:https://archive.org/details/inside-man
956,Drylongso,Drylongso,2023,False,,Janus Films,2026-10-06 16:47,4,download_failed,,,,,,,0,,archive_org:err(HTTPError: 401 Client Error: Unauthorized for url: https://dn760003.eu.) ; archive_org:err(HTTPError: 500 Server Error: Internal Server Error for url: https://dn7) ; archive_org:err(HTTPError: 401 Client Error: Unauthorized for url: https://dn760109.eu.) ; archive_org:err(HTTPError: 401 Client Error: Unauthorized for url: https://dn790006.ca.),archive_org:Drylongso:https://archive.org/details/drylongsoselfpor0000unse || archive_org:Drylongso:https://archive.org/details/drylongsoselfpor0000unse_b9m8 || archive_org:Drylongso:https://archive.org/details/drylongsoselfpor00gwal || archive_org:Drylongso:https://archive.org/details/drylongso0000hami
960,A Good Person,A Good Person,2023,False,,United Artists Releasing,2026-10-06 16:47,3,ok,scriptslug,a good person,100.0,ok,https://assets.scriptslug.com/live/pdf/scripts/a-good-person-2023.pdf,,98448,scriptslug a-good-person-2023,scriptslug:ok,scriptslug:a good person:https://assets.scriptslug.com/live/pdf/scripts/a-good-person-2023.pdf || scriptsonscreen:A Good Person:https://www.scriptslug.com/script/a-good-person-2023 || imsdb:A Good Person:https://imsdb.com/Movie Scripts/A Good Person Script.html
972,The Journey: A Music Special from Andrea Bocelli,The Journey: A Music Special from Andrea Bocelli,2023,False,concert_live,Fathom Events,2026-10-06 16:47,0,non_film,,,,,,,0,,,
976,Enys Men,Enys Men,2023,False,,Neon,2026-10-06 16:47,0,transcript_only,,,,,,,0,,,,https://www.springfieldspringfield.co.uk/movie_script.php?movie=enys-men,13145
982,Venus,Venus,2023,False,,Sony Pictures Releasing,2026-10-06 16:47,1,transcript_only,,,,,,,0,,scriptsonscreen:short(11442),scriptsonscreen:Venus:https://www.scripts.com/script/venus_22784,https://www.springfieldspringfield.co.uk/movie_script.php?movie=venus-2022,21129
984,Paint,Paint,2023,False,,IFC Films,2026-10-06 16:47,0,transcript_only,,,,,,,0,,,,https://www.springfieldspringfield.co.uk/movie_script.php?movie=paint,52967
990,Heretic,Heretic,2023,False,,Indican Pictures,2026-10-06 16:47,3,ok,simplyscripts_award,Heretic,100.0,ok,https://a24awards.com/assets/Heretic-screenplay.pdf,,127170," | undated, unspecified draft",simplyscripts_award:ok,simplyscripts_award:Heretic:https://a24awards.com/assets/Heretic-screenplay.pdf || archive_org:Heretic:https://archive.org/details/heretic-2024_202603 || linkpages:Heretic:https://a24awards.com/assets/Heretic-screenplay.pdf
992,Renfield,Renfield,2023,False,,Universal Pictures,2026-10-06 16:47,1,ok,archive_org,Renfield,100.0,ok,https://archive.org/details/renfield_202609,,128761,archive.org: Renfield (2023) screenplay,archive_org:ok,archive_org:Renfield:https://archive.org/details/renfield_202609
994,Mafia Mamma,Mafia Mamma,2023,False,,Bleecker Street Media,2026-10-06 16:47,0,transcript_only,,,,,,,0,,,,https://www.springfieldspringfield.co.uk/movie_script.php?movie=mafia-mamma,55157
996,Sweetwater,Sweetwater,2023,False,,Briarcliff Entertainment,2026-10-06 16:47,3,ok_raw_only,archive_org,Sweetwater,100.0,unknown,https://archive.org/details/isbn_060267364,,22831,archive.org: Sweetwater,archive_org:err(HTTPError: 401 Client Error: Unauthorized for url: https://dn721609.ca.) ; archive_org:err(ValueError: archive.org item has no pdf/txt file) ; archive_org:short(22831),archive_org:Sweetwater:https://archive.org/details/isbn_060267364 || archive_org:Sweetwater:https://archive.org/details/gov.uscourts.ohnd.250723 || archive_org:Sweetwater:https://archive.org/details/20190923-5184
1000,Wild Life,Wild Life,2023,False,,Picturehouse,2026-10-06 16:47,2,ok,scriptslug,wildlife,100.0,ok,https://assets.scriptslug.com/live/pdf/scripts/wildlife-2018.pdf,,105478,scriptslug wildlife-2018,scriptslug:ok,scriptslug:wildlife:https://assets.scriptslug.com/live/pdf/scripts/wildlife-2018.pdf || archive_org:Wild Life:https://archive.org/details/wildlifeinsouthe0000rich_a6f0
1004,Passion,Passion,2023,False,,Film Movement,2026-10-06 16:47,7,download_failed,,,,,,,0,,archive_org:err(HTTPError: 401 Client Error: Unauthorized for url: https://dn721905.ca.) ; archive_org:err(HTTPError: 401 Client Error: Unauthorized for url: https://dn711003.ca.) ; archive_org:err(HTTPError: 401 Client Error: Unauthorized for url: https://dn711108.ca.) ; archive_org:err(HTTPError: 401 Client Error: Unauthorized for url: https://dn760008.eu.),archive_org:Passion:https://archive.org/details/bwb_Y0-BDR-776 || archive_org:Passion:https://archive.org/details/passioniswoman0000unse || archive_org:Passion:https://archive.org/details/passionpunch0000royd || archive_org:Passion:https://archive.org/details/passionbeyondpai0000inze || archive_org:Passion:https://archive.org/details/passionflower0000kath_x6h5 || archive_org:Passion:https://archive.org/details/passiononpurpose00debo || archive_org:Passion:https://archive.org/details/passionfruit0000penn_f8t2
1006,Evil Dead Rise,Evil Dead Rise,2023,False,,Warner Bros.,2026-10-06 16:47,1,ok,archive_org,Evil Dead Rise,100.0,ok,https://archive.org/details/evil-dead-rise_202608,,147333,archive.org: Evil Dead Rise (2023) screenplay,archive_org:ok,archive_org:Evil Dead Rise:https://archive.org/details/evil-dead-rise_202608
1008,Chevalier,Chevalier,2023,False,,Walt Disney Studios Motion Pictures,2026-10-06 16:47,0,transcript_only,,,,,,,0,,,,https://www.springfieldspringfield.co.uk/movie_script.php?movie=chevalier-2022,32719
1010,Somewhere in Queens,Somewhere in Queens,2023,False,,Roadside Attractions,2026-10-06 16:47,0,transcript_only,,,,,,,0,,,,https://www.springfieldspringfield.co.uk/movie_script.php?movie=somewhere-in-queens,63642
1012,Other People's Children,Other People's Children,2023,False,,Music Box Films,2026-10-06 16:47,12,download_failed,,,,,,,0,,archive_org:err(HTTPError: 403 Client Error: Forbidden for url: https://ia801007.us.arc) ; archive_org:err(HTTPError: 401 Client Error: Unauthorized for url: https://dn760009.eu.) ; archive_org:err(HTTPError: 401 Client Error: Unauthorized for url: https://dn760103.eu.) ; archive_org:err(HTTPError: 401 Client Error: Unauthorized for url: https://dn790006.ca.),archive_org:Other People's Children:https://archive.org/details/bwb_KV-351-336 || archive_org:Other People's Children:https://archive.org/details/otherpeopleschil00trol_0 || archive_org:Other People's Children:https://archive.org/details/otherpeopleschil0075wrig || archive_org:Other People's Children:https://archive.org/details/otherpeopleschil00trol_1 || archive_org:Other People's Children:https://archive.org/details/otherpeopleschil0000wrig || archive_org:Other People's Children:https://archive.org/details/otherpeopleschil0000trol_y8p1 || archive_org:Other People's Children:https://archive.org/details/otherpeopleschil0000trol_l3a2 || archive_org:Other People's Children:https://archive.org/details/micro_IA41153553_0809 || archive_org:Other People's Children:https://archive.org/details/otherpeopleschil00fiel || archive_org:Other People's Children:https://archive.org/details/otherpeopleschil0000trol_g6q9 || archive_org:Other People's Children:https://archive.org/details/otherpeopleschi000trol || archive_org:Other People's Children:https://archive.org/details/bwb_S0-DTI-593
1014,"Are You There God? It's Me, Margaret.","Are You There God? It's Me, Margaret.",2023,False,,Lionsgate,2026-10-06 16:47,2,ok,simplyscripts_award,Are You There God? It's Me Margaret,100.0,ok,https://deadline.com/wp-content/uploads/2023/12/Are-You-There-God-Its-Me-Margaret-Read-The-Screenplay.pdf,,136323,"Deadline | Are You There God? It's Me Margaret - January 23, 2021, unspecified draft script by Kelly Fremon Craig (Based on the novel by Judy Blume) - hosted by: Deadline - in pdf format Margaret Simon is just 1",simplyscripts_award:ok,"simplyscripts_award:Are You There God? It's Me Margaret:https://deadline.com/wp-content/uploads/2023/12/Are-You-There-God-Its-Me-Margaret-Read-The-Screenplay.pdf || linkpages:Are You There, God. It’s Me, Margaret.:https://deadline.com/wp-content/uploads/2023/12/Are-You-There-God-Its-Me-Margaret-Read-The-Screenplay.pdf"
1020,A Father's Heart,A Father's Heart,2023,False,,Fathom Events,2026-10-06 16:47,6,ok,archive_org,A Father's Heart,100.0,unknown,https://archive.org/details/fathersheart00youn,ocr ,43922,archive.org: A father's heart,archive_org:err(HTTPError: 401 Client Error: Unauthorized for url: https://dn790003.ca.) ; archive_org:err(HTTPError: 403 Client Error: Forbidden for url: https://ia800505.us.arc) ; archive_org:ok,archive_org:A Father's Heart:https://archive.org/details/fathersheart00youn || archive_org:A Father's Heart:https://archive.org/details/fathersheartless0000poxo || archive_org:A Father's Heart:https://archive.org/details/AFathersHeart || archive_org:A Father's Heart:https://archive.org/details/fathersheart0000will || archive_org:A Father's Heart:https://archive.org/details/fathersheart0000kink || archive_org:A Father's Heart:https://archive.org/details/fathersheart0000mitc
1022,Nuclear Now,Nuclear Now,2023,False,,Abramorama,2026-10-06 16:47,0,transcript_only,,,,,,,0,,,,https://www.springfieldspringfield.co.uk/movie_script.php?movie=nuclear-now,71658
1026,Always a Winner,Always a Winner,2023,False,,Five & Two Pictures,2026-10-06 16:47,4,transcript_only,,,,,,,0,,archive_org:err(HTTPError: 401 Client Error: Unauthorized for url: https://dn760104.eu.) ; archive_org:err(HTTPError: 401 Client Error: Unauthorized for url: https://dn760009.eu.) ; archive_org:err(HTTPError: 401 Client Error: Unauthorized for url: https://dn790006.ca.) ; archive_org:err(HTTPError: 403 Client Error: Forbidden for url: https://ia803105.us.arc),archive_org:Always a Winner:https://archive.org/details/alwayswinnerfind0000nava || archive_org:Always a Winner:https://archive.org/details/alwayswinnerexpe00bach || archive_org:Always a Winner:https://archive.org/details/alwayswinner0000unse_i0x5 || archive_org:Always a Winner:https://archive.org/details/alwayswinner0000unse,https://www.springfieldspringfield.co.uk/movie_script.php?movie=always-a-winner,49386
1034,Book Club: The Next Chapter,Book Club: The Next Chapter,2023,False,,Focus Features,2026-10-06 16:47,0,transcript_only,,,,,,,0,,,,https://www.springfieldspringfield.co.uk/movie_script.php?movie=book-club-the-next-chapter,69779
1038,Fool's Paradise,Fool's Paradise,2023,False,,Roadside Attractions,2026-10-06 16:47,10,transcript_only,,,,,,,0,,archive_org:err(HTTPError: 401 Client Error: Unauthorized for url: https://dn760106.eu.) ; archive_org:err(HTTPError: 401 Client Error: Unauthorized for url: https://dn790008.ca.) ; archive_org:err(HTTPError: 403 Client Error: Forbidden for url: https://ia800708.us.arc) ; archive_org:err(HTTPError: 401 Client Error: Unauthorized for url: https://dn760002.eu.),archive_org:Fool's Paradise:https://archive.org/details/foolsparadise00phil || archive_org:Fool's Paradise:https://archive.org/details/foolsparadisecar0000mcwi || archive_org:Fool's Paradise:https://archive.org/details/foolsparadise0000vail || archive_org:Fool's Paradise:https://archive.org/details/foolsparadise0000phil || archive_org:Fool's Paradise:https://archive.org/details/20241231_20241231_0856 || archive_org:Fool's Paradise:https://archive.org/details/foolsparadise0000ashb || archive_org:Fool's Paradise:https://archive.org/details/fools-paradise-part-1 || archive_org:Fool's Paradise:https://archive.org/details/foolsparadiseric0000moyn || archive_org:Fool's Paradise:https://archive.org/details/foolsparadise0000fear || archive_org:Fool's Paradise:https://archive.org/details/foolsparadise0000poir,https://www.springfieldspringfield.co.uk/movie_script.php?movie=fools-paradise,65876
1040,Rally Road Racers,Rally Road Racers,2023,False,,Viva Pictures,2026-10-06 16:47,0,transcript_only,,,,,,,0,,,,https://www.springfieldspringfield.co.uk/movie_script.php?movie=rally-road-racers,41364
1042,The Starling Girl,The Starling Girl,2023,False,,Bleecker Street Media,2026-10-06 16:47,0,transcript_only,,,,,,,0,,,,https://www.springfieldspringfield.co.uk/movie_script.php?movie=the-starling-girl,39959
1048,Moon Garden,Moon Garden,2023,False,,Oscilloscope,2026-10-06 16:47,1,transcript_only,,,,,,,0,,archive_org:err(HTTPError: 401 Client Error: Unauthorized for url: https://dn790000.ca.),archive_org:Moon Garden:https://archive.org/details/moongarden0000bani,https://www.springfieldspringfield.co.uk/movie_script.php?movie=moon-garden,22059
1052,The Machine,The Machine,2023,False,,Sony Pictures Releasing,2026-10-06 16:47,0,transcript_only,,,,,,,0,,,,https://www.springfieldspringfield.co.uk/movie_script.php?movie=the-machine-2023,69719
1060,Spider-Man: Across the Spider-Verse,Spider-Man: Across the Spider-Verse,2023,False,,Columbia Pictures,2026-10-06 16:47,7,ok,simplyscripts_award,Spider-Man: Across the Spider-Verse,100.0,ok,https://deadline.com/wp-content/uploads/2023/11/Spider-Man-Across-The-Spider-Verse-Read-The-Screenplay.pdf,,145370,"Deadline | Spider-Man: Across the Spider-Verse - Undated, unspecified draft script by Phil Lord & Christopher Miller & Dave Callaham (Based on The collective work of thousands of writers and artists over the las",simplyscripts_award:ok,simplyscripts_award:Spider-Man: Across the Spider-Verse:https://deadline.com/wp-content/uploads/2023/11/Spider-Man-Across-The-Spider-Verse-Read-The-Screenplay.pdf || scriptslug:spider man across the spider verse:https://assets.scriptslug.com/live/pdf/scripts/spider-man-across-the-spider-verse-2023.pdf || deadline:Spider-Man: Across the Spider-Verse:https://deadline.com/2023/11/spider-man-across-the-spider-verse-screenplay-read-full-script-1235639238/ || archive_org:Spider-Man: Across the Spider-Verse:https://archive.org/details/spider-man-across-the-spider-verse-script-2023 || linkpages:Spider-Man: Across the Spider-Verse:https://deadline.com/wp-content/uploads/2023/11/Spider-Man-Across-The-Spider-Verse-Read-The-Screenplay.pdf || scriptsonscreen:Spider-Man: Across the Spider-Verse:https://www.scriptslug.com/script/spider-man-across-the-spider-verse-2023 || imsdb:Spider-Man: Across the Spider-Verse:https://imsdb.com/Movie Scripts/Spider-Man: Across the Spider-Verse Script.html
1062,Past Lives,Past Lives,2023,False,,A24,2026-10-06 16:47,5,ok,scriptslug,past lives,100.0,ok,https://assets.scriptslug.com/live/pdf/scripts/past-lives-2023.pdf,,86490,scriptslug past-lives-2023,scriptslug:ok,scriptslug:past lives:https://assets.scriptslug.com/live/pdf/scripts/past-lives-2023.pdf || deadline:Past Lives:https://deadline.com/2024/02/past-lives-screenplay-read-celine-song-script-1235826015/ || scriptsonscreen:Past Lives:https://www.scriptslug.com/script/past-lives-2023 || archive_org:Past Lives:https://archive.org/details/past-lives_202507 || archive_org:Past Lives:https://archive.org/details/pastlives0000chri
1068,The Angry Black Girl and Her Monster,The Angry Black Girl and Her Monster,2023,False,,RLJ Entertainment,2026-10-06 16:47,0,transcript_only,,,,,,,0,,,,https://www.springfieldspringfield.co.uk/movie_script.php?movie=the-angry-black-girl-and-her-monster,25790
1074,Elemental,Elemental,2023,False,,Walt Disney Studios Motion Pictures,2026-10-06 16:47,9,ok,simplyscripts_award,Elemental,100.0,ok,https://assets.debut.disney.com/documents/ELEMENTAL%20Screenplay.pdf,,143775,"The Walt Disney Studios | Elemental - Undated, unspecified draft script by John Hoberg & Kat Likkel, Brenda Hsueh (Original Story by Peter Sohn, John Hoberg & Kat Likkel, Brenda Hsueh) - hosted by: The Walt Disney Studios - in",simplyscripts_award:err(HTTPError: 403 Client Error: Forbidden for url: https://assets.debut.di) ; scriptslug:ok,simplyscripts_award:Elemental:https://assets.debut.disney.com/documents/ELEMENTAL%20Screenplay.pdf || scriptslug:elemental:https://assets.scriptslug.com/live/pdf/scripts/elemental-2023.pdf || deadline:Elemental:https://deadline.com/2024/01/elemental-screenplay-read-script-pixar-1235699775/ || linkpages:Elemental:https://assets.debut.disney.com/documents/ELEMENTAL%20Screenplay.pdf || scriptsonscreen:Elemental:https://www.scriptslug.com/script/elemental-2023 || archive_org:Elemental:https://archive.org/details/elementalpercept0000sill || archive_org:Elemental:https://archive.org/details/Elemental-OderLesebuechlein_402 || archive_org:Elemental:https://archive.org/details/arxiv-1107.5814 || imsdb:Elemental:https://imsdb.com/Movie Scripts/Elemental Script.html
1076,Asteroid City,Asteroid City,2023,False,,Focus Features,2026-10-06 16:47,7,ok,simplyscripts_award,Asteriod City,92.3076923076923,ok,https://deadline.com/wp-content/uploads/2023/12/Asteroid-City-Read-The-Screenplay.pdf,,170248,"Deadline | Asteriod City - Undated, unspecified draft script by Wes Anderson & Roman Coppola - hosted by: Deadline - in pdf format Following a writer on his world famous fictional play about a grieving father wh",simplyscripts_award:ok,simplyscripts_award:Asteriod City:https://deadline.com/wp-content/uploads/2023/12/Asteroid-City-Read-The-Screenplay.pdf || scriptslug:asteroid city:https://assets.scriptslug.com/live/pdf/scripts/asteroid-city-2023.pdf || deadline:Asteroid City:https://deadline.com/2023/12/asteroid-city-screenplay-wes-anderson-roman-coppola-script-1235666902/ || linkpages:Asteroid City:https://deadline.com/wp-content/uploads/2023/12/Asteroid-City-Read-The-Screenplay.pdf || scriptsonscreen:Asteroid City:https://www.scriptslug.com/script/asteroid-city-2023 || archive_org:Asteroid City:https://archive.org/details/cbfc-ecinepramaan-100010292300006509 || imsdb:Asteroid City:https://imsdb.com/Movie Scripts/Asteroid City Script.html
1078,The Wicker Man50th Anniversary,The Wicker Man,2023,True,,Rialto Pictures,2026-10-06 16:47,5,ok,scriptslug,the wicker man,100.0,ok,https://assets.scriptslug.com/live/pdf/scripts/the-wicker-man-1973.pdf,,173567,scriptslug the-wicker-man-1973,scriptslug:ok,scriptslug:the wicker man:https://assets.scriptslug.com/live/pdf/scripts/the-wicker-man-1973.pdf || archive_org:The Wicker Man:https://archive.org/details/the-wicker-man-1973-pitt-script || scriptsonscreen:The Wicker Man:https://www.scriptslug.com/script/the-wicker-man-1973 || scriptsonscreen:The Wicker Man:https://www.scripts.com/script/the_wicker_man_21643 || archive_org:The Wicker Man:https://archive.org/details/the-wicker-man_202303
1080,No Hard Feelings,No Hard Feelings,2023,False,,Sony Pictures Releasing,2026-10-06 16:47,9,ok,scriptslug,no hard feelings,100.0,ok,https://assets.scriptslug.com/live/pdf/scripts/no-hard-feelings-2023.pdf,,101982,scriptslug no-hard-feelings-2023,scriptslug:ok,scriptslug:no hard feelings:https://assets.scriptslug.com/live/pdf/scripts/no-hard-feelings-2023.pdf || scriptsonscreen:No Hard Feelings:https://www.scriptslug.com/script/no-hard-feelings-2023 || archive_org:No Hard Feelings:https://archive.org/details/nohardfeelings0000bell || archive_org:No Hard Feelings:https://archive.org/details/cbfc-ecinepramaan-100010292400000621 || archive_org:No Hard Feelings:https://archive.org/details/cbfc-ecinepramaan-100010292300004926 || archive_org:No Hard Feelings:https://archive.org/details/isbn_0573613060 || archive_org:No Hard Feelings:https://archive.org/details/rg27_pfeifer || archive_org:No Hard Feelings:https://archive.org/details/isbn_9781937495916 || imsdb:No Hard Feelings:https://imsdb.com/Movie Scripts/No Hard Feelings Script.html
1098,Lost in the Stars,Lost in the Stars,2023,False,,CMC Pictures,2026-10-06 16:47,5,download_failed,,,,,,,0,,archive_org:err(HTTPError: 403 Client Error: Forbidden for url: https://ia801406.us.arc) ; archive_org:err(HTTPError: 401 Client Error: Unauthorized for url: https://dn721802.ca.) ; archive_org:err(HTTPError: 401 Client Error: Unauthorized for url: https://dn721908.ca.) ; archive_org:err(HTTPError: 401 Client Error: Unauthorized for url: https://dn720003.ca.),archive_org:Lost in the Stars:https://archive.org/details/lostinstars0000unse || archive_org:Lost in the Stars:https://archive.org/details/lostinstars0000unse_h5o6 || archive_org:Lost in the Stars:https://archive.org/details/lostinstars0000ande || archive_org:Lost in the Stars:https://archive.org/details/lostinstarsforgo0000barb || archive_org:Lost in the Stars:https://archive.org/details/lostinstars0000mand
1106,The Miracle Club,The Miracle Club,2023,False,,Sony Pictures Releasing,2026-10-06 16:47,4,ok,simplyscripts_award,The Miracle Club,100.0,ok,https://www.sonyclassics.com/assets/screenplays/themiracleclub/themiracleclub-screenplay.pdf,,87912,"Sony Classics | The Miracle Club - June 2, 2022 (updated July 19, 2022) Shooting draft script by Jimmy Smallhorne, Timothy Prager & Josh Maurer - hosted by: Sony Classics - in pdf format Ballygar, Ireland, 1967. A ha",simplyscripts_award:ok,simplyscripts_award:The Miracle Club:https://www.sonyclassics.com/assets/screenplays/themiracleclub/themiracleclub-screenplay.pdf || scriptslug:the miracle club:https://assets.scriptslug.com/live/pdf/scripts/the-miracle-club-2023.pdf || linkpages:The Miracle Club:https://www.sonyclassics.com/assets/screenplays/themiracleclub/themiracleclub-screenplay.pdf || scriptsonscreen:The Miracle Club:https://www.scriptslug.com/script/the-miracle-club-2023
1110,Afire,Afire,2023,False,,Sideshow Releasing,2026-10-06 16:47,2,download_failed,,,,,,,0,,archive_org:err(HTTPError: 401 Client Error: Unauthorized for url: https://dn760001.eu.) ; archive_org:err(HTTPError: 403 Client Error: Forbidden for url: https://ia600809.us.arc),archive_org:Afire:https://archive.org/details/afirewithlovemed0000roge || archive_org:Afire:https://archive.org/details/afire0000grac
1112,Go West,Go West,2023,False,,Purdie Distribution,2026-10-06 16:47,12,ok,archive_org,Go West,100.0,unknown,https://archive.org/details/isbn_9781493592548,,418352,archive.org: Go West: A Belgian Attempts American Motherhood,archive_org:err(HTTPError: 401 Client Error: Unauthorized for url: https://dn720501.ca.) ; archive_org:err(HTTPError: 401 Client Error: Unauthorized for url: https://dn790002.ca.) ; archive_org:err(HTTPError: 401 Client Error: Unauthorized for url: https://dn760106.eu.) ; archive_org:ok,archive_org:Go West:https://archive.org/details/isbn_9781493592548 || archive_org:Go West:https://archive.org/details/gowestox0000will || archive_org:Go West:https://archive.org/details/gowestinspectorg0000keat || archive_org:Go West:https://archive.org/details/P006003 || archive_org:Go West:https://archive.org/details/gowestchicagoame0000maho || archive_org:Go West:https://archive.org/details/micro_IA41155149_0157 || archive_org:Go West:https://archive.org/details/gowestfirstconta0000obri || archive_org:Go West:https://archive.org/details/gowestriskreward0000mill || archive_org:Go West:https://archive.org/details/isbn_9780606085281 || archive_org:Go West:https://archive.org/details/gov.uscourts.cod.25137 || archive_org:Go West:https://archive.org/details/gowestswampmonst0000chri || archive_org:Go West:https://archive.org/details/gowestwithsettle0000stuc
1116,Have You Got It Yet? The Story of Syd Barrett and Pink Floyd,Have You Got It Yet? The Story of Syd Barrett and Pink Floyd,2023,False,,Abramorama,2026-10-06 16:47,0,transcript_only,,,,,,,0,,,,https://www.springfieldspringfield.co.uk/movie_script.php?movie=have-you-got-it-yet-the-story-of-syd-barrett-and-pink-floyd,59413
1118,Barbie,Barbie,2023,False,,Warner Bros.,2026-10-06 16:47,7,ok,simplyscripts_award,Barbie,100.0,ok,https://wbpads.s3.us-east-1.amazonaws.com/academy2023/scripts/BazSTyWBSrZxABmTheW1107/barbie_final_shooting_script.pdf,,127821,"Warner Bros | Barbie - Undated, unspecified draft script by Greta Gerwig & Noah Baumbach - hosted by: Warner Bros - in pdf format Barbie suffers a crisis that leads her to question her world and her existence. Info",simplyscripts_award:ok,simplyscripts_award:Barbie:https://wbpads.s3.us-east-1.amazonaws.com/academy2023/scripts/BazSTyWBSrZxABmTheW1107/barbie_final_shooting_script.pdf || scriptslug:barbie:https://assets.scriptslug.com/live/pdf/scripts/barbie-2023.pdf || deadline:Barbie:https://deadline.com/2024/02/barbie-screenplay-read-greta-gerwig-noah-baumbach-script-1235832565/ || archive_org:Barbie:https://archive.org/details/barbie-2023_202402 || linkpages:Barbie:https://wbpads.s3.us-east-1.amazonaws.com/academy2023/scripts/BazSTyWBSrZxABmTheW1107/barbie_final_shooting_script.pdf || scriptsonscreen:Barbie:https://www.scriptslug.com/script/barbie-2023 || imsdb:Barbie:https://imsdb.com/Movie Scripts/Barbie Script.html
1120,Return to Dust,Return to Dust,2023,False,,Film Movement,2026-10-06 16:47,2,download_failed,,,,,,,0,,archive_org:err(HTTPError: 401 Client Error: Unauthorized for url: https://dn760009.eu.) ; archive_org:err(HTTPError: 401 Client Error: Unauthorized for url: https://dn760000.eu.),archive_org:Return to Dust:https://archive.org/details/returntodust0000lanh || archive_org:Return to Dust:https://archive.org/details/returntodust0000lanh_d2g9
1122,Talk to Me,Talk to Me,2023,False,,A24,2026-10-06 16:47,2,ok,archive_org,Talk to Me,100.0,ok,https://archive.org/details/talk-to-me-2022_202604,,86393,archive.org: Talk to Me (2022) screenplay,archive_org:ok,archive_org:Talk to Me:https://archive.org/details/talk-to-me-2022_202604 || scriptsonscreen:Talk to Me:http://web.archive.org/web/20180430162039/http://www.script-o-rama.com:80/movie_scripts/a1/talk-to-me-script-transcript.html
1126,UFC 291: Poirier vs. Gaethje 2,UFC 291: Poirier vs. Gaethje 2,2023,False,sports,Iconic Events Releasing,2026-10-06 16:47,0,non_film,,,,,,,0,,,
1128,Bobi Wine: The People's President,Bobi Wine: The People's President,2023,False,,National Geographic Documentary Films,2026-10-06 16:47,0,transcript_only,,,,,,,0,,,,https://www.springfieldspringfield.co.uk/movie_script.php?movie=bobi-wine-the-peoples-president,59579
1138,Ransomed,Ransomed,2023,False,,Well Go USA Entertainment,2026-10-06 16:47,7,download_failed,,,,,,,0,,archive_org:err(HTTPError: 500 Server Error: Internal Server Error for url: https://dn7) ; archive_org:err(HTTPError: 401 Client Error: Unauthorized for url: https://dn760000.eu.) ; archive_org:err(HTTPError: 403 Client Error: Forbidden for url: https://ia803105.us.arc) ; archive_org:err(HTTPError: 403 Client Error: Forbidden for url: https://ia600500.us.arc),archive_org:Ransomed:https://archive.org/details/ransomedheart0000unse || archive_org:Ransomed:https://archive.org/details/lccn_03808322879 || archive_org:Ransomed:https://archive.org/details/ransomedheart0000mitc || archive_org:Ransomed:https://archive.org/details/isbn_9781606475232 || archive_org:Ransomed:https://archive.org/details/ransomedwarrior0000john || archive_org:Ransomed:https://archive.org/details/ransomedjewels0000land || archive_org:Ransomed:https://archive.org/details/ransomed0000elsv
1140,Shiva Baby2023 Re-release,Shiva Baby,2023,True,,Utopia,2026-10-06 16:47,0,transcript_only,,,,,,,0,,,,https://www.springfieldspringfield.co.uk/movie_script.php?movie=shiva-baby,43351
1142,What Comes Around,What Comes Around,2023,False,,IFC Films,2026-10-06 16:47,1,transcript_only,,,,,,,0,,archive_org:short(134),archive_org:What Comes Around:https://archive.org/details/fbf_comesaround,https://www.springfieldspringfield.co.uk/movie_script.php?movie=what-comes-around,33033
1144,Coraline2023 Re-release (remastered),Coraline,2023,True,,,2026-10-06 16:47,8,ok,scriptslug,coraline,100.0,ok,https://assets.scriptslug.com/live/pdf/scripts/coraline-2009.pdf,,137608,scriptslug coraline-2009,scriptslug:ok,scriptslug:coraline:https://assets.scriptslug.com/live/pdf/scripts/coraline-2009.pdf || archive_org:Coraline:https://archive.org/details/coraline-2009_202512 || simplyscripts:Coraline:https://web.archive.org/web/20160221233643/http://www.pages.drexel.edu/~ina22/splaylib/Screenplay-Coraline.pdf || scriptsonscreen:Coraline:https://www.scriptslug.com/script/coraline-2009 || scriptsonscreen:Coraline:http://www.cinefile.biz/script/coraline.pdf || scriptsonscreen:Coraline:http://www.imsdb.com/scripts/Coraline.html || scriptsonscreen:Coraline:http://web.archive.org/web/20210422145413/http://www.script-o-rama.com/movie_scripts/c/coraline-script-transcript.html || imsdb:Coraline:https://imsdb.com/Movie Scripts/Coraline Script.html
1146,Oldboy2023 Re-release,Oldboy,2023,True,,Neon,2026-10-06 16:47,3,ok,archive_org,Oldboy,100.0,ok,https://archive.org/details/oldboy-2013,,172171,archive.org: Oldboy (2013) screenplay,archive_org:ok,archive_org:Oldboy:https://archive.org/details/oldboy-2013 || simplyscripts:Oldboy:https://web.archive.org/web/20160221233643/http://www.pages.drexel.edu/~ina22/splaylib/Screenplay-Oldboy.pdf || scriptsonscreen:Oldboy:https://thescriptsavant.com/movies/Oldboy.pdf
1148,The Pod Generation,The Pod Generation,2023,False,,Vertical Entertainment,2026-10-06 16:47,0,transcript_only,,,,,,,0,,,,https://www.springfieldspringfield.co.uk/movie_script.php?movie=the-pod-generation,47869
1152,The Others2023 Re-release,The Others,2023,True,,Rialto Pictures,2026-10-06 16:47,6,ok,scriptslug,the others,100.0,ok,https://assets.scriptslug.com/live/pdf/scripts/the-others-2001.pdf,,130750,scriptslug the-others-2001,scriptslug:ok,scriptslug:the others:https://assets.scriptslug.com/live/pdf/scripts/the-others-2001.pdf || archive_org:The Others:https://archive.org/details/the-others-2001_202512 || scriptsonscreen:The Others:https://www.scriptslug.com/script/the-others-2001 || scriptsonscreen:The Others:http://web.archive.org/web/20161020094204/http://screenplayexplorer.com:80/wp-content/scripts/The-Others.pdf || scriptsonscreen:The Others:http://web.archive.org/web/20210502191658/http://www.script-o-rama.com/movie_scripts/o/others-script-transcript-nicole-kidman.html || scriptsonscreen:The Others:https://www.scripts.com/script/the_others_21006
1158,Back on the Strip,Back on the Strip,2023,False,,Luminosity Entertainment,2026-10-06 16:47,0,transcript_only,,,,,,,0,,,,https://www.springfieldspringfield.co.uk/movie_script.php?movie=back-on-the-strip,85043
1162,Retribution,Retribution,2023,False,,Roadside Attractions,2026-10-06 16:47,6,transcript_only,,,,,,,0,,archive_org:err(HTTPError: 401 Client Error: Unauthorized for url: https://dn790008.ca.) ; archive_org:err(HTTPError: 401 Client Error: Unauthorized for url: https://dn760008.eu.) ; archive_org:err(HTTPError: 401 Client Error: Unauthorized for url: https://dn760106.eu.) ; archive_org:err(HTTPError: 401 Client Error: Unauthorized for url: https://dn760109.eu.),archive_org:Retribution:https://archive.org/details/retributionlewfo00kami_0 || archive_org:Retribution:https://archive.org/details/retributiontrail0000dugg || archive_org:Retribution:https://archive.org/details/retribution0000keny || archive_org:Retribution:https://archive.org/details/isbn_9781499146394 || archive_org:Retribution:https://archive.org/details/retribution0000rest || archive_org:Retribution:https://archive.org/details/retribution0000keny_e8n6,https://www.springfieldspringfield.co.uk/movie_script.php?movie=retribution-2023,41066
1164,Golda,Golda,2023,False,,Bleecker Street Media,2026-10-06 16:47,13,ok_raw_only,archive_org,Golda,100.0,unknown,https://archive.org/details/golda_meir_es_kora,,12310,archive.org: Golda Meir és kora,archive_org:short(12310) ; archive_org:err(HTTPError: 401 Client Error: Unauthorized for url: https://dn760101.eu.) ; archive_org:err(ValueError: archive.org item has no pdf/txt file) ; archive_org:err(HTTPError: 401 Client Error: Unauthorized for url: https://dn760004.eu.),archive_org:Golda:https://archive.org/details/golda_meir_es_kora || archive_org:Golda:https://archive.org/details/goldameirspeakso0000meir || archive_org:Golda:https://archive.org/details/gov.uscourts.ilnb.1508361 || archive_org:Golda:https://archive.org/details/goldameirisraels00syrk || archive_org:Golda:https://archive.org/details/goldauncrownedqu00slat_0 || archive_org:Golda:https://archive.org/details/mujeresenlahisto0000luis_p2g3 || archive_org:Golda:https://archive.org/details/golda-meir-frischer-dominique_202609 || archive_org:Golda:https://archive.org/details/golda00pegg || archive_org:Golda:https://archive.org/details/goldameir0000blas || archive_org:Golda:https://archive.org/details/gov.uscourts.caeb.78069 || archive_org:Golda:https://archive.org/details/gov.uscourts.nysb.299294 || archive_org:Golda:https://archive.org/details/gov.uscourts.arb.771965 || archive_org:Golda:https://archive.org/details/goldameirfrischerdominique
1166,Bottoms,Bottoms,2023,False,,Orion Pictures,2026-10-06 16:47,5,ok,simplyscripts_award,Bottoms,100.0,ok,https://amazonmgmstudiosguilds.com/app/uploads/2023/08/BOTTOMS_Script.pdf,,117532,"Amazon MGM Studios | Bottoms - April 14, 2022 blue revised draft script by Rachel Sennott & Emma Seligman - hosted by: Amazon MGM Studios - in pdf format After they accidently injure their High School's star quarterback J",simplyscripts_award:ok,simplyscripts_award:Bottoms:https://amazonmgmstudiosguilds.com/app/uploads/2023/08/BOTTOMS_Script.pdf || scriptslug:bottoms:https://assets.scriptslug.com/live/pdf/scripts/bottoms-2023.pdf || archive_org:Bottoms:https://archive.org/details/bottoms-script || linkpages:Bottoms:https://amazonmgmstudiosguilds.com/app/uploads/2023/08/BOTTOMS_Script.pdf || scriptsonscreen:Bottoms:https://www.scriptslug.com/script/bottoms-2023
1170,The Moon,The Moon,2023,False,,Well Go USA Entertainment,2026-10-06 16:47,0,transcript_only,,,,,,,0,,,,https://www.springfieldspringfield.co.uk/movie_script.php?movie=the-moon-2023,36334
1172,The Dive,The Dive,2023,False,,RLJ Entertainment,2026-10-06 16:47,16,transcript_only,,,,,,,0,,archive_org:err(HTTPError: 401 Client Error: Unauthorized for url: https://dn721604.ca.) ; archive_org:err(HTTPError: 401 Client Error: Unauthorized for url: https://dn760005.eu.) ; archive_org:err(HTTPError: 401 Client Error: Unauthorized for url: https://dn760109.eu.) ; archive_org:err(HTTPError: 401 Client Error: Unauthorized for url: https://dn790002.ca.),archive_org:The Dive:https://archive.org/details/bwb_W9-CKZ-532 || archive_org:The Dive:https://archive.org/details/divesitesofpapua0000hals || archive_org:The Dive:https://archive.org/details/divesitesofthail0000lees || archive_org:The Dive:https://archive.org/details/divesitesofcayma0000wood_k5l9 || archive_org:The Dive:https://archive.org/details/divesitesofbaham0000wood || archive_org:The Dive:https://archive.org/details/divesitesofaruba0000jack || archive_org:The Dive:https://archive.org/details/divesitesofbaham0000laws || archive_org:The Dive:https://archive.org/details/divesitesofredse00buck_0 || archive_org:The Dive:https://archive.org/details/divesitesofmalay0000jack || archive_org:The Dive:https://archive.org/details/divebomber0000hubb || archive_org:The Dive:https://archive.org/details/divesitesofphili0000jack || archive_org:The Dive:https://archive.org/details/divesitesofredse00buck || archive_org:The Dive:https://archive.org/details/divesitesofvirgi0000wood || archive_org:The Dive:https://archive.org/details/divefromclausens0000pack || archive_org:The Dive:https://archive.org/details/divesitesofcayma0000wood_z9a5 || archive_org:The Dive:https://archive.org/details/divefromclausens00pack,https://www.springfieldspringfield.co.uk/movie_script.php?movie=the-dive,15488
1176,Jawan,Jawan,2023,False,,Yash Raj Films USA Inc.,2026-10-06 16:47,4,ok,archive_org,Jawan,100.0,unknown,https://archive.org/details/cbfc-ecinepramaan-100010292300006614,,188348,archive.org: JAWAN,archive_org:short(2107) ; archive_org:short(1148) ; archive_org:err(ValueError: archive.org item has no pdf/txt file) ; archive_org:ok,archive_org:Jawan:https://archive.org/details/cbfc-ecinepramaan-100010292300006614 || archive_org:Jawan:https://archive.org/details/cbfc-ecinepramaan-100010292400006464 || archive_org:Jawan:https://archive.org/details/gov.uscourts.gamb.382384 || archive_org:Jawan:https://archive.org/details/gov.uscourts.cadc.41414
1182,Aristotle and Dante Discover the Secrets of the Universe,Aristotle and Dante Discover the Secrets of the Universe,2023,False,,Blue Fox Entertainment,2026-10-06 16:47,2,transcript_only,,,,,,,0,,archive_org:err(HTTPError: 401 Client Error: Unauthorized for url: https://dn760106.eu.) ; archive_org:err(HTTPError: 401 Client Error: Unauthorized for url: https://dn760108.eu.),archive_org:Aristotle and Dante Discover the Secrets of the Universe:https://archive.org/details/aristotledantedi00saen || archive_org:Aristotle and Dante Discover the Secrets of the Universe:https://archive.org/details/aristotledantedi0000saen,https://www.springfieldspringfield.co.uk/movie_script.php?movie=aristotle-and-dante-discover-the-secrets-of-the-universe,31048
1184,A Haunting in Venice,A Haunting in Venice,2023,False,,20th Century Studios,2026-10-06 16:47,5,ok,simplyscripts_award,A Haunting in Venice,100.0,ok,https://assets.debut.disney.com/documents/AHAUNTINGINVENICEscript.pdf,,119612,"The Walt Disney Studios | A Haunting in Venice - Undated, unspecified draft script by Michael Green (based on the novel “Hallowe’en Party” by Agatha Christie) - hosted by: The Walt Disney Studios - in pdf format In post-World ",simplyscripts_award:ok,simplyscripts_award:A Haunting in Venice:https://assets.debut.disney.com/documents/AHAUNTINGINVENICEscript.pdf || scriptslug:a haunting in venice:https://assets.scriptslug.com/live/pdf/scripts/a-haunting-in-venice-2023.pdf || linkpages:A Haunting in Venice:https://assets.debut.disney.com/documents/AHAUNTINGINVENICEscript.pdf || archive_org:A Haunting in Venice:https://archive.org/details/cbfc-ecinepramaan-100010292300007510 || archive_org:A Haunting in Venice:https://archive.org/details/ecinepramaan-certification-100010842600000428
1186,Camp Hideout,Camp Hideout,2023,False,,Roadside Attractions,2026-10-06 16:47,1,transcript_only,,,,,,,0,,archive_org:short(4287),archive_org:Camp Hideout:https://archive.org/details/camp-hideout-ganzer-film-streamcloud-463,https://www.springfieldspringfield.co.uk/movie_script.php?movie=camp-hideout,46743
1188,Outlaw Johnny Black,Outlaw Johnny Black,2023,False,,The Samuel Goldwyn Company,2026-10-06 16:47,0,transcript_only,,,,,,,0,,,,https://www.springfieldspringfield.co.uk/movie_script.php?movie=outlaw-johnny-black,70022
1190,Canary,Canary,2023,False,,Oscilloscope,2026-10-06 16:47,3,ok_raw_only,archive_org,Canary,100.0,unknown,https://archive.org/details/jstor-4558564,,4338,archive.org: Canary Islands: Report from Santa Cruz de Teneriffe. Typhus Fever,archive_org:short(4338) ; archive_org:short(25142) ; archive_org:short(4240),archive_org:Canary:https://archive.org/details/jstor-4558564 || archive_org:Canary:https://archive.org/details/bnarchives_0881 || archive_org:Canary:https://archive.org/details/jstor-4548833
1192,Radical Wolfe,Radical Wolfe,2023,False,,Kino Lorber,2026-10-06 16:47,0,transcript_only,,,,,,,0,,,,https://www.springfieldspringfield.co.uk/movie_script.php?movie=radical-wolfe,56575
1194,The Expendables 4,The Expendables 4,2023,False,,Lionsgate,2026-10-06 16:47,1,download_failed,,,,,,,0,,archive_org:short(4524),archive_org:The Expendables 4:https://archive.org/details/the-expendables-4-ganzer-online-filmi-540
1196,Stop Making Sense2023 Re-release,Stop Making Sense,2023,True,,-,2026-10-06 16:47,0,transcript_only,,,,,,,0,,,,https://www.springfieldspringfield.co.uk/movie_script.php?movie=stop-making-sense,24704
1198,The Blind,The Blind,2023,False,,Fathom Events,2026-10-06 16:47,0,transcript_only,,,,,,,0,,,,https://www.springfieldspringfield.co.uk/movie_script.php?movie=the-blind,51142
1202,Farewell My Concubine2023 Re-release,Farewell My Concubine,2023,True,,Film Movement,2026-10-06 16:47,0,transcript_only,,,,,,,0,,,,https://www.springfieldspringfield.co.uk/movie_script.php?movie=farewell-my-concubine,42210
1212,On Fire,On Fire,2023,False,,Cineverse,2026-10-06 16:47,0,transcript_only,,,,,,,0,,,,https://www.springfieldspringfield.co.uk/movie_script.php?movie=on-fire,46556
1214,Story Ave,Story Ave,2023,False,,Kino Lorber,2026-10-06 16:47,0,transcript_only,,,,,,,0,,,,https://www.springfieldspringfield.co.uk/movie_script.php?movie=story-ave,43937
1216,Muzzle,Muzzle,2023,False,,IFC Films,2026-10-06 16:47,1,transcript_only,,,,,,,0,,archive_org:err(HTTPError: 401 Client Error: Unauthorized for url: https://dn711501.ca.),archive_org:Muzzle:https://archive.org/details/muzzleloadersman0000good,https://www.springfieldspringfield.co.uk/movie_script.php?movie=muzzle,35456
1218,Deliver Us,Deliver Us,2023,False,,Magnolia Pictures,2026-10-06 16:47,12,transcript_only,,,,,,,0,,archive_org:err(HTTPError: 401 Client Error: Unauthorized for url: https://dn721807.ca.) ; archive_org:err(HTTPError: 401 Client Error: Unauthorized for url: https://dn760104.eu.) ; archive_org:err(HTTPError: 403 Client Error: Forbidden for url: https://ia601400.us.arc) ; archive_org:err(HTTPError: 401 Client Error: Unauthorized for url: https://dn760109.eu.),archive_org:Deliver Us:https://archive.org/details/deliverusfromevi0000drto || archive_org:Deliver Us:https://archive.org/details/deliverusfromevi00dool || archive_org:Deliver Us:https://archive.org/details/isbn_031060091 || archive_org:Deliver Us:https://archive.org/details/deliverusfromlov0000brgg || archive_org:Deliver Us:https://archive.org/details/deliverusfromhon0000vale || archive_org:Deliver Us:https://archive.org/details/deliverusfromevi0000unse_l6f1 || archive_org:Deliver Us:https://archive.org/details/deliverusfromevi0000hygo || archive_org:Deliver Us:https://archive.org/details/deliverusfromwol0000leon || archive_org:Deliver Us:https://archive.org/details/deliver-us-from-knowing || archive_org:Deliver Us:https://archive.org/details/isbn_9781434842084 || archive_org:Deliver Us:https://archive.org/details/isbn_9781500727628 || archive_org:Deliver Us:https://archive.org/details/deliverusfromevi00kell,https://www.springfieldspringfield.co.uk/movie_script.php?movie=deliver-us,30419
1222,She Came to Me,She Came to Me,2023,False,,Vertical Entertainment,2026-10-06 16:47,0,transcript_only,,,,,,,0,,,,https://www.springfieldspringfield.co.uk/movie_script.php?movie=she-came-to-me,46499
1224,When Evil Lurks,When Evil Lurks,2023,False,,IFC Films,2026-10-06 16:47,0,transcript_only,,,,,,,0,,,,https://www.springfieldspringfield.co.uk/movie_script.php?movie=when-evil-lurks,30106
1228,Shelter in Solitude,Shelter in Solitude,2023,False,,EM Films,2026-10-06 16:47,0,transcript_only,,,,,,,0,,,,https://www.springfieldspringfield.co.uk/movie_script.php?movie=shelter-in-solitude,46230
1234,Onyx the Fortuitous and the Talisman of Souls,Onyx the Fortuitous and the Talisman of Souls,2023,False,,Fathom Events,2026-10-06 16:47,0,transcript_only,,,,,,,0,,,,https://www.springfieldspringfield.co.uk/movie_script.php?movie=onyx-the-fortuitous-and-the-talisman-of-souls,57196
1236,The Mission,The Mission,2023,False,,Picturehouse Entertainment,2026-10-06 16:47,11,ok,scriptsonscreen,The Mission,100.0,unknown,http://web.archive.org/web/20210701101917/http://www.script-o-rama.com/movie_scripts/m/mission-script-transcript-jeremy-irons.html,,621622,scripts-onscreen: Script-O-Rama (https://scripts-onscreen.com/movie/the-mission-script-links/),scriptsonscreen:short(21641) ; archive_org:err(HTTPError: 401 Client Error: Unauthorized for url: https://dn721307.ca.) ; archive_org:err(HTTPError: 500 Server Error: Internal Server Error for url: https://dn7) ; archive_org:ok,scriptsonscreen:The Mission:http://web.archive.org/web/20210701101917/http://www.script-o-rama.com/movie_scripts/m/mission-script-transcript-jeremy-irons.html || archive_org:The Mission:https://archive.org/details/bwb_C0-AJQ-514 || archive_org:The Mission:https://archive.org/details/missionmindedgui0000mcgl || archive_org:The Mission:https://archive.org/details/india.history.resource.35051 || archive_org:The Mission:https://archive.org/details/india.history.resource.85993 || archive_org:The Mission:https://archive.org/details/bim_eighteenth-century_the-mission-of-the-clerg_breviter-thomas_1728 || archive_org:The Mission:https://archive.org/details/bwb_T5-ASD-961 || archive_org:The Mission:https://archive.org/details/dli.ministry.04458 || archive_org:The Mission:https://archive.org/details/mission-and-ministry-whole-church || archive_org:The Mission:https://archive.org/details/jstor-83570 || archive_org:The Mission:https://archive.org/details/bwb_P9-EAX-094
1238,The Road Dance,The Road Dance,2023,False,,Music Box Films,2026-10-06 16:47,2,download_failed,,,,,,,0,,archive_org:err(HTTPError: 401 Client Error: Unauthorized for url: https://dn760100.eu.) ; archive_org:err(HTTPError: 403 Client Error: Forbidden for url: https://ia601907.us.arc),archive_org:The Road Dance:https://archive.org/details/roaddance0000mack_c1r8 || archive_org:The Road Dance:https://archive.org/details/roaddance0000mack
1240,Killers of the Flower Moon,Killers of the Flower Moon,2023,False,,Paramount Pictures,2026-10-06 16:47,6,ok,simplyscripts_award,Killers Of The Flower Moon,100.0,ok,https://deadline.com/wp-content/uploads/2023/11/Killers-Of-The-Flower-Moon-Read-The-Screenplay.pdf,,172355,"Deadline | Killers Of The Flower Moon - August 10, 2022, Final Shooting Draft script by Eric Roth and Martin Scorsese (Based on ""Killers of the Flower Moon: The Osage Murders and the Birth of the FBI"" by David G",simplyscripts_award:ok,simplyscripts_award:Killers Of The Flower Moon:https://deadline.com/wp-content/uploads/2023/11/Killers-Of-The-Flower-Moon-Read-The-Screenplay.pdf || scriptslug:killers of the flower moon:https://assets.scriptslug.com/live/pdf/scripts/killers-of-the-flower-moon-2023.pdf || archive_org:Killers of the Flower Moon:https://archive.org/details/killers-of-the-flower-moon-script-2024 || imsdb:Killers of the Flower Moon:https://imsdb.com/Movie Scripts/Killers of the Flower Moon Script.html || linkpages:Killers of the Flower Moon:https://deadline.com/wp-content/uploads/2023/11/Killers-Of-The-Flower-Moon-Read-The-Screenplay.pdf || scriptsonscreen:Killers of the Flower Moon:https://www.scriptslug.com/script/killers-of-the-flower-moon-2023
1244,The Other Zoey,The Other Zoey,2023,False,,Brainstorm Media,2026-10-06 16:47,0,transcript_only,,,,,,,0,,,,https://www.springfieldspringfield.co.uk/movie_script.php?movie=the-other-zoey,62660
1246,Soul Mates,Soul Mates,2023,False,,Faith Media Distribution,2026-10-06 16:47,12,ok_raw_only,archive_org,Soul Mates,100.0,unknown,https://archive.org/details/office-of-film-and-literature-classification_1600325.001,,964,archive.org: Soul Mates: Season 1 (Episode 2),archive_org:short(964) ; archive_org:err(HTTPError: 403 Client Error: Forbidden for url: https://ia801503.us.arc) ; archive_org:err(HTTPError: 401 Client Error: Unauthorized for url: https://dn760102.eu.) ; archive_org:err(HTTPError: 403 Client Error: Forbidden for url: https://ia801505.us.arc),archive_org:Soul Mates:https://archive.org/details/office-of-film-and-literature-classification_1600325.001 || archive_org:Soul Mates:https://archive.org/details/soulmateshonori000moor || archive_org:Soul Mates:https://archive.org/details/soulmates00thom || archive_org:Soul Mates:https://archive.org/details/soulmateshotdate0000shaw || archive_org:Soul Mates:https://archive.org/details/isbn_9781484930298 || archive_org:Soul Mates:https://archive.org/details/soulmatesreligio0000wilc || archive_org:Soul Mates:https://archive.org/details/soulmatesscentvo0000eliz || archive_org:Soul Mates:https://archive.org/details/soulmatessecrets0000jour || archive_org:Soul Mates:https://archive.org/details/soulmates0000kerr || archive_org:Soul Mates:https://archive.org/details/soul-mates_2013 || archive_org:Soul Mates:https://archive.org/details/soulmatesnewageg0000wolf || archive_org:Soul Mates:https://archive.org/details/office-of-film-and-literature-classification_1600325.003
1248,Another Body,Another Body,2023,False,,Utopia,2026-10-06 16:47,1,download_failed,,,,,,,0,,archive_org:err(HTTPError: 500 Server Error: Internal Server Error for url: https://dn7),archive_org:Another Body:https://archive.org/details/anotherbodyinlak0000evan
1250,After Death,After Death,2023,False,,Angel,2026-10-06 16:47,0,transcript_only,,,,,,,0,,,,https://www.springfieldspringfield.co.uk/movie_script.php?movie=after-death,68760
1254,The Holdovers,The Holdovers,2023,False,,Focus Features,2026-10-06 16:47,7,ok,simplyscripts_award,The Holdovers,100.0,ok,https://deadline.com/wp-content/uploads/2023/12/The-Holdovers-Read-The-Screenplay.pdf,,117283,"Deadline | The Holdovers - Undated, unspecified draft script by David Hemingson - hosted by: Deadline - in pdf format A cranky history teacher at a remote prep school is forced to remain on campus over the holid",simplyscripts_award:ok,"simplyscripts_award:The Holdovers:https://deadline.com/wp-content/uploads/2023/12/The-Holdovers-Read-The-Screenplay.pdf || scriptslug:the holdovers:https://assets.scriptslug.com/live/pdf/scripts/the-holdovers-2023.pdf || deadline:The Holdovers:https://deadline.com/2023/12/the-holdovers-screenplay-read-script-alexander-payne-movie-1235666343/ || linkpages:The Holdovers:https://deadline.com/wp-content/uploads/2023/12/The-Holdovers-Read-The-Screenplay.pdf || scriptsonscreen:The Holdovers:https://www.scriptslug.com/script/the-holdovers-2023 || archive_org:The Holdovers:https://archive.org/details/cbfc-ecinepramaan-100010292400001122 || imsdb:Holdovers, The:https://imsdb.com/Movie Scripts/Holdovers, The Script.html"
1256,Suitable Flesh,Suitable Flesh,2023,False,,RLJ Entertainment,2026-10-06 16:47,0,transcript_only,,,,,,,0,,,,https://www.springfieldspringfield.co.uk/movie_script.php?movie=suitable-flesh,36383
1258,Radical,Radical,2023,False,,Pantelion Films,2026-10-06 16:47,0,transcript_only,,,,,,,0,,,,https://www.springfieldspringfield.co.uk/movie_script.php?movie=radical,50856
1260,The Marsh King's Daughter,The Marsh King's Daughter,2023,False,,Lionsgate,2026-10-06 16:47,7,transcript_only,,,,,,,0,,archive_org:err(HTTPError: 401 Client Error: Unauthorized for url: https://dn760108.eu.) ; archive_org:err(HTTPError: 401 Client Error: Unauthorized for url: https://dn760001.eu.) ; archive_org:err(HTTPError: 401 Client Error: Unauthorized for url: https://dn720001.ca.) ; archive_org:err(HTTPError: 401 Client Error: Unauthorized for url: https://dn760009.eu.),archive_org:The Marsh King's Daughter:https://archive.org/details/marshkingsdaught0000chad_y0w7 || archive_org:The Marsh King's Daughter:https://archive.org/details/marshkingsdaught0000dion || archive_org:The Marsh King's Daughter:https://archive.org/details/marshkingsdaught0000dion_f2v2 || archive_org:The Marsh King's Daughter:https://archive.org/details/marshkingsdaught0000chad_f0n1 || archive_org:The Marsh King's Daughter:https://archive.org/details/marshkingsdaught0000ande || archive_org:The Marsh King's Daughter:https://archive.org/details/marshkingsdaught00chad || archive_org:The Marsh King's Daughter:https://archive.org/details/marshkingsdaught0000chad,https://www.springfieldspringfield.co.uk/movie_script.php?movie=the-marsh-kings-daughter,27107
1262,Lonesome Soldier,Lonesome Soldier,2023,False,,Military Movies,2026-10-06 16:47,0,transcript_only,,,,,,,0,,,,https://www.springfieldspringfield.co.uk/movie_script.php?movie=lonesome-soldier,47369
1264,Beyond Utopia,Beyond Utopia,2023,False,,Fathom Events,2026-10-06 16:47,1,download_failed,,,,,,,0,,archive_org:err(HTTPError: 401 Client Error: Unauthorized for url: https://dn720701.ca.),archive_org:Beyond Utopia:https://archive.org/details/beyondutopiascie0000hone
1272,It's a Wonderful Knife,It's a Wonderful Knife,2023,False,,RLJ Entertainment,2026-10-06 16:47,0,transcript_only,,,,,,,0,,,,https://www.springfieldspringfield.co.uk/movie_script.php?movie=its-a-wonderful-knife,37101
1274,Orlando: My Political Biography,Orlando: My Political Biography,2023,False,,Sideshow Releasing,2026-10-06 16:47,0,transcript_only,,,,,,,0,,,,https://www.springfieldspringfield.co.uk/movie_script.php?movie=orlando-my-political-biography,48897
1280,Wish,Wish,2023,False,,Walt Disney Studios Motion Pictures,2026-10-06 16:47,0,transcript_only,,,,,,,0,,,,https://www.springfieldspringfield.co.uk/movie_script.php?movie=wish,48051
1282,Saltburn,Saltburn,2023,False,,Amazon MGM Studios,2026-10-06 16:47,6,ok,simplyscripts_award,Saltburn,100.0,ok,https://amazonmgmstudiosguilds.com/app/uploads/2023/11/Saltburn_Script.pdf,,119763,"Amazon MGM Studios | Saltburn - September 20, 2022 pink revised draft script by Emerald Fennell - hosted by: Amazon MGM Studios - in pdf format A student at Oxford University finds himself drawn into the world of a charmi",simplyscripts_award:ok,simplyscripts_award:Saltburn:https://amazonmgmstudiosguilds.com/app/uploads/2023/11/Saltburn_Script.pdf || scriptslug:saltburn:https://assets.scriptslug.com/live/pdf/scripts/saltburn-2023.pdf || deadline:Saltburn:https://deadline.com/2023/11/saltburn-screenplay-read-emerald-fennell-script-1235641092/ || linkpages:Saltburn:https://amazonmgmstudiosguilds.com/app/uploads/2023/11/Saltburn_Script.pdf || scriptsonscreen:Saltburn:https://www.scriptslug.com/script/saltburn-2023 || archive_org:Saltburn:https://archive.org/details/nby_LL13247
1284,The Stones and Brian Jones,The Stones and Brian Jones,2023,False,,Magnolia Pictures,2026-10-06 16:47,0,transcript_only,,,,,,,0,,,,https://www.springfieldspringfield.co.uk/movie_script.php?movie=the-stones-and-brian-jones,48087
1286,Delicatessen2023 Re-release,Delicatessen,2023,True,,Rialto Distribution,2026-10-06 16:47,1,transcript_only,,,,,,,0,,scriptsonscreen:short(23859),scriptsonscreen:Delicatessen:http://web.archive.org/web/20210518140053/http://www.script-o-rama.com/movie_scripts/d/delicatessen-script-transcript-jeunet-caro.html,https://www.springfieldspringfield.co.uk/movie_script.php?movie=delicatessen,19268
1288,Peeping Tom2023 Re-release,Peeping Tom,2023,True,,,2026-10-06 16:47,17,ok,simplyscripts,Peeping Tom,100.0,ok,https://www.dailyscript.com/scripts/Peeping%20Tom.txt,,290301,DailyScript | (1959 shooting draft ) by Leo Marks host:,simplyscripts:ok,simplyscripts:Peeping Tom:https://www.dailyscript.com/scripts/Peeping%20Tom.txt || archive_org:Peeping Tom:https://archive.org/details/peeping-tom-issue-no.-25-1997-01 || dailyscript:Peeping Tom:https://www.dailyscript.com/scripts/Peeping%20Tom.txt || scriptsonscreen:Peeping Tom:https://thescriptsavant.com/movies/Peeping_Tom.pdf || scriptsonscreen:Peeping Tom:http://www.dailyscript.com/scripts/peepingtom.html || scriptsonscreen:Peeping Tom:http://www.dailyscript.com/scripts/Peeping%20Tom.txt || scriptsonscreen:Peeping Tom:http://www.imsdb.com/scripts/Peeping-Tom.html || scriptsonscreen:Peeping Tom:http://web.archive.org/web/20210214012102/http://www.script-o-rama.com/movie_scripts/p/peeping-tom-script-transcript-powell.html || archive_org:Peeping Tom:https://archive.org/details/bim_eighteenth-century_peeping-tom-of-coventry_okeeffe-john_1786 || archive_org:Peeping Tom:https://archive.org/details/Peeping_Tom_A_Second_Look || archive_org:Peeping Tom:https://archive.org/details/peepingtom0000mark || archive_org:Peeping Tom:https://archive.org/details/bim_eighteenth-century_peeping-tom-of-coventry_okeeffe-john_1785 || archive_org:Peeping Tom:https://archive.org/details/peepingtomofcove00arno || archive_org:Peeping Tom:https://archive.org/details/office-of-film-and-literature-classification_1700492.009 || archive_org:Peeping Tom:https://archive.org/details/nby_LL11854 || archive_org:Peeping Tom:https://archive.org/details/bim_eighteenth-century_peeping-tom-of-coventry_okeeffe-john_1786_0 || imsdb:Peeping Tom:https://imsdb.com/Movie Scripts/Peeping Tom Script.html
1292,You're All Gonna Die,You're All Gonna Die,2023,False,,Indican Pictures,2026-10-06 16:47,0,transcript_only,,,,,,,0,,,,https://www.springfieldspringfield.co.uk/movie_script.php?movie=youre-all-gonna-die,41398
1298,Monty Python and the Holy Grail2023 Re-release (48½th Anniversary),Monty Python and the Holy Grail,2023,True,,Iconic Events Releasing,2026-10-06 16:47,7,ok,archive_org,Monty Python and the Holy Grail,100.0,ok,https://archive.org/details/monty-python-holy-grail-1975_202602,ocr ,125329,archive.org: Monty Python and the Holy Grail (1975) screenplay,archive_org:ok,archive_org:Monty Python and the Holy Grail:https://archive.org/details/monty-python-holy-grail-1975_202602 || simplyscripts:Monty Python and the Holy Grail:http://www.angelfire.com/movies/closedcaptioned/mp-holy.txt || scriptsonscreen:Monty Python and the Holy Grail:https://web.archive.org/web/20060525163457/http://writeonlymemory.net/python.pdf || scriptsonscreen:Monty Python and the Holy Grail:http://sfy.ru/?script=mp_holygrail || archive_org:Monty Python and the Holy Grail:https://archive.org/details/MontyPythonAndTheHolyGrail_201901 || archive_org:Monty Python and the Holy Grail:https://archive.org/details/isbn_9780413741202 || archive_org:Monty Python and the Holy Grail:https://archive.org/details/montypythonholyg0000clee
1302,The Sweet East,The Sweet East,2023,False,,Utopia,2026-10-06 16:47,0,transcript_only,,,,,,,0,,,,https://www.springfieldspringfield.co.uk/movie_script.php?movie=the-sweet-east,45072
1306,Clean Slate2023 Re-release,Clean Slate,2023,True,,Rialto Pictures,2026-10-06 16:47,6,download_failed,,,,,,,0,,archive_org:err(ValueError: archive.org item has no pdf/txt file) ; archive_org:err(HTTPError: 401 Client Error: Unauthorized for url: https://dn721605.ca.) ; archive_org:err(HTTPError: 401 Client Error: Unauthorized for url: https://dn760105.eu.) ; archive_org:err(HTTPError: 401 Client Error: Unauthorized for url: https://dn760103.eu.),archive_org:Clean Slate:https://archive.org/details/Cleanslatepremium || archive_org:Clean Slate:https://archive.org/details/cleanslatewordpr0000melt || archive_org:Clean Slate:https://archive.org/details/cleanslate00dais || archive_org:Clean Slate:https://archive.org/details/isbn_9781537799452 || archive_org:Clean Slate:https://archive.org/details/Cleanslatepremium_201512 || archive_org:Clean Slate:https://archive.org/details/Cleanslatebuild
1310,Poor Things,Poor Things,2023,False,,Searchlight Pictures,2026-10-06 16:47,7,ok,simplyscripts_award,Poor Things,100.0,ok,https://deadline.com/wp-content/uploads/2024/01/Poor-Things-Read-The-Screenplay.pdf,,100524,Deadline | Poor Things - December 2023 final draft script by Tony McNamara (Based on the novel POOR THINGS by Alasdair Gray) - hosted by: Deadline - in pdf format The incredible tale and fantastical evolution of,simplyscripts_award:ok,simplyscripts_award:Poor Things:https://deadline.com/wp-content/uploads/2024/01/Poor-Things-Read-The-Screenplay.pdf || scriptslug:poor things:https://assets.scriptslug.com/live/pdf/scripts/poor-things-2023.pdf || deadline:Poor Things:https://deadline.com/2024/01/poor-things-screenplay-read-tony-mcnamara-script-emma-stone-yorgos-lanthimos-1235709168/ || linkpages:Poor Things:https://deadline.com/wp-content/uploads/2024/01/Poor-Things-Read-The-Screenplay.pdf || scriptsonscreen:Poor Things:https://www.scriptslug.com/script/poor-things-2023 || archive_org:Poor Things:https://archive.org/details/poor-things-read-the-screenplay || imsdb:Poor Things:https://imsdb.com/Movie Scripts/Poor Things Script.html
1314,Unit 262,Unit 262,2023,False,,Indican Pictures,2026-10-06 16:47,0,transcript_only,,,,,,,0,,,,https://www.springfieldspringfield.co.uk/movie_script.php?movie=unit-262,44131
1318,Total Trust,Total Trust,2023,False,,Film Movement,2026-10-06 16:47,0,transcript_only,,,,,,,0,,,,https://www.springfieldspringfield.co.uk/movie_script.php?movie=total-trust,34405
1322,The Zone of Interest,The Zone of Interest,2023,False,,A24,2026-10-06 16:47,7,ok,simplyscripts_award,The Zone of Interest,100.0,ok,https://deadline.com/wp-content/uploads/2024/01/The-Zone-Of-Interest-Read-The-Screenplay.pdf,,91369,"Deadline | The Zone of Interest - Undated, unspecified draft script by Jonathan Glazer (Based on the novel by Martin Amis) - hosted by: Deadline - in pdf format The commandant of Auschwitz, Rudolf Höss, and his ",simplyscripts_award:ok,"simplyscripts_award:The Zone of Interest:https://deadline.com/wp-content/uploads/2024/01/The-Zone-Of-Interest-Read-The-Screenplay.pdf || scriptslug:the zone of interest:https://assets.scriptslug.com/live/pdf/scripts/the-zone-of-interest-2023.pdf || deadline:The Zone of Interest:https://deadline.com/2024/01/the-zone-of-interest-screenplay-read-jonathan-glazer-script-holocaust-drama-1235699128/ || archive_org:The Zone of Interest:https://archive.org/details/the-zone-of-interest-script-2023 || linkpages:The Zone of Interest:https://deadline.com/wp-content/uploads/2024/01/The-Zone-Of-Interest-Read-The-Screenplay.pdf || scriptsonscreen:The Zone of Interest:https://www.scriptslug.com/script/the-zone-of-interest-2023 || imsdb:Zone of Interest, The:https://imsdb.com/Movie Scripts/Zone of Interest, The Script.html"
1332,The Iron Claw,The Iron Claw,2023,False,,A24,2026-10-06 16:47,7,ok,simplyscripts_award,The Iron Claw,100.0,ok,https://deadline.com/wp-content/uploads/2024/01/The-Iron-Claw-Read-The-Screenplay.pdf,,92620,"Deadline | The Iron Claw - Undated, unspecified draft script by Sean Durkin - hosted by: Deadline - in pdf format The true story of the inseparable Von Erich brothers, who made history in the intensely competiti",simplyscripts_award:ok,"simplyscripts_award:The Iron Claw:https://deadline.com/wp-content/uploads/2024/01/The-Iron-Claw-Read-The-Screenplay.pdf || scriptslug:the iron claw:https://assets.scriptslug.com/live/pdf/scripts/the-iron-claw-2023.pdf || deadline:The Iron Claw:https://deadline.com/2024/01/the-iron-claw-screenplay-read-sean-durkin-script-von-erich-family-1235693842/ || archive_org:The Iron Claw:https://archive.org/details/the-iron-claw-script-2023 || linkpages:The Iron Claw:https://deadline.com/wp-content/uploads/2024/01/The-Iron-Claw-Read-The-Screenplay.pdf || scriptsonscreen:The Iron Claw:https://www.scriptslug.com/script/the-iron-claw-2023 || imsdb:Iron Claw, The:https://imsdb.com/Movie Scripts/Iron Claw, The Script.html"
1334,Ferrari,Ferrari,2023,False,,Neon,2026-10-06 16:47,7,ok,simplyscripts_award,Ferrari,100.0,ok,https://deadline.com/wp-content/uploads/2024/01/Ferrari-Read-The-Screenplay-R-1.pdf,,148035,Deadline | Michael Mann revised draft,simplyscripts_award:ok,simplyscripts_award:Ferrari:https://deadline.com/wp-content/uploads/2024/01/Ferrari-Read-The-Screenplay-R-1.pdf || scriptslug:ferrari:https://assets.scriptslug.com/live/pdf/scripts/ferrari-2023.pdf || archive_org:Ferrari:https://archive.org/details/ferrari-2023-screenplay || archive_org:Ferrari:https://archive.org/details/ferrari-script-2023 || linkpages:Ferrari:https://deadline.com/wp-content/uploads/2024/01/Ferrari-Read-The-Screenplay-R-1.pdf || scriptsonscreen:Ferrari:https://www.scriptslug.com/script/ferrari-2023 || imsdb:Ferrari:https://imsdb.com/Movie Scripts/Ferrari Script.html
1336,Casper,Casper,2023,True,,Universal Pictures,2026-10-06 16:47,5,ok,scriptslug,casper,100.0,ok,https://assets.scriptslug.com/live/pdf/scripts/casper-1995.pdf,,133933,scriptslug casper-1995,scriptslug:ok,scriptslug:casper:https://assets.scriptslug.com/live/pdf/scripts/casper-1995.pdf || archive_org:Casper:https://archive.org/details/casper-script || archive_org:Casper:https://archive.org/details/casper_202103 || scriptsonscreen:Casper:https://www.scriptslug.com/script/casper-1995 || scriptsonscreen:Casper:http://web.archive.org/web/20210422014148/http://www.script-o-rama.com/movie_scripts/c/casper-script-transcript-christina-ricci.html
1338,Freud's Last Session,Freud's Last Session,2023,False,,Sony Pictures Releasing,2026-10-06 16:47,7,ok,simplyscripts_award,Freud's Last Session,100.0,ok,https://www.sonyclassics.com/assets/screenplays/freudslastsession/freudslastsession-screenplay.pdf,,105838,"Sony Classics | Freud's Last Session - Undated, unspecified draft script by Mark St. Germain and Matthew Brown (adapted from Mark St. Germain's play ""Freud's Last Session"") - hosted by: Sony Classics - in pdf format ",simplyscripts_award:ok,simplyscripts_award:Freud's Last Session:https://www.sonyclassics.com/assets/screenplays/freudslastsession/freudslastsession-screenplay.pdf || scriptslug:freuds last session:https://assets.scriptslug.com/live/pdf/scripts/freuds-last-session-2023.pdf || deadline:Freud's Last Session:https://deadline.com/2023/12/freuds-last-session-screenplay-read-script-mark-st-germain-matthew-brown-1235656137/ || linkpages:Freud’s Last Session:https://www.sonyclassics.com/assets/screenplays/freudslastsession/freudslastsession-screenplay.pdf || scriptsonscreen:Freud's Last Session:https://www.scriptslug.com/script/freuds-last-session-2023 || archive_org:Freud's Last Session:https://archive.org/details/freudslastsessio0000stge || imsdb:Freud's Last Session:https://imsdb.com/Movie Scripts/Freud's Last Session Script.html
1340,The Crime Is Mine,The Crime Is Mine,2023,False,,Music Box Films,2026-10-06 16:47,0,transcript_only,,,,,,,0,,,,https://www.springfieldspringfield.co.uk/movie_script.php?movie=the-crime-is-mine,53926
1342,Weak Layers,Weak Layers,2024,False,,Greenwich Entertainment,2026-10-06 16:47,0,transcript_only,,,,,,,0,,,,https://www.springfieldspringfield.co.uk/movie_script.php?movie=weak-layers,46463
1344,Mayhem!,Mayhem!,2024,False,,IFC Films,2026-10-06 16:47,0,transcript_only,,,,,,,0,,,,https://www.springfieldspringfield.co.uk/movie_script.php?movie=mayhem,42414
1346,Mean Girls,Mean Girls,2024,False,,Paramount Pictures,2026-10-06 16:47,7,ok,scriptsonscreen,Mean Girls,100.0,unknown,https://www.scriptslug.com/script/mean-girls-2004,,129653,scripts-onscreen: Script Slug (https://scripts-onscreen.com/movie/mean-girls-script-links/),scriptsonscreen:ok,scriptsonscreen:Mean Girls:https://www.scriptslug.com/script/mean-girls-2004 || scriptsonscreen:Mean Girls:http://www.dailyscript.com/scripts/mean_girls.pdf || scriptsonscreen:Mean Girls:http://web.archive.org/web/20220324012716/http://www.script-o-rama.com/movie_scripts/mean-girls-movie-transcript.html || scriptslug:mean girls:https://assets.scriptslug.com/live/pdf/scripts/mean-girls-2004.pdf || simplyscripts:Mean Girls:https://www.dailyscript.com/scripts/mean_girls.pdf || archive_org:Mean Girls:https://archive.org/details/mean-girls-2004_202602 || dailyscript:Mean Girls:https://www.dailyscript.com/scripts/mean_girls.pdf
1348,The Book of Clarence,The Book of Clarence,2024,False,,Sony Pictures Releasing,2026-10-06 16:47,0,transcript_only,,,,,,,0,,,,https://www.springfieldspringfield.co.uk/movie_script.php?movie=the-book-of-clarence,44096
1350,I Did It My Way,I Did It My Way,2024,False,,Well Go USA Entertainment,2026-10-06 16:47,3,transcript_only,,,,,,,0,,archive_org:err(HTTPError: 401 Client Error: Unauthorized for url: https://dn720406.ca.) ; archive_org:err(HTTPError: 401 Client Error: Unauthorized for url: https://dn790007.ca.) ; archive_org:err(HTTPError: 401 Client Error: Unauthorized for url: https://dn720404.ca.),archive_org:I Did It My Way:https://archive.org/details/ididitmywaybutwi0000fran || archive_org:I Did It My Way:https://archive.org/details/isbn_9781452030609 || archive_org:I Did It My Way:https://archive.org/details/ididitmywayandit0000coll,https://www.springfieldspringfield.co.uk/movie_script.php?movie=i-did-it-my-way,24710
1352,Household Saints2024 Re-release,Household Saints,2024,True,,Kino Lorber,2026-10-06 16:47,4,download_failed,,,,,,,0,,archive_org:err(HTTPError: 401 Client Error: Unauthorized for url: https://dn720206.ca.) ; archive_org:err(HTTPError: 401 Client Error: Unauthorized for url: https://dn760109.eu.) ; archive_org:err(HTTPError: 401 Client Error: Unauthorized for url: https://dn760108.eu.) ; archive_org:err(HTTPError: 401 Client Error: Unauthorized for url: https://dn760009.eu.),archive_org:Household Saints:https://archive.org/details/householdsaintsh0000alex || archive_org:Household Saints:https://archive.org/details/householdsaints00fran || archive_org:Household Saints:https://archive.org/details/householdsaints0000pros_h5d3 || archive_org:Household Saints:https://archive.org/details/householdsaints0000pros
1356,Inside the Yellow Cocoon Shell,Inside the Yellow Cocoon Shell,2024,False,,Kino Lorber,2026-10-06 16:47,0,transcript_only,,,,,,,0,,,,https://www.springfieldspringfield.co.uk/movie_script.php?movie=inside-the-yellow-cocoon-shell,25562
1360,Fighter,Fighter,2024,False,,Viva Pictures,2026-10-06 16:47,2,transcript_only,,,,,,,0,,archive_org:err(HTTPError: 401 Client Error: Unauthorized for url: https://dn790002.ca.) ; archive_org:err(HTTPError: 401 Client Error: Unauthorized for url: https://dn721700.ca.),archive_org:Fighter:https://archive.org/details/trent_0116405585948 || archive_org:Fighter:https://archive.org/details/fighterforfreedo1966unse,https://www.springfieldspringfield.co.uk/movie_script.php?movie=fighter-2024,69797
1362,Alienoid: The Return to the Future,Alienoid: The Return to the Future,2024,False,,Well Go USA Entertainment,2026-10-06 16:47,0,transcript_only,,,,,,,0,,,,https://www.springfieldspringfield.co.uk/movie_script.php?movie=alienoid-the-return-to-the-future,33753
1370,Jungle Bunch: Operation Meltdown,Jungle Bunch: Operation Meltdown,2024,False,,Viva Pictures,2026-10-06 16:47,0,transcript_only,,,,,,,0,,,,https://www.springfieldspringfield.co.uk/movie_script.php?movie=jungle-bunch-operation-meltdown,40476
1380,Lisa Frankenstein,Lisa Frankenstein,2024,False,,Focus Features,2026-10-06 16:47,0,transcript_only,,,,,,,0,,,,https://www.springfieldspringfield.co.uk/movie_script.php?movie=lisa-frankenstein,41908
1382,Turning Red,Turning Red,2024,False,,Walt Disney Studios Motion Pictures,2026-10-06 16:47,4,download_failed,,,,,,,0,,archive_org:err(ValueError: archive.org item has no pdf/txt file) ; archive_org:err(ValueError: archive.org item has no pdf/txt file) ; archive_org:err(ValueError: archive.org item has no pdf/txt file) ; archive_org:err(ValueError: archive.org item has no pdf/txt file),archive_org:Turning Red:https://archive.org/details/turning-red_spanish-2717833 || archive_org:Turning Red:https://archive.org/details/turning-red_spanish-2718874 || archive_org:Turning Red:https://archive.org/details/turning-red-best-friends-part-1 || archive_org:Turning Red:https://archive.org/details/ecinepramaan-certification-100010842600000596
1386,The Monk and the Gun,The Monk and the Gun,2024,False,,A Contracorriente Films,2026-10-06 16:47,0,transcript_only,,,,,,,0,,,,https://www.springfieldspringfield.co.uk/movie_script.php?movie=the-monk-and-the-gun,41592
1396,God & Country,God & Country,2024,False,,Oscilloscope,2026-10-06 16:47,6,download_failed,,,,,,,0,,archive_org:err(HTTPError: 401 Client Error: Unauthorized for url: https://dn720004.ca.) ; archive_org:err(HTTPError: 403 Client Error: Forbidden for url: https://ia601900.us.arc) ; archive_org:err(HTTPError: 401 Client Error: Unauthorized for url: https://dn760003.eu.) ; archive_org:err(HTTPError: 403 Client Error: Forbidden for url: https://ia803100.us.arc),archive_org:God & Country:https://archive.org/details/godcountrynotred0000hesb || archive_org:God & Country:https://archive.org/details/godcountrynotred00hesb || archive_org:God & Country:https://archive.org/details/godcountrysuprem00fitz || archive_org:God & Country:https://archive.org/details/isbn_9781495137341 || archive_org:God & Country:https://archive.org/details/godcountrytattoo0000dwye || archive_org:God & Country:https://archive.org/details/godcountry0000bens
1400,Ordinary Angels,Ordinary Angels,2024,False,,Lionsgate,2026-10-06 16:47,1,transcript_only,,,,,,,0,,archive_org:err(HTTPError: 403 Client Error: Forbidden for url: https://ia600404.us.arc),archive_org:Ordinary Angels:https://archive.org/details/ordinaryangels0000labl,https://www.springfieldspringfield.co.uk/movie_script.php?movie=ordinary-angels,56332
1402,The Chosen: S4 Episodes 7-8,The Chosen: S4 Episodes 7-8,2024,False,tv_episodes,Fathom Events,2026-10-06 16:47,0,non_film,,,,,,,0,,,
1412,They Shot the Piano Player,They Shot the Piano Player,2024,False,,Sony Pictures Releasing,2026-10-06 16:47,0,transcript_only,,,,,,,0,,,,https://www.springfieldspringfield.co.uk/movie_script.php?movie=they-shot-the-piano-player,60288
1414,Dune: Part Two,Dune: Part Two,2024,False,,Warner Bros.,2026-10-06 16:47,1,ok,archive_org,Dune: Part Two,100.0,ok,https://archive.org/details/dune-part-two-script-2024,,136236,archive.org: Dune: Part Two Screenplay (2024),archive_org:ok,archive_org:Dune: Part Two:https://archive.org/details/dune-part-two-script-2024
1418,Amelia's Children,Amelia's Children,2024,False,,Magnolia Pictures,2026-10-06 16:47,0,transcript_only,,,,,,,0,,,,https://www.springfieldspringfield.co.uk/movie_script.php?movie=amelias-children,40624
1424,Love Lies Bleeding,Love Lies Bleeding,2024,False,,A24,2026-10-06 16:47,14,ok_raw_only,archive_org,Love Lies Bleeding,100.0,unknown,https://archive.org/details/office-of-film-and-literature-classification_92,,1816,archive.org: Love Lies Bleeding,archive_org:short(1816) ; archive_org:err(HTTPError: 401 Client Error: Unauthorized for url: https://dn760000.eu.) ; archive_org:err(HTTPError: 401 Client Error: Unauthorized for url: https://dn760008.eu.) ; archive_org:short(1860),archive_org:Love Lies Bleeding:https://archive.org/details/office-of-film-and-literature-classification_92 || archive_org:Love Lies Bleeding:https://archive.org/details/loveliesbleeding0000cris || archive_org:Love Lies Bleeding:https://archive.org/details/loveliesbleeding0000aspa || archive_org:Love Lies Bleeding:https://archive.org/details/cbfc-ecinepramaan-100010292400002058 || archive_org:Love Lies Bleeding:https://archive.org/details/loveliesbleeding0000cris_g4b3 || archive_org:Love Lies Bleeding:https://archive.org/details/bwb_KS-035-671 || archive_org:Love Lies Bleeding:https://archive.org/details/loveliesbleeding0000hawo || archive_org:Love Lies Bleeding:https://archive.org/details/loveliesbleeding0000thom || archive_org:Love Lies Bleeding:https://archive.org/details/loveliesbleeding00cris || archive_org:Love Lies Bleeding:https://archive.org/details/loveliesbleeding0000cris_p1o1 || archive_org:Love Lies Bleeding:https://archive.org/details/loveliesbleeding0000evan_g1v9 || archive_org:Love Lies Bleeding:https://archive.org/details/loveliesbleeding0000evan || archive_org:Love Lies Bleeding:https://archive.org/details/loveliesbleeding0000deli || archive_org:Love Lies Bleeding:https://archive.org/details/loveliesbleeding0000hawo_k1z7
1428,Arthur the King,Arthur the King,2024,False,,Lionsgate,2026-10-06 16:47,1,ok,archive_org,Arthur the King,100.0,fail,https://archive.org/details/arthur-the-king-1983-screenplay-by-j.-david-wyles-and-david-karp,,155014,archive.org: Arthur The King 1983 Screenplay By J. David Wyles And David Karp,archive_org:ok,archive_org:Arthur the King:https://archive.org/details/arthur-the-king-1983-screenplay-by-j.-david-wyles-and-david-karp
1430,The American Society of Magical Negroes,The American Society of Magical Negroes,2024,False,,Focus Features,2026-10-06 16:47,0,transcript_only,,,,,,,0,,,,https://www.springfieldspringfield.co.uk/movie_script.php?movie=the-american-society-of-magical-negroes,56666
1436,Uproar,Uproar,2024,False,,Blue Fox Entertainment,2026-10-06 16:47,3,ok_raw_only,archive_org,Uproar,100.0,unknown,https://archive.org/details/CIA-RDP91-00561R000100070029-3,,5969,archive.org: UPROAR OVER THE BACKFIRE,archive_org:short(5969) ; archive_org:err(HTTPError: 401 Client Error: Unauthorized for url: https://dn760001.eu.) ; archive_org:err(HTTPError: 401 Client Error: Unauthorized for url: https://dn760008.eu.),archive_org:Uproar:https://archive.org/details/CIA-RDP91-00561R000100070029-3 || archive_org:Uproar:https://archive.org/details/uproarantiphonie0000haxt || archive_org:Uproar:https://archive.org/details/uproar0000macl
1440,Prey,Prey,2024,False,,Vertical Entertainment,2026-10-06 16:47,2,ok,scriptslug,prey,100.0,ok,https://assets.scriptslug.com/live/pdf/scripts/prey-2022.pdf,,118032,scriptslug prey-2022,scriptslug:ok,scriptslug:prey:https://assets.scriptslug.com/live/pdf/scripts/prey-2022.pdf || scriptsonscreen:Prey:https://www.scriptslug.com/script/prey-2022
1446,Luca,Luca,2024,True,,Walt Disney Studios Motion Pictures,2026-10-06 16:47,7,ok,simplyscripts_award,Luca,100.0,ok,https://deadline.com/wp-content/uploads/2022/01/Luca-Read-The-Screenplay.pdf,,130471,"Deadline | Luca - Undated, unspecified FYC script by Jesse Andrews & Mike Jones - hosted by: Deadline - in pdf format A young boy experiences an unforgettable seaside summer on the Italian Riviera filled with ge",simplyscripts_award:ok,simplyscripts_award:Luca:https://deadline.com/wp-content/uploads/2022/01/Luca-Read-The-Screenplay.pdf || scriptslug:luca:https://assets.scriptslug.com/live/pdf/scripts/luca-2021.pdf || deadline:Luca:https://deadline.com/2022/01/luca-script-pixar-jesse-andrews-mike-jones-read-the-screenplay-1234917867/ || linkpages:Luca:https://deadline.com/wp-content/uploads/2022/01/Luca-Read-The-Screenplay.pdf || scriptsonscreen:Luca:https://www.scriptslug.com/script/luca-2021 || archive_org:Luca:https://archive.org/details/LucaSingorelli || archive_org:Luca:https://archive.org/details/LucaBrasi2DatPiff.com
1454,The Heart Stays,The Heart Stays,2024,False,,Indican Pictures,2026-10-06 16:47,0,transcript_only,,,,,,,0,,,,https://www.springfieldspringfield.co.uk/movie_script.php?movie=the-heart-stays,57524
1458,Crew,Crew,2024,False,,Friday Entertainment,2026-10-06 16:47,0,transcript_only,,,,,,,0,,,,https://www.springfieldspringfield.co.uk/movie_script.php?movie=crew,55727
1460,Asphalt City,Asphalt City,2024,False,,,2026-10-06 16:47,0,transcript_only,,,,,,,0,,,,https://www.springfieldspringfield.co.uk/movie_script.php?movie=asphalt-city,46705
1464,La Chimera,La Chimera,2024,False,,Neon,2026-10-06 16:47,2,transcript_only,,,,,,,0,,archive_org:err(HTTPError: 401 Client Error: Unauthorized for url: https://dn720002.ca.) ; archive_org:err(HTTPError: 403 Client Error: Forbidden for url: https://ia803205.us.arc),archive_org:La Chimera:https://archive.org/details/isbn_9788804422891 || archive_org:La Chimera:https://archive.org/details/lachimera0000vass,https://www.springfieldspringfield.co.uk/movie_script.php?movie=la-chimera,31958
1466,Le Samouraï,Le Samouraï,2024,False,,Janus Films,2026-10-06 16:47,1,download_failed,,,,,,,0,,archive_org:err(HTTPError: 401 Client Error: Unauthorized for url: https://dn710003.ca.),archive_org:Le Samouraï:https://archive.org/details/lesamouraaux100d0000bizi
1470,Mind Body & Soul,Mind Body & Soul,2024,False,,Indican Pictures,2026-10-06 16:47,1,download_failed,,,,,,,0,,archive_org:err(HTTPError: 401 Client Error: Unauthorized for url: https://dn720005.ca.),archive_org:Mind Body & Soul:https://archive.org/details/mindbodysoulment0000summ
1472,Monkey Man,Monkey Man,2024,False,,Universal Pictures,2026-10-06 16:47,5,transcript_only,,,,,,,0,,archive_org:err(HTTPError: 401 Client Error: Unauthorized for url: https://dn760104.eu.) ; archive_org:err(HTTPError: 401 Client Error: Unauthorized for url: https://dn760008.eu.) ; archive_org:err(HTTPError: 401 Client Error: Unauthorized for url: https://dn760107.eu.) ; archive_org:err(HTTPError: 401 Client Error: Unauthorized for url: https://dn760104.eu.),archive_org:Monkey Man:https://archive.org/details/monkeymancrimest0000moor || archive_org:Monkey Man:https://archive.org/details/monkeyman0000pric || archive_org:Monkey Man:https://archive.org/details/monkeyman00brew || archive_org:Monkey Man:https://archive.org/details/monkeyman0000pric_o0f7 || archive_org:Monkey Man:https://archive.org/details/monkeyman0000glov,https://www.springfieldspringfield.co.uk/movie_script.php?movie=monkey-man,20969
1474,Someone Like You,Someone Like You,2024,False,,Fathom Events,2026-10-06 16:47,15,transcript_only,,,,,,,0,,scriptsonscreen:short(10738) ; archive_org:err(ValueError: archive.org item has no pdf/txt file) ; archive_org:err(HTTPError: 401 Client Error: Unauthorized for url: https://dn760000.eu.) ; archive_org:err(HTTPError: 401 Client Error: Unauthorized for url: https://dn720302.ca.),scriptsonscreen:Someone Like You:https://www.scripts.com/script/someone_like_you..._18458 || archive_org:Someone Like You:https://archive.org/details/someonelikeyou_20190725 || archive_org:Someone Like You:https://archive.org/details/someonelikeyou1997coff || archive_org:Someone Like You:https://archive.org/details/someonelikeyou0000byli_h2l7 || archive_org:Someone Like You:https://archive.org/details/someonelikeyou0000moor || archive_org:Someone Like You:https://archive.org/details/someonelikeyou0000dess || archive_org:Someone Like You:https://archive.org/details/bwb_C0-AOT-896 || archive_org:Someone Like You:https://archive.org/details/isbn_0307703533 || archive_org:Someone Like You:https://archive.org/details/someonelikeyou0000kell_l4v2 || archive_org:Someone Like You:https://archive.org/details/someone-like-you_202412 || archive_org:Someone Like You:https://archive.org/details/isbn_9780718196509_c0n4 || archive_org:Someone Like You:https://archive.org/details/someonelikeyou1953dahl || archive_org:Someone Like You:https://archive.org/details/someonelikeyou00dahl || archive_org:Someone Like You:https://archive.org/details/someonelikeyou00coff || archive_org:Someone Like You:https://archive.org/details/isbn_9780718196509,https://www.springfieldspringfield.co.uk/movie_script.php?movie=someone-like-you,49749
1482,Chicken for Linda!,Chicken for Linda!,2024,False,,GKIDS,2026-10-06 16:47,0,transcript_only,,,,,,,0,,,,https://www.springfieldspringfield.co.uk/movie_script.php?movie=chicken-for-linda,23492
1484,Shrek 22024 Re-release,Shrek 2,2024,True,,DreamWorks,2026-10-06 16:47,11,ok,archive_org,Shrek 2,100.0,ok,https://archive.org/details/shrek2annual20050000unse,wayback,54776,archive.org: Shrek 2 annual. 2005,archive_org:err(HTTPError: 401 Client Error: Unauthorized for url: https://dn760104.eu.) ; scriptsonscreen:ok,archive_org:Shrek 2:https://archive.org/details/shrek2annual20050000unse || scriptsonscreen:Shrek 2:http://www.sitevip.net/shrek-2/script.htm || scriptsonscreen:Shrek 2:http://web.archive.org/web/20211023010542/http://www.script-o-rama.com/movie_scripts/s/shrek-2-script-transcript.html || archive_org:Shrek 2:https://archive.org/details/cbfc-ecinepramaan-100010292200002622 || archive_org:Shrek 2:https://archive.org/details/shrek-2-official-strategy-guide || archive_org:Shrek 2:https://archive.org/details/ps2_Shrek_2-_The_Game_USA || archive_org:Shrek 2:https://archive.org/details/pressguide || archive_org:Shrek 2:https://archive.org/details/shrek2lalbumdufi0000maso || archive_org:Shrek 2:https://archive.org/details/shrek2dvd || archive_org:Shrek 2:https://archive.org/details/shrek2midnightma0000unse || archive_org:Shrek 2:https://archive.org/details/shrek20000jenn
1486,Sting,Sting,2024,False,,Well Go USA Entertainment,2026-10-06 16:47,0,transcript_only,,,,,,,0,,,,https://www.springfieldspringfield.co.uk/movie_script.php?movie=sting,30168
1492,The Absence of Eden,The Absence of Eden,2024,False,,Vertical Entertainment,2026-10-06 16:47,0,transcript_only,,,,,,,0,,,,https://www.springfieldspringfield.co.uk/movie_script.php?movie=the-absence-of-eden,14957
1496,Abigail,Abigail,2024,False,,Universal Pictures,2026-10-06 16:47,1,ok,archive_org,Abigail,100.0,ok,https://archive.org/details/abigail_202608,,143356,archive.org: Abigail (2024) screenplay,archive_org:ok,archive_org:Abigail:https://archive.org/details/abigail_202608
1500,We Grown Now,We Grown Now,2024,False,,Sony Pictures Releasing,2026-10-06 16:47,0,transcript_only,,,,,,,0,,,,https://www.springfieldspringfield.co.uk/movie_script.php?movie=we-grown-now,31039
1504,Unsung Hero,Unsung Hero,2024,False,,Lionsgate,2026-10-06 16:47,1,transcript_only,,,,,,,0,,archive_org:err(HTTPError: 401 Client Error: Unauthorized for url: https://dn760000.eu.),archive_org:Unsung Hero:https://archive.org/details/isbn_9781617540110,https://www.springfieldspringfield.co.uk/movie_script.php?movie=unsung-hero,56350
1510,The Feeling That the Time for Doing Something Has Passed,The Feeling That the Time for Doing Something Has Passed,2024,False,,Magnolia Pictures,2026-10-06 16:47,0,transcript_only,,,,,,,0,,,,https://www.springfieldspringfield.co.uk/movie_script.php?movie=the-feeling-that-the-time-for-doing-something-has-passed,20933
1516,I Saw the TV Glow,I Saw the TV Glow,2024,False,,A24,2026-10-06 16:47,3,ok,scriptslug,i saw the tv glow,100.0,ok,https://assets.scriptslug.com/live/pdf/scripts/i-saw-the-tv-glow-2024.pdf,,125577,scriptslug i-saw-the-tv-glow-2024,scriptslug:ok,scriptslug:i saw the tv glow:https://assets.scriptslug.com/live/pdf/scripts/i-saw-the-tv-glow-2024.pdf || deadline:I Saw the TV Glow:https://deadline.com/2024/12/i-saw-the-tv-glow-script-read-the-screenplay-jane-schoenbrun-1236228758/ || archive_org:I Saw the TV Glow:https://archive.org/details/i-saw-the-tv-glow-2024-2022.05.31-white-jane-schoenbrun-fyc
1518,Irena's Vow,Irena's Vow,2024,False,,Quiver Distribution,2026-10-06 16:47,0,transcript_only,,,,,,,0,,,,https://www.springfieldspringfield.co.uk/movie_script.php?movie=irenas-vow,44443
1520,Wildcat,Wildcat,2024,False,,Oscilloscope,2026-10-06 16:47,0,transcript_only,,,,,,,0,,,,https://www.springfieldspringfield.co.uk/movie_script.php?movie=wildcat-2023,57321
1534,IF,IF,2024,False,,Paramount Pictures,2026-10-06 16:47,2,ok,archive_org,IF,100.0,ok,https://archive.org/details/if-beale-street-could-talk,,131759,archive.org: If Beale Street Could Talk (2018) screenplay,archive_org:ok,archive_org:IF:https://archive.org/details/if-beale-street-could-talk || archive_org:IF:https://archive.org/details/if-melor-failed-here-is-the-script-for-the-progra
1536,Back to Black,Back to Black,2024,False,,Focus Features,2026-10-06 16:47,5,ok_raw_only,archive_org,Back to Black,100.0,unknown,https://archive.org/details/backtoblackcomic0000blac_r2w3,,1193,archive.org: Back to Black : comic sketches,archive_org:err(HTTPError: 401 Client Error: Unauthorized for url: https://dn760106.eu.) ; archive_org:short(1193) ; archive_org:err(HTTPError: 401 Client Error: Unauthorized for url: https://dn760001.eu.) ; archive_org:err(ValueError: archive.org item has no pdf/txt file),archive_org:Back to Black:https://archive.org/details/backtoblackcomic0000blac_r2w3 || archive_org:Back to Black:https://archive.org/details/backtoblacktrombon || archive_org:Back to Black:https://archive.org/details/backtoblackcomic0000blac_l6v4 || archive_org:Back to Black:https://archive.org/details/BackToBlack_201702 || archive_org:Back to Black:https://archive.org/details/backtoblackcomic0000blac
1538,Babes,Babes,2024,False,,Neon,2026-10-06 16:47,1,ok,archive_org,Babes,100.0,fail,https://archive.org/details/babes_in_toyland_final_script_july_28_1934,ocr ,137491,archive.org: Babes in Toyland (1934) final script,archive_org:ok,archive_org:Babes:https://archive.org/details/babes_in_toyland_final_script_july_28_1934
1542,Sight,Sight,2024,False,,Angel,2026-10-06 16:47,0,transcript_only,,,,,,,0,,,,https://www.springfieldspringfield.co.uk/movie_script.php?movie=sight,26626
1550,Summer Camp,Summer Camp,2024,False,,Roadside Attractions,2026-10-06 16:47,3,ok_raw_only,archive_org,Summer Camp,100.0,unknown,https://archive.org/details/cbfc-ecinepramaan-100010291800011996,,1283,archive.org: SUMMER CAMP,archive_org:short(1283) ; archive_org:err(HTTPError: 401 Client Error: Unauthorized for url: https://dn720906.ca.) ; archive_org:err(HTTPError: 401 Client Error: Unauthorized for url: https://dn790000.ca.),archive_org:Summer Camp:https://archive.org/details/cbfc-ecinepramaan-100010291800011996 || archive_org:Summer Camp:https://archive.org/details/summercamp0000bria || archive_org:Summer Camp:https://archive.org/details/summercampnurse0000lupt
1552,Young Woman and the Sea,Young Woman and the Sea,2024,False,,Walt Disney Studios Motion Pictures,2026-10-06 16:47,2,ok,simplyscripts_award,Young Woman And The Sea,100.0,ok,https://s3.documentcloud.org/documents/25458627/young-woman-and-the-sea-read-the-screenplay.pdf,,131677,"Deadline The story of competitive swimmer Gertrude Ederle, who, in 1926, was the first woman to ever swim across the English Channel. | May 24, 2023 cherry revised draft",simplyscripts_award:ok,simplyscripts_award:Young Woman And The Sea:https://s3.documentcloud.org/documents/25458627/young-woman-and-the-sea-read-the-screenplay.pdf || archive_org:Young Woman and the Sea:https://archive.org/details/youngwomanseahow00stou
1558,Handling the Undead,Handling the Undead,2024,False,,Neon,2026-10-06 16:47,4,download_failed,,,,,,,0,,archive_org:err(HTTPError: 401 Client Error: Unauthorized for url: https://dn760001.eu.) ; archive_org:err(HTTPError: 401 Client Error: Unauthorized for url: https://dn760108.eu.) ; archive_org:err(HTTPError: 401 Client Error: Unauthorized for url: https://dn760105.eu.) ; archive_org:err(HTTPError: 403 Client Error: Forbidden for url: https://ia801005.us.arc),archive_org:Handling the Undead:https://archive.org/details/handlingundead0000ajvi_z4m5 || archive_org:Handling the Undead:https://archive.org/details/handlingundead0000ajvi_o8k7 || archive_org:Handling the Undead:https://archive.org/details/handlingundead0000ajvi_z4s2 || archive_org:Handling the Undead:https://archive.org/details/handlingundead0000ajvi
1562,The Lord of the Rings: The Fellowship of the Ring2024 Re-release,The Lord of the Rings: The Fellowship of the Ring,2024,True,,Fathom Events,2026-10-06 16:47,3,ok,scriptslug,the lord of the rings the fellowship of the ring,100.0,ok,https://assets.scriptslug.com/live/pdf/scripts/the-lord-of-the-rings-the-fellowship-of-the-ring-2001.pdf,,200463,scriptslug the-lord-of-the-rings-the-fellowship-of-the-ring-2001,scriptslug:ok,scriptslug:the lord of the rings the fellowship of the ring:https://assets.scriptslug.com/live/pdf/scripts/the-lord-of-the-rings-the-fellowship-of-the-ring-2001.pdf || archive_org:The Lord of the Rings: The Fellowship of the Ring:https://archive.org/details/the-lord-of-the-rings-the-fellowship-of-the-ring-script-2001 || simplyscripts:The Lord of the Rings: The Fellowship of the Ring:http://www.fempiror.com/otherscripts/LordoftheRings1-FOTR.pdf
1564,The Lord of the Rings: The Return of the King2024 Re-release,The Lord of the Rings: The Return of the King,2024,True,,Fathom Events,2026-10-06 16:47,10,ok,scriptslug,the lord of the rings the return of the king,100.0,ok,https://assets.scriptslug.com/live/pdf/scripts/the-lord-of-the-rings-the-return-of-the-king-2003.pdf,,166294,scriptslug the-lord-of-the-rings-the-return-of-the-king-2003,scriptslug:ok,scriptslug:the lord of the rings the return of the king:https://assets.scriptslug.com/live/pdf/scripts/the-lord-of-the-rings-the-return-of-the-king-2003.pdf || simplyscripts:The Lord of the Rings: The Return of the King:https://www.dailyscript.com/scripts/TLOTR%20-%20The%20Return%20Of%20The%20King.txt || archive_org:The Lord of the Rings: The Return of the King:https://archive.org/details/the-lord-of-the-rings-the-return-of-the-king-script-2003 || dailyscript:The Lord of the Rings: The Return of the King:https://www.dailyscript.com/scripts/TLOTR%20-%20The%20Return%20Of%20The%20King.txt || scriptsonscreen:The Lord of the Rings: The Return of the King:https://www.scriptslug.com/script/the-lord-of-the-rings-the-return-of-the-king-2003 || scriptsonscreen:The Lord of the Rings: The Return of the King:http://www.fempiror.com/otherscripts/LordoftheRings3-ROTK.pdf || scriptsonscreen:The Lord of the Rings: The Return of the King:http://www.weeklyscript.com/TLOTR%20-%20The%20Return%20Of%20The%20King.txt || scriptsonscreen:The Lord of the Rings: The Return of the King:http://www.dailyscript.com/scripts/TLOTR%20-%20The%20Return%20Of%20The%20King.txt || scriptsonscreen:The Lord of the Rings: The Return of the King:http://www.imsdb.com/scripts/Lord-of-the-Rings-Return-of-the-King.html || scriptsonscreen:The Lord of the Rings: The Return of the King:http://www.councilofelrond.com/modules.php?op=modload&name=Subjects&file=index&req=viewpage&pageid=61
1568,Tuesday,Tuesday,2024,False,,A24,2026-10-06 16:47,0,transcript_only,,,,,,,0,,,,https://www.springfieldspringfield.co.uk/movie_script.php?movie=tuesday,32708
1570,Inside Out 2,Inside Out 2,2024,False,,Walt Disney Studios Motion Pictures,2026-10-06 16:47,3,ok,simplyscripts_award,Inside Out 2*,100.0,ok,https://assets.debut.disney.com/documents/2024.10.08_INSIDEOUT2_FullScript_clean_FINAL.pdf,,135699,"Disney A sequel that features Riley entering puberty and experiencing brand new, more complex emotions as a result. As Riley tries to adapt to her teenage years, her old emotions try to adapt to the possibility of being replaced. | unspecified draft",simplyscripts_award:ok,simplyscripts_award:Inside Out 2*:https://assets.debut.disney.com/documents/2024.10.08_INSIDEOUT2_FullScript_clean_FINAL.pdf || deadline:Inside Out 2:https://deadline.com/2024/11/inside-out-2-script-read-the-screenplay-pixar-1236184118/ || archive_org:Inside Out 2:https://archive.org/details/io2-final-screenplay
1572,Treasure,Treasure,2024,False,,Bleecker Street Media,2026-10-06 16:47,0,transcript_only,,,,,,,0,,,,https://www.springfieldspringfield.co.uk/movie_script.php?movie=treasure,44614
1576,Cora Bora,Cora Bora,2024,False,,Brainstorm Media,2026-10-06 16:47,0,transcript_only,,,,,,,0,,,,https://www.springfieldspringfield.co.uk/movie_script.php?movie=cora-bora,59009
1578,The Grab,The Grab,2024,False,,Magnolia Pictures,2026-10-06 16:47,7,download_failed,,,,,,,0,,archive_org:err(HTTPError: 401 Client Error: Unauthorized for url: https://dn720004.ca.) ; archive_org:err(HTTPError: 403 Client Error: Forbidden for url: https://ia801402.us.arc) ; archive_org:err(HTTPError: 401 Client Error: Unauthorized for url: https://dn760108.eu.) ; archive_org:err(HTTPError: 401 Client Error: Unauthorized for url: https://dn790006.ca.),archive_org:The Grab:https://archive.org/details/grab0000aalb || archive_org:The Grab:https://archive.org/details/grab0000land || archive_org:The Grab:https://archive.org/details/grabbag0000rand || archive_org:The Grab:https://archive.org/details/grabkatz00katz || archive_org:The Grab:https://archive.org/details/grabbagparty00maes || archive_org:The Grab:https://archive.org/details/graboperators0000john || archive_org:The Grab:https://archive.org/details/grab0000mall
1584,The Exorcism,The Exorcism,2024,False,,Vertical Entertainment,2026-10-06 16:47,1,ok,archive_org,The Exorcism,100.0,fail,https://archive.org/details/the-exorcism-of-emily-rose-2005-2005-26-10,ocr ,164825,archive.org: The Exorcism Of Emily Rose (2005) screenplay,archive_org:ok,archive_org:The Exorcism:https://archive.org/details/the-exorcism-of-emily-rose-2005-2005-26-10
1586,Ghost in the Shell 2: Innocence2024 Re-release,Ghost in the Shell 2: Innocence,2024,True,,GKIDS,2026-10-06 16:47,1,transcript_only,,,,,,,0,,scriptsonscreen:short(30378),scriptsonscreen:Ghost in the Shell 2: Innocence:http://web.archive.org/web/20210716205758/http://www.script-o-rama.com/movie_scripts/g/ghost-in-the-shell-2-innocence-script.html,https://www.springfieldspringfield.co.uk/movie_script.php?movie=ghost-in-the-shell-2-innocence,29186
1588,Something to Stand for with Mike Rowe,Something to Stand for with Mike Rowe,2024,False,,Fathom Events,2026-10-06 16:47,0,transcript_only,,,,,,,0,,,,https://www.springfieldspringfield.co.uk/movie_script.php?movie=something-to-stand-for-with-mike-rowe,68412
1592,Chestnut,Chestnut,2024,False,,Utopia,2026-10-06 16:47,8,ok,archive_org,Chestnut,100.0,unknown,https://archive.org/details/che_20240107,,181825,archive.org: Chestnut Hill East Line Schedule,archive_org:short(15873) ; archive_org:short(38097) ; archive_org:short(15098) ; archive_org:ok,archive_org:Chestnut:https://archive.org/details/che_20240107 || archive_org:Chestnut:https://archive.org/details/chestnutblightin370grav || archive_org:Chestnut:https://archive.org/details/chw_20240107 || archive_org:Chestnut:https://archive.org/details/chestnutburr1935kent || archive_org:Chestnut:https://archive.org/details/chestnutburr1943kent || archive_org:Chestnut:https://archive.org/details/chestnutburr1949kent || archive_org:Chestnut:https://archive.org/details/chestnutburr1959kent || archive_org:Chestnut:https://archive.org/details/chestnutburr1978kent
1596,Horizon: An American Saga - Chapter 1,Horizon: An American Saga - Chapter 1,2024,False,,Warner Bros.,2026-10-06 16:47,0,transcript_only,,,,,,,0,,,,https://www.springfieldspringfield.co.uk/movie_script.php?movie=horizon-an-american-saga-chapter-1,66459
1598,Sound of Hope: The Story of Possum Trot,Sound of Hope: The Story of Possum Trot,2024,False,,Angel,2026-10-06 16:47,0,transcript_only,,,,,,,0,,,,https://www.springfieldspringfield.co.uk/movie_script.php?movie=sound-of-hope-the-story-of-possum-trot,58471
1602,Kill,Kill,2024,False,,Roadside Attractions,2026-10-06 16:47,2,ok,archive_org,Kill,100.0,fail,https://archive.org/details/kill-bill-vols.-1-2-2003-2004-quentin-tarantino,,399288,"archive.org: Kill Bill : Volume 1 & 2 (2003, 2004)",archive_org:ok,archive_org:Kill:https://archive.org/details/kill-bill-vols.-1-2-2003-2004-quentin-tarantino || archive_org:Kill:https://archive.org/details/kill-bill-vols.-1-2-2003-2004
1604,The Small Back Room,The Small Back Room,2024,False,,Rialto Distribution,2026-10-06 16:47,15,download_failed,,,,,,,0,,archive_org:err(HTTPError: 401 Client Error: Unauthorized for url: https://dn720708.ca.) ; archive_org:err(HTTPError: 403 Client Error: Forbidden for url: https://ia802808.us.arc) ; archive_org:err(HTTPError: 401 Client Error: Unauthorized for url: https://dn760103.eu.) ; archive_org:err(HTTPError: 401 Client Error: Unauthorized for url: https://dn760101.eu.),archive_org:The Small Back Room:https://archive.org/details/smallbackroom0000unse_u6s5 || archive_org:The Small Back Room:https://archive.org/details/smallbackroomdes0000unse || archive_org:The Small Back Room:https://archive.org/details/isbn_0426175905 || archive_org:The Small Back Room:https://archive.org/details/smallbackroom0000unse_z2k0 || archive_org:The Small Back Room:https://archive.org/details/smallbackroom0000nige_u5x1 || archive_org:The Small Back Room:https://archive.org/details/smallbackroom0000nige_d3p6 || archive_org:The Small Back Room:https://archive.org/details/bwb_KP-770-467 || archive_org:The Small Back Room:https://archive.org/details/bwb_KU-465-937 || archive_org:The Small Back Room:https://archive.org/details/smallbackroom0000nige_c7h9 || archive_org:The Small Back Room:https://archive.org/details/smallbackroom00balc_0 || archive_org:The Small Back Room:https://archive.org/details/bwb_KU-426-320 || archive_org:The Small Back Room:https://archive.org/details/smallbackroom0000balc || archive_org:The Small Back Room:https://archive.org/details/smallbackroom0000nige || archive_org:The Small Back Room:https://archive.org/details/smallbackroom0000balc_a6r6 || archive_org:The Small Back Room:https://archive.org/details/smallbackroom00balc
1608,MaXXXine,MaXXXine,2024,False,,A24,2026-10-06 16:47,1,ok,archive_org,MaXXXine,100.0,ok,https://archive.org/details/ma-xxxine_202608,,114639,archive.org: MaXXXine (2024) screenplay,archive_org:ok,archive_org:MaXXXine:https://archive.org/details/ma-xxxine_202608
1610,Seven Samurai70th Anniversary 4K Re-Release,Seven Samurai,2024,True,,Janus Films,2026-10-06 16:47,8,ok,scriptsonscreen,Seven Samurai,100.0,unknown,https://thescriptsavant.com/movies/Seven_Samurai.pdf,wayback,325258,scripts-onscreen: The Script Savant (https://scripts-onscreen.com/movie/seven-samurai-script-links/),scriptsonscreen:ok,scriptsonscreen:Seven Samurai:https://thescriptsavant.com/movies/Seven_Samurai.pdf || scriptsonscreen:Seven Samurai:https://www.scripts.com/script/seven_samurai_1205 || archive_org:Seven Samurai:https://archive.org/details/ps2_Seven_Samurai_20XX_USA || archive_org:Seven Samurai:https://archive.org/details/sevensamurai0000mell || archive_org:Seven Samurai:https://archive.org/details/sevensamuraishic0000staf || archive_org:Seven Samurai:https://archive.org/details/sevensamuraifilm0000kuro || archive_org:Seven Samurai:https://archive.org/details/sevensamuraifilm0000kuro_l7z7 || archive_org:Seven Samurai:https://archive.org/details/sevensamuraiothe00kuro
1612,The Nature of Love,The Nature of Love,2024,False,,Music Box Films,2026-10-06 16:47,9,ok,archive_org,The Nature of Love,100.0,unknown,https://archive.org/details/natureoflove0000wrig,,394195,archive.org: The nature of love,archive_org:err(HTTPError: 401 Client Error: Unauthorized for url: https://dn760101.eu.) ; archive_org:err(HTTPError: 403 Client Error: Forbidden for url: https://ia601507.us.arc) ; archive_org:err(HTTPError: 401 Client Error: Unauthorized for url: https://dn760109.eu.) ; archive_org:ok,archive_org:The Nature of Love:https://archive.org/details/natureoflove0000wrig || archive_org:The Nature of Love:https://archive.org/details/bwb_S0-BKJ-585 || archive_org:The Nature of Love:https://archive.org/details/natureoflove0003sing_k4h5 || archive_org:The Nature of Love:https://archive.org/details/bwb_W9-AOY-611 || archive_org:The Nature of Love:https://archive.org/details/natureoflovecour0000irvi || archive_org:The Nature of Love:https://archive.org/details/natureoflove0000sing || archive_org:The Nature of Love:https://archive.org/details/natureoflove0002sing_d9a0 || archive_org:The Nature of Love:https://archive.org/details/natureoflove0003sing_u7c1 || archive_org:The Nature of Love:https://archive.org/details/natureoflove00gibr
1618,Sing Sing,Sing Sing,2024,False,,A24,2026-10-06 16:47,7,ok,simplyscripts_award,"Sing, Sing",100.0,ok,https://a24awards.com/assets/Sing-Sing-screenplay.pdf,,85160,"A24 Awards Divine G, imprisoned at Sing Sing for a crime he didn't commit, finds purpose by acting in a theatre group alongside other incarcerated men in this story of resilience, humanity, and the transformative power of art. | undated, unspecified draft",simplyscripts_award:ok,"simplyscripts_award:Sing, Sing:https://a24awards.com/assets/Sing-Sing-screenplay.pdf || scriptslug:sing sing:https://assets.scriptslug.com/live/pdf/scripts/sing-sing-2023.pdf || deadline:Sing Sing:https://deadline.com/2024/12/sing-sing-script-read-the-screenplay-prison-drama-1236194138/ || archive_org:Sing Sing:https://archive.org/details/sing-sing-script-2024 || linkpages:Sing, Sing:https://a24awards.com/assets/Sing-Sing-screenplay.pdf || scriptsonscreen:Sing Sing:https://www.scriptslug.com/script/sing-sing-2023 || imsdb:Sing Sing:https://imsdb.com/Movie Scripts/Sing Sing Script.html"
1628,Widow Clicquot,Widow Clicquot,2024,False,,Vertical Entertainment,2026-10-06 16:47,0,transcript_only,,,,,,,0,,,,https://www.springfieldspringfield.co.uk/movie_script.php?movie=widow-clicquot,36014
1630,Crossing,Crossing,2024,False,,MUBI,2026-10-06 16:47,0,transcript_only,,,,,,,0,,,,https://www.springfieldspringfield.co.uk/movie_script.php?movie=crossing,25608
1636,The Fabulous Four,The Fabulous Four,2024,False,,Bleecker Street Media,2026-10-06 16:47,2,transcript_only,,,,,,,0,,archive_org:err(HTTPError: 401 Client Error: Unauthorized for url: https://dn790006.ca.) ; archive_org:err(HTTPError: 401 Client Error: Unauthorized for url: https://dn760104.eu.),archive_org:The Fabulous Four:https://archive.org/details/fabulousfourfish0000bere || archive_org:The Fabulous Four:https://archive.org/details/fabulousfourskun0000fair,https://www.springfieldspringfield.co.uk/movie_script.php?movie=the-fabulous-four,62023
1642,The Arctic Convoy,The Arctic Convoy,2024,False,,Magnolia Pictures,2026-10-06 16:47,0,transcript_only,,,,,,,0,,,,https://www.springfieldspringfield.co.uk/movie_script.php?movie=the-arctic-convoy,24266
1646,PonyoStudio Ghibli Fest 2024,Ponyo,2024,True,,Fathom Events,2026-10-06 16:47,2,transcript_only,,,,,,,0,,archive_org:err(HTTPError: 401 Client Error: Unauthorized for url: https://dn760107.eu.) ; archive_org:err(HTTPError: 403 Client Error: Forbidden for url: https://ia600809.us.arc),archive_org:Ponyo:https://archive.org/details/ponyofilmcomicvo00haya_0 || archive_org:Ponyo:https://archive.org/details/ponyofilmcomicvo00haya,https://www.springfieldspringfield.co.uk/movie_script.php?movie=ponyo,19753
1650,Dark Feathers: Dance of the Geisha,Dark Feathers: Dance of the Geisha,2024,False,,Hannover House,2026-10-06 16:47,0,transcript_only,,,,,,,0,,,,https://www.springfieldspringfield.co.uk/movie_script.php?movie=dark-feathers-dance-of-the-geisha,28968
1652,War Game,War Game,2024,False,,Submarine Deluxe,2026-10-06 16:47,1,transcript_only,,,,,,,0,,archive_org:err(ValueError: archive.org item has no pdf/txt file),archive_org:War Game:https://archive.org/details/index_20250813,https://www.springfieldspringfield.co.uk/movie_script.php?movie=war-game,82218
1658,Twilight of the Warriors: Walled In,Twilight of the Warriors: Walled In,2024,False,,Well Go USA Entertainment,2026-10-06 16:47,0,transcript_only,,,,,,,0,,,,https://www.springfieldspringfield.co.uk/movie_script.php?movie=twilight-of-the-warriors-walled-in,28414
1660,Good One,Good One,2024,False,,Metrograph Pictures,2026-10-06 16:47,1,transcript_only,,,,,,,0,,archive_org:err(ValueError: archive.org item has no pdf/txt file),archive_org:Good One:https://archive.org/details/GoodOneFinally,https://www.springfieldspringfield.co.uk/movie_script.php?movie=good-one,27188
1662,Dance First,Dance First,2024,False,,Magnolia Pictures,2026-10-06 16:47,1,transcript_only,,,,,,,0,,archive_org:err(HTTPError: 401 Client Error: Unauthorized for url: https://dn790001.ca.),archive_org:Dance First:https://archive.org/details/dancefirstthinkl0000unse,https://www.springfieldspringfield.co.uk/movie_script.php?movie=dance-first,35263
1666,My Penguin Friend,My Penguin Friend,2024,False,,Roadside Attractions,2026-10-06 16:47,0,transcript_only,,,,,,,0,,,,https://www.springfieldspringfield.co.uk/movie_script.php?movie=my-penguin-friend,27407
1668,Skincare,Skincare,2024,False,,IFC Films,2026-10-06 16:47,0,transcript_only,,,,,,,0,,,,https://www.springfieldspringfield.co.uk/movie_script.php?movie=skincare,57158
1670,LiSA LiVE is SMiLE ALWAYS -LANDER-,LiSA LiVE is SMiLE ALWAYS -LANDER-,2024,False,concert_live,Crunchyroll,2026-10-06 16:47,0,non_film,,,,,,,0,,,
1672,The Good Half,The Good Half,2024,False,,Fathom Events,2026-10-06 16:47,0,transcript_only,,,,,,,0,,,,https://www.springfieldspringfield.co.uk/movie_script.php?movie=the-good-half,53369
1674,Red Island,Red Island,2024,False,,Film Movement,2026-10-06 16:47,1,download_failed,,,,,,,0,,archive_org:err(HTTPError: 401 Client Error: Unauthorized for url: https://dn720309.ca.),archive_org:Red Island:https://archive.org/details/redisland0000jimn
1680,Close Your Eyes,Close Your Eyes,2024,False,,Film Movement,2026-10-06 16:47,10,transcript_only,,,,,,,0,,archive_org:err(HTTPError: 401 Client Error: Unauthorized for url: https://dn760106.eu.) ; archive_org:err(HTTPError: 401 Client Error: Unauthorized for url: https://dn760105.eu.) ; archive_org:short(14961) ; archive_org:err(HTTPError: 401 Client Error: Unauthorized for url: https://dn790003.ca.),archive_org:Close Your Eyes:https://archive.org/details/closeyoureyes01joha || archive_org:Close Your Eyes:https://archive.org/details/closeyoureyessoy0000card || archive_org:Close Your Eyes:https://archive.org/details/savefanfiction-9577871-Close_your_eyes_horror_-vallerie_louise || archive_org:Close Your Eyes:https://archive.org/details/closeyoureyes0000morr || archive_org:Close Your Eyes:https://archive.org/details/closeyoureyes00joha || archive_org:Close Your Eyes:https://archive.org/details/closeyoureyes0000ward_o7r7 || archive_org:Close Your Eyes:https://archive.org/details/dojing10-t12 || archive_org:Close Your Eyes:https://archive.org/details/closeyoureyes0000clok || archive_org:Close Your Eyes:https://archive.org/details/closeyoureyesthi0000thom || archive_org:Close Your Eyes:https://archive.org/details/closeyoureyeswhe0000unse,https://www.springfieldspringfield.co.uk/movie_script.php?movie=close-your-eyes,53963
1682,Reagan,Reagan,2024,False,,Showbiz Direct,2026-10-06 16:47,0,transcript_only,,,,,,,0,,,,https://www.springfieldspringfield.co.uk/movie_script.php?movie=reagan,71570
1684,Sight & Sound Presents: Daniel LIVE,Sight & Sound Presents: Daniel LIVE,2024,False,stage_broadcast,Fathom Events,2026-10-06 16:47,0,non_film,,,,,,,0,,,
1686,City of Dreams,City of Dreams,2024,False,,Roadside Attractions,2026-10-06 16:47,7,transcript_only,,,,,,,0,,archive_org:err(HTTPError: 403 Client Error: Forbidden for url: https://ia600101.us.arc) ; archive_org:err(ValueError: archive.org item has no pdf/txt file) ; archive_org:err(HTTPError: 403 Client Error: Forbidden for url: https://ia600909.us.arc) ; archive_org:err(HTTPError: 401 Client Error: Unauthorized for url: https://dn760102.eu.),archive_org:City of Dreams:https://archive.org/details/cityofdreamswhis0000unse || archive_org:City of Dreams:https://archive.org/details/CityOfDreamsThe400YearEpTylerAnbinder || archive_org:City of Dreams:https://archive.org/details/cityofdreams00mart || archive_org:City of Dreams:https://archive.org/details/cityofdreamsnove00swer || archive_org:City of Dreams:https://archive.org/details/cityofdreamsseco0000gill || archive_org:City of Dreams:https://archive.org/details/cityofdreamsadve0000mcca || archive_org:City of Dreams:https://archive.org/details/unset0000unse_t8d0,https://www.springfieldspringfield.co.uk/movie_script.php?movie=city-of-dreams,32361
1688,Shaun of the Dead2024 Re-release,Shaun of the Dead,2024,True,,Focus Features,2026-10-06 16:47,6,ok,scriptslug,shaun of the dead,100.0,ok,https://assets.scriptslug.com/live/pdf/scripts/shaun-of-the-dead-2004.pdf,,118218,scriptslug shaun-of-the-dead-2004,scriptslug:ok,scriptslug:shaun of the dead:https://assets.scriptslug.com/live/pdf/scripts/shaun-of-the-dead-2004.pdf || scriptsonscreen:Shaun of the Dead:https://www.scriptslug.com/script/shaun-of-the-dead-2004 || scriptsonscreen:Shaun of the Dead:http://focusguilds2012.com/sotdscreenplay/download.php?filename=sotd_screenplay.pdf || scriptsonscreen:Shaun of the Dead:http://web.archive.org/web/20130928185921/http://www.focusfeatures.com/interactive/sotd_interactive_screenplay || scriptsonscreen:Shaun of the Dead:http://web.archive.org/web/20210422034436/http://www.script-o-rama.com/movie_scripts/s/shaun-of-the-dead-script.html || archive_org:Shaun of the Dead:https://archive.org/details/shaun-of-the-dead_202606
1694,Seeking Mavis Beacon,Seeking Mavis Beacon,2024,False,,Neon,2026-10-06 16:47,0,transcript_only,,,,,,,0,,,,https://www.springfieldspringfield.co.uk/movie_script.php?movie=seeking-mavis-beacon,83263
1696,Escape,Escape,2024,False,,Well Go USA Entertainment,2026-10-06 16:47,3,ok,archive_org,Escape,100.0,fail,https://archive.org/details/escape-from-la_202609,ocr ,154165,archive.org: Escape from L.A. (1996) screenplay,archive_org:ok,archive_org:Escape:https://archive.org/details/escape-from-la_202609 || archive_org:Escape:https://archive.org/details/escape-from-new-york-043080 || archive_org:Escape:https://archive.org/details/escape-from-alcatraz-1979_202601
1700,The Front Room,The Front Room,2024,False,,A24,2026-10-06 16:47,2,transcript_only,,,,,,,0,,archive_org:err(HTTPError: 401 Client Error: Unauthorized for url: https://dn790006.ca.) ; archive_org:err(HTTPError: 403 Client Error: Forbidden for url: https://ia601502.us.arc),archive_org:The Front Room:https://archive.org/details/frontroom0000mago || archive_org:The Front Room:https://archive.org/details/frontroomartists0000unse,https://www.springfieldspringfield.co.uk/movie_script.php?movie=the-front-room,40288
1702,Red Rooms,Red Rooms,2024,False,,Utopia,2026-10-06 16:47,1,transcript_only,,,,,,,0,,archive_org:err(HTTPError: 401 Client Error: Unauthorized for url: https://dn760101.eu.),archive_org:Red Rooms:https://archive.org/details/redrooms0000dima,https://www.springfieldspringfield.co.uk/movie_script.php?movie=red-rooms,37355
1708,Am I Racist?,Am I Racist?,2024,False,,SDG Releasing,2026-10-06 16:47,0,transcript_only,,,,,,,0,,,,https://www.springfieldspringfield.co.uk/movie_script.php?movie=am-i-racist,81667
1710,Jung Kook: I Am Still,Jung Kook: I Am Still,2024,False,concert_live,Trafalgar Releasing,2026-10-06 16:47,0,non_film,,,,,,,0,,,
1714,Faith of Angels,Faith of Angels,2024,False,,Purdie Distribution,2026-10-06 16:47,0,transcript_only,,,,,,,0,,,,https://www.springfieldspringfield.co.uk/movie_script.php?movie=faith-of-angels,43999
1718,Transformers One,Transformers One,2024,False,,Paramount Pictures,2026-10-06 16:47,5,ok,simplyscripts_award,Transformers One,100.0,ok,https://www.indiewire.com/wp-content/uploads/2024/12/TRANSFORMERS-ONE-FSS.pdf,,128241,"IndieWire The untold origin story of Optimus Prime and Megatron, better known as sworn enemies, but who once were friends bonded like brothers who changed the fate of Cybertron forever. | Undated, Final Shooting script ",simplyscripts_award:ok,simplyscripts_award:Transformers One:https://www.indiewire.com/wp-content/uploads/2024/12/TRANSFORMERS-ONE-FSS.pdf || linkpages:Transformers One:https://www.indiewire.com/wp-content/uploads/2024/12/TRANSFORMERS-ONE-FSS.pdf || archive_org:Transformers One:https://archive.org/details/cbfc-ecinepramaan-100010292400006317 || archive_org:Transformers One:https://archive.org/details/savefanfiction-11701537-Transformers_one_shots-thomasbartlett123 || archive_org:Transformers One:https://archive.org/details/cbfc-ecinepramaan-100010292400006478
1720,The Substance,The Substance,2024,False,,MUBI,2026-10-06 16:47,8,ok,simplyscripts_award,The Substance,100.0,ok,https://s3.documentcloud.org/documents/25444991/the-substance-read-the-screenplay.pdf,,207866," | undated, unspecified draft",simplyscripts_award:ok,"simplyscripts_award:The Substance:https://s3.documentcloud.org/documents/25444991/the-substance-read-the-screenplay.pdf || scriptslug:the substance:https://assets.scriptslug.com/live/pdf/scripts/the-substance-2024.pdf || deadline:The Substance:https://deadline.com/2024/12/the-substance-script-read-the-screenplay-coralie-fargeat-1236193483/ || archive_org:The Substance:https://archive.org/details/the-substance-script-2024 || imsdb:Substance, The:https://imsdb.com/Movie Scripts/Substance, The Script.html || linkpages:The Substance:https://s3.documentcloud.org/documents/25444991/the-substance-read-the-screenplay.pdf || scriptsonscreen:The Substance:https://www.scriptslug.com/script/the-substance-2024 || archive_org:The Substance:https://archive.org/details/the-substance-2024_202504"
1722,Howl's Moving Castle20th Anniversary – Studio Ghibli Fest 2024,Howl's Moving Castle,2024,True,,Fathom Events,2026-10-06 16:47,5,ok,scriptsonscreen,Howl's Moving Castle,100.0,unknown,https://thescriptsavant.com/movies/Howls_Moving_Castle.pdf,wayback,40167,scripts-onscreen: The Script Savant (https://scripts-onscreen.com/movie/howls-moving-castle-script-links/),scriptsonscreen:ok,scriptsonscreen:Howl's Moving Castle:https://thescriptsavant.com/movies/Howls_Moving_Castle.pdf || archive_org:Howl's Moving Castle:https://archive.org/details/howlsmovingcastl0000jone || archive_org:Howl's Moving Castle:https://archive.org/details/howlsmovingcastl0000jone_y0j7 || archive_org:Howl's Moving Castle:https://archive.org/details/howlsmovingcastl00jone || archive_org:Howl's Moving Castle:https://archive.org/details/isbn_9781421500942
1724,The Shade,The Shade,2024,False,,Level 33 Entertainment,2026-10-06 16:47,2,ok_raw_only,archive_org,The Shade,100.0,unknown,https://archive.org/details/the-shade-of-hades-master,,14887,archive.org: The Shade Of Hades by Nick White,archive_org:short(14887) ; archive_org:err(HTTPError: 401 Client Error: Unauthorized for url: https://dn790001.ca.),archive_org:The Shade:https://archive.org/details/the-shade-of-hades-master || archive_org:The Shade:https://archive.org/details/shadeofhishandpr0000unse
1732,Eureka,Eureka,2024,False,,Film Movement,2026-10-06 16:47,1,ok,archive_org,Eureka,100.0,unknown,https://archive.org/details/eureka-501-adventure-plots-to-inspire-game-masters,,1386775,archive.org: Eureka - 501 adventure plots to inspire game masters,archive_org:ok,archive_org:Eureka:https://archive.org/details/eureka-501-adventure-plots-to-inspire-game-masters
1736,Lee,Lee,2024,False,,Roadside Attractions,2026-10-06 16:47,1,ok,archive_org,Lee,100.0,fail,https://archive.org/details/lee-daniels-the-butler,,119241,archive.org: Lee Daniels' The Butler (2013) screenplay,archive_org:ok,archive_org:Lee:https://archive.org/details/lee-daniels-the-butler
1746,Look Back,Look Back,2024,False,,GKIDS,2026-10-06 16:47,0,transcript_only,,,,,,,0,,,,https://www.springfieldspringfield.co.uk/movie_script.php?movie=look-back,13448
1748,The Outrun,The Outrun,2024,False,,Sony Pictures Releasing,2026-10-06 16:47,4,ok,simplyscripts_award,The Outrun,100.0,ok,https://www.sonyclassics.com/assets/screenplays/theoutrun/theoutrun-screenplay.pdf,,131159,"Sony Classics After living life on the edge in London, Rona attempts to come to terms with her troubled past. Hoping to heal, she returns to the wild beauty of Scotland's Orkney Islands where she grew up. | undated, unspecified draft",simplyscripts_award:ok,simplyscripts_award:The Outrun:https://www.sonyclassics.com/assets/screenplays/theoutrun/theoutrun-screenplay.pdf || scriptslug:the outrun:https://assets.scriptslug.com/live/pdf/scripts/the-outrun-2024.pdf || linkpages:The Outrun:https://www.sonyclassics.com/assets/screenplays/theoutrun/theoutrun-screenplay.pdf || scriptsonscreen:The Outrun:https://www.scriptslug.com/script/the-outrun-2024
1754,Things Will Be Different,Things Will Be Different,2024,False,,Magnolia Pictures,2026-10-06 16:47,1,download_failed,,,,,,,0,,archive_org:err(HTTPError: 401 Client Error: Unauthorized for url: https://dn760108.eu.),archive_org:Things Will Be Different:https://archive.org/details/thingswillbediff00bing
1758,My Hero Academia: You're Next,My Hero Academia: You're Next,2024,False,,Toho,2026-10-06 16:47,0,transcript_only,,,,,,,0,,,,https://www.springfieldspringfield.co.uk/movie_script.php?movie=my-hero-academia-youre-next,49444
1760,The Apprentice,The Apprentice,2024,False,,Briarcliff Entertainment,2026-10-06 16:47,12,ok,simplyscripts_award,The Apprentice,100.0,ok,https://s3.documentcloud.org/documents/25421507/the-apprentice-read-the-screenplay.pdf,,140257," | January 7, 2024 revised draft ",simplyscripts_award:ok,simplyscripts_award:The Apprentice:https://s3.documentcloud.org/documents/25421507/the-apprentice-read-the-screenplay.pdf || scriptslug:the apprentice:https://assets.scriptslug.com/live/pdf/scripts/the-apprentice-2024.pdf || deadline:The Apprentice:https://deadline.com/2024/11/the-apprentice-script-read-the-screenplay-trump-movie-1236187251/ || linkpages:The Apprentice:https://s3.documentcloud.org/documents/25421507/the-apprentice-read-the-screenplay.pdf || archive_org:The Apprentice:https://archive.org/details/apprentice0000will_k0u4 || archive_org:The Apprentice:https://archive.org/details/bwb_Y0-AAK-323 || archive_org:The Apprentice:https://archive.org/details/fbf_project30_best || archive_org:The Apprentice:https://archive.org/details/apprentice00libb || archive_org:The Apprentice:https://archive.org/details/the-apprentice-5.4 || archive_org:The Apprentice:https://archive.org/details/bim_eighteenth-century_the-apprentice-turned-ma_more-hannah_1796 || archive_org:The Apprentice:https://archive.org/details/dli.ernet.449396 || archive_org:The Apprentice:https://archive.org/details/apprentice00moli
1762,Six Days in August,Six Days in August,2024,False,,Susan Tuckett Media,2026-10-06 16:47,0,transcript_only,,,,,,,0,,,,https://www.springfieldspringfield.co.uk/movie_script.php?movie=six-days-in-august,50445
1768,Hocus Pocus2024 Re-release,Hocus Pocus,2024,True,,Walt Disney Studios Motion Pictures,2026-10-06 16:47,5,ok,scriptslug,hocus pocus,100.0,ok,https://assets.scriptslug.com/live/pdf/scripts/hocus-pocus-1993.pdf,,117835,scriptslug hocus-pocus-1993,scriptslug:ok,scriptslug:hocus pocus:https://assets.scriptslug.com/live/pdf/scripts/hocus-pocus-1993.pdf || archive_org:Hocus Pocus:https://archive.org/details/hocus-pocus-2_20260818 || archive_org:Hocus Pocus:https://archive.org/details/hocus-pocus-1993 || scriptsonscreen:Hocus Pocus:https://www.scriptslug.com/script/hocus-pocus-1993 || scriptsonscreen:Hocus Pocus:http://web.archive.org/web/20210426170751/http://www.script-o-rama.com/movie_scripts/h/hocus-pocus-script-transcript-witches.html
1770,Anora,Anora,2024,False,,Neon,2026-10-06 16:47,8,ok,simplyscripts_award,Anora,100.0,ok,https://s3.documentcloud.org/documents/25469615/anora-read-the-screenplay.pdf,,122070,"Deadline A young sex worker from Brooklyn, meets and impulsively marries the son of an oligarch. Once the news reaches Russia, her fairytale is threatened as his parents set out for New York to get the marriage annulled. | April, 22, 2023 Green revised draft",simplyscripts_award:ok,simplyscripts_award:Anora:https://s3.documentcloud.org/documents/25469615/anora-read-the-screenplay.pdf || scriptslug:anora:https://assets.scriptslug.com/live/pdf/scripts/anora-2024.pdf || archive_org:Anora:https://archive.org/details/anora.-2024-en || imsdb:Anora:https://imsdb.com/Movie Scripts/Anora Script.html || linkpages:Anora:https://s3.documentcloud.org/documents/25469615/anora-read-the-screenplay.pdf || scriptsonscreen:Anora:https://www.scriptslug.com/script/anora-2024 || archive_org:Anora:https://archive.org/details/gov.uscourts.nysd.529133 || archive_org:Anora:https://archive.org/details/gov.uscourts.flsb.755288
1772,Exhibiting Forgiveness,Exhibiting Forgiveness,2024,False,,Roadside Attractions,2026-10-06 16:47,0,transcript_only,,,,,,,0,,,,https://www.springfieldspringfield.co.uk/movie_script.php?movie=exhibiting-forgiveness,49943
1774,Ghostbusters2024 Re-release,Ghostbusters,2024,True,,Sony Pictures Releasing,2026-10-06 16:47,9,ok,scriptslug,ghostbusters,100.0,ok,https://assets.scriptslug.com/live/pdf/scripts/ghostbusters-1984.pdf,,140173,scriptslug ghostbusters-1984,scriptslug:ok,scriptslug:ghostbusters:https://assets.scriptslug.com/live/pdf/scripts/ghostbusters-1984.pdf || simplyscripts:Ghostbusters:http://www.scifiscripts.com/scripts/Ghostbusters.txt || archive_org:Ghostbusters:https://archive.org/details/ghostbusters-1984-continuity-1984.06.15 || archive_org:Ghostbusters:https://archive.org/details/ghostbusters_202201 || archive_org:Ghostbusters:https://archive.org/details/gbvg_script2008-02-11 || imsdb:Ghostbusters:https://imsdb.com/Movie Scripts/Ghostbusters Script.html || scriptsonscreen:Ghostbusters:https://www.scriptslug.com/script/ghostbusters-1989 || scriptsonscreen:Ghostbusters:http://www.imsdb.com/scripts/Ghostbusters.html || scriptsonscreen:Ghostbusters:http://web.archive.org/web/20040216180507/http:/members.tripod.com/Adam_P_B/ghostbusters/script.html
1776,Kensuke's Kingdom,Kensuke's Kingdom,2024,False,,Blue Fox Entertainment,2026-10-06 16:47,7,download_failed,,,,,,,0,,archive_org:err(HTTPError: 403 Client Error: Forbidden for url: https://ia902905.us.arc) ; archive_org:err(HTTPError: 401 Client Error: Unauthorized for url: https://dn790007.ca.) ; archive_org:err(HTTPError: 401 Client Error: Unauthorized for url: https://dn760105.eu.) ; archive_org:err(HTTPError: 401 Client Error: Unauthorized for url: https://dn790000.ca.),archive_org:Kensuke's Kingdom:https://archive.org/details/kensukeskingdom00morp || archive_org:Kensuke's Kingdom:https://archive.org/details/kensukeskingdom0000morp_r9b1 || archive_org:Kensuke's Kingdom:https://archive.org/details/isbn_9781417620333 || archive_org:Kensuke's Kingdom:https://archive.org/details/kensukeskingdom0000morp_p7g6 || archive_org:Kensuke's Kingdom:https://archive.org/details/kensukeskingdom00mich || archive_org:Kensuke's Kingdom:https://archive.org/details/kensukeskingdom0000morp || archive_org:Kensuke's Kingdom:https://archive.org/details/kensukeskingdom00mich_0
1780,The Last Video Store,The Last Video Store,2024,False,,Black Fawn Distribution,2026-10-06 16:47,0,transcript_only,,,,,,,0,,,,https://www.springfieldspringfield.co.uk/movie_script.php?movie=the-last-video-store,42277
1782,Conclave,Conclave,2024,False,,Focus Features,2026-10-06 16:47,6,ok,simplyscripts_award,Conclave,100.0,ok,https://s3.documentcloud.org/documents/25444705/conclave-read-the-screenplay.pdf,,159913,"Deadline When Cardinal Lawrence is tasked with leading one of the world's most secretive and ancient events, selecting a new Pope, he finds himself at the center of a conspiracy that could shake the very foundation of the Catholic Church. | undated, unspecified draft",simplyscripts_award:ok,simplyscripts_award:Conclave:https://s3.documentcloud.org/documents/25444705/conclave-read-the-screenplay.pdf || scriptslug:conclave:https://assets.scriptslug.com/live/pdf/scripts/conclave-2024.pdf || deadline:Conclave:https://deadline.com/2024/12/conclave-script-read-the-screenplay-peter-straughan-1236193425/ || archive_org:Conclave:https://archive.org/details/conclave-script-2024 || linkpages:Conclave:https://s3.documentcloud.org/documents/25444705/conclave-read-the-screenplay.pdf || scriptsonscreen:Conclave:https://www.scriptslug.com/script/conclave-2024
1784,Let's Start a Cult,Let's Start a Cult,2024,False,,Dark Sky Films,2026-10-06 16:47,0,transcript_only,,,,,,,0,,,,https://www.springfieldspringfield.co.uk/movie_script.php?movie=lets-start-a-cult,63657
1786,Hocus Pocus2020 Re-release,Hocus Pocus,2024,True,,Walt Disney Studios Motion Pictures,2026-10-06 16:47,5,ok,scriptslug,hocus pocus,100.0,ok,https://assets.scriptslug.com/live/pdf/scripts/hocus-pocus-1993.pdf,,117835,scriptslug hocus-pocus-1993,scriptslug:ok,scriptslug:hocus pocus:https://assets.scriptslug.com/live/pdf/scripts/hocus-pocus-1993.pdf || archive_org:Hocus Pocus:https://archive.org/details/hocus-pocus-2_20260818 || archive_org:Hocus Pocus:https://archive.org/details/hocus-pocus-1993 || scriptsonscreen:Hocus Pocus:https://www.scriptslug.com/script/hocus-pocus-1993 || scriptsonscreen:Hocus Pocus:http://web.archive.org/web/20210426170751/http://www.script-o-rama.com/movie_scripts/h/hocus-pocus-script-transcript-witches.html
1790,Candy Mountain,Candy Mountain,2024,False,,Film Movement,2026-10-06 16:47,2,download_failed,,,,,,,0,,archive_org:err(ValueError: archive.org item has no pdf/txt file) ; archive_org:err(ValueError: archive.org item has no pdf/txt file),archive_org:Candy Mountain:https://archive.org/details/CandyMountainMassacre2Mockworld || archive_org:Candy Mountain:https://archive.org/details/CandyMountainMassacre
1794,Here,Here,2024,False,,Sony Pictures Releasing,2026-10-06 16:47,1,ok,archive_org,Here,100.0,unknown,https://archive.org/details/HereThereAnywhere,,62426,"archive.org: Here, There and Anywhere",archive_org:ok,archive_org:Here:https://archive.org/details/HereThereAnywhere
1798,Hitpig!,Hitpig!,2024,False,,Viva Pictures,2026-10-06 16:47,0,transcript_only,,,,,,,0,,,,https://www.springfieldspringfield.co.uk/movie_script.php?movie=hitpig,47961
1800,A Real Pain,A Real Pain,2024,False,,Searchlight Pictures,2026-10-06 16:47,7,ok,simplyscripts_award,A Real Pain,100.0,ok,https://assets.debut.disney.com/documents/A%20REAL%20PAIN_Shooting%20Script%20FINAL%20copy.pdf,,97788," | undated, unspecified draft",simplyscripts_award:ok,simplyscripts_award:A Real Pain:https://assets.debut.disney.com/documents/A%20REAL%20PAIN_Shooting%20Script%20FINAL%20copy.pdf || scriptslug:a real pain:https://assets.scriptslug.com/live/pdf/scripts/a-real-pain-2024.pdf || deadline:A Real Pain:https://deadline.com/2024/12/a-real-pain-script-read-the-screenplay-jesse-eisenberg-movie-1236194092/ || archive_org:A Real Pain:https://archive.org/details/a-real-pain-script-2024 || linkpages:A REAL PAIN:https://assets.debut.disney.com/documents/A%20REAL%20PAIN_Shooting%20Script%20FINAL%20copy.pdf || scriptsonscreen:A Real Pain:https://www.scriptslug.com/script/a-real-pain-2024 || imsdb:A Real Pain:https://imsdb.com/Movie Scripts/A Real Pain Script.html
1806,Starring Jerry as Himself,Starring Jerry as Himself,2024,False,,Greenwich Entertainment,2026-10-06 16:47,0,transcript_only,,,,,,,0,,,,https://www.springfieldspringfield.co.uk/movie_script.php?movie=starring-jerry-as-himself,15604
1810,Overlord: The Sacred Kingdom,Overlord: The Sacred Kingdom,2024,False,,Sony Pictures Releasing,2026-10-06 16:47,0,transcript_only,,,,,,,0,,,,https://www.springfieldspringfield.co.uk/movie_script.php?movie=overlord-the-sacred-kingdom,77453
1812,Weekend in Taipei,Weekend in Taipei,2024,False,,Falling Forward Films,2026-10-06 16:47,0,transcript_only,,,,,,,0,,,,https://www.springfieldspringfield.co.uk/movie_script.php?movie=weekend-in-taipei,45538
1814,Bird,Bird,2024,False,,MUBI,2026-10-06 16:47,2,ok_raw_only,scriptsonscreen,Bird,100.0,unknown,https://www.scripts.com/script/bird_4114,,13145,scripts-onscreen: scripts.com (https://scripts-onscreen.com/movie/bird-script-links/),scriptsonscreen:short(10711) ; archive_org:short(13145),scriptsonscreen:Bird:https://www.scripts.com/script/bird_4114 || archive_org:Bird:https://archive.org/details/bird-and-cup-pilot-script-v-0.7
1818,Hippo,Hippo,2024,False,,,2026-10-06 16:47,4,ok_raw_only,archive_org,Hippo,100.0,unknown,https://archive.org/details/bwb_Y0-BWE-639,,408,archive.org: HIPPO,archive_org:err(HTTPError: 401 Client Error: Unauthorized for url: https://dn721800.ca.) ; archive_org:short(408) ; archive_org:err(HTTPError: 403 Client Error: Forbidden for url: https://ia802807.us.arc) ; archive_org:err(HTTPError: 401 Client Error: Unauthorized for url: https://dn760003.eu.),archive_org:Hippo:https://archive.org/details/bwb_Y0-BWE-639 || archive_org:Hippo:https://archive.org/details/cbfc-ecinepramaan-100010292400000960 || archive_org:Hippo:https://archive.org/details/hippomonkey0000yung || archive_org:Hippo:https://archive.org/details/hippopottymouth0000lefk
1820,"Hello, Love, Again","Hello, Love, Again",2024,False,,,2026-10-06 16:47,0,transcript_only,,,,,,,0,,,,https://www.springfieldspringfield.co.uk/movie_script.php?movie=hello-love-again,45003
1822,Omar and Cedric: If This Ever Gets Weird,Omar and Cedric: If This Ever Gets Weird,2024,False,,Oscilloscope,2026-10-06 16:47,0,transcript_only,,,,,,,0,,,,https://www.springfieldspringfield.co.uk/movie_script.php?movie=omar-and-cedric-if-this-ever-gets-weird,86385
1826,Wicked,Wicked,2024,False,,Universal Pictures,2026-10-06 16:47,7,ok,simplyscripts_award,Wicked,100.0,ok,https://s3.documentcloud.org/documents/25454766/wicked-read-the-screenplay.pdf,,143698,"Deadline Elphaba, a misunderstood young woman because of her green skin, and Glinda, a popular girl, become friends at Shiz University in the Land of Oz. After an encounter with the Wonderful Wizard of Oz, their friendship reaches a crossroads. | undated, unspecified draft",simplyscripts_award:ok,simplyscripts_award:Wicked:https://s3.documentcloud.org/documents/25454766/wicked-read-the-screenplay.pdf || scriptslug:wicked:https://assets.scriptslug.com/live/pdf/scripts/wicked-2024.pdf || linkpages:Wicked:https://s3.documentcloud.org/documents/25454766/wicked-read-the-screenplay.pdf || scriptsonscreen:Wicked:https://www.scriptslug.com/script/wicked-2024 || archive_org:Wicked:https://archive.org/details/WickedBroadwayMusical11OzFullPlayScript || archive_org:Wicked:https://archive.org/details/wicked-part1-screenplay || imsdb:Wicked:https://imsdb.com/Movie Scripts/Wicked Script.html
1828,Gladiator II,Gladiator II,2024,False,,Paramount Pictures,2026-10-06 16:47,5,ok,simplyscripts_award,Gladiator II,100.0,ok,https://s3.documentcloud.org/documents/25429395/gladiator-ii-read-the-screenplay.pdf,,158694,"Deadline After his home is conquered by the tyrannical emperors who now lead Rome, Lucius is forced to enter the Colosseum and must look to his past to find strength to return the glory of Rome to its people. | November 26, 2023 Shooting draft ",simplyscripts_award:ok,simplyscripts_award:Gladiator II:https://s3.documentcloud.org/documents/25429395/gladiator-ii-read-the-screenplay.pdf || scriptslug:gladiator ii:https://assets.scriptslug.com/live/pdf/scripts/gladiator-ii-2024.pdf || linkpages:Gladiator II:https://s3.documentcloud.org/documents/25429395/gladiator-ii-read-the-screenplay.pdf || scriptsonscreen:Gladiator II:https://www.scriptslug.com/script/gladiator-ii-2024 || archive_org:Gladiator II:https://archive.org/details/cbfc-ecinepramaan-100010292400008159
1830,Queer,Queer,2024,False,,A24,2026-10-06 16:47,4,ok,simplyscripts_award,Queer,100.0,ok,https://a24awards.com/assets/Queer-screenplay.pdf,,134451," | undated, unspecified draft",simplyscripts_award:ok,simplyscripts_award:Queer:https://a24awards.com/assets/Queer-screenplay.pdf || deadline:Queer:https://deadline.com/2024/12/queer-script-read-the-screenplay-justin-kuritzkes-william-burroughs-1236204355/ || archive_org:Queer:https://archive.org/details/queer_202606 || linkpages:Queer:https://a24awards.com/assets/Queer-screenplay.pdf
1832,Sabbath Queen,Sabbath Queen,2024,False,,,2026-10-06 16:47,1,download_failed,,,,,,,0,,archive_org:err(HTTPError: 401 Client Error: Unauthorized for url: https://dn760003.eu.),archive_org:Sabbath Queen:https://archive.org/details/sabbathqueen0000unse
1836,The Black Sea,The Black Sea,2024,False,,Metrograph Pictures,2026-10-06 16:47,1,download_failed,,,,,,,0,,archive_org:err(HTTPError: 403 Client Error: Forbidden for url: https://ia800501.us.arc),archive_org:The Black Sea:https://archive.org/details/blackseabetweene0000berg
1840,Killer Unicorn,Killer Unicorn,2024,True,,Indican Pictures,2026-10-06 16:47,0,transcript_only,,,,,,,0,,,,https://www.springfieldspringfield.co.uk/movie_script.php?movie=killer-unicorn,39131
1848,Laufey's A Night at the Symphony: Hollywood Bowl,Laufey's A Night at the Symphony: Hollywood Bowl,2024,False,concert_live,Trafalgar Releasing,2026-10-06 16:47,0,non_film,,,,,,,0,,,
1850,The Return,The Return,2024,False,,Bleecker Street Media,2026-10-06 16:47,2,ok,archive_org,The Return,100.0,unknown,https://archive.org/details/the-return-of-the-texas-chainsaw-massacre-screenplay,ocr ,144843,archive.org: The Return Of The Texas Chainsaw Massacre (Original Screenplay by Kim Henkel),archive_org:ok,archive_org:The Return:https://archive.org/details/the-return-of-the-texas-chainsaw-massacre-screenplay || archive_org:The Return:https://archive.org/details/texas-chainsaw-massacre-4-the-next-generation-1994-1992-05-11
1852,Get Away,Get Away,2024,False,,IFC Films,2026-10-06 16:47,0,transcript_only,,,,,,,0,,,,https://www.springfieldspringfield.co.uk/movie_script.php?movie=get-away,39619
1854,Day of the Fight,Day of the Fight,2024,False,,Falling Forward Films,2026-10-06 16:47,3,ok,simplyscripts_award,Day of the Fight,100.0,ok,https://deadline.com/wp-content/uploads/2025/01/Day-Of-The-Fight-Read-The-Screenplay.pdf,ocr ,99390,"Deadline Follows a once renowned boxer as he takes a redemptive journey through his past and present, on the day of his first fight since he left prison. | December 5, 2022 unspecified draft",simplyscripts_award:ok,simplyscripts_award:Day of the Fight:https://deadline.com/wp-content/uploads/2025/01/Day-Of-The-Fight-Read-The-Screenplay.pdf || scriptslug:day of the fight:https://assets.scriptslug.com/live/pdf/scripts/day-of-the-fight-2024.pdf || linkpages:Day of the Fight:https://deadline.com/wp-content/uploads/2025/01/Day-Of-The-Fight-Read-The-Screenplay.pdf
1856,The End,The End,2024,False,,Neon,2026-10-06 16:47,1,ok,archive_org,The End,100.0,fail,https://archive.org/details/the-end-1978,ocr ,131720,archive.org: The End (1978) screenplay,archive_org:ok,archive_org:The End:https://archive.org/details/the-end-1978
1858,Bad Shabbos,Bad Shabbos,2024,False,,Menemsha Films,2026-10-06 16:47,0,transcript_only,,,,,,,0,,,,https://www.springfieldspringfield.co.uk/movie_script.php?movie=bad-shabbos,63084
1860,Hounds,Hounds,2024,False,,Indican Pictures,2026-10-06 16:47,1,ok,archive_org,Hounds,100.0,unknown,https://archive.org/details/houndsgentlemenp00forb,,571700,"archive.org: ""Hounds, Gentlemen, please!""",archive_org:ok,archive_org:Hounds:https://archive.org/details/houndsgentlemenp00forb
1862,Kraven the Hunter,Kraven the Hunter,2024,False,,Sony Pictures Releasing,2026-10-06 16:47,4,ok_raw_only,archive_org,Kraven the Hunter,100.0,unknown,https://archive.org/details/kraven-the-hunter-netflix,,23896,archive.org: Kraven The Hunter Netflix Us 7,archive_org:short(23896) ; archive_org:short(1071) ; archive_org:short(512) ; archive_org:err(HTTPError: 500 Server Error: Internal Server Error for url: https://dn7),archive_org:Kraven the Hunter:https://archive.org/details/kraven-the-hunter-netflix || archive_org:Kraven the Hunter:https://archive.org/details/cbfc-ecinepramaan-100010292400008618 || archive_org:Kraven the Hunter:https://archive.org/details/cbfc-ecinepramaan-100010292400009113 || archive_org:Kraven the Hunter:https://archive.org/details/cbfc-ecinepramaan-100010292400009198
1864,White Christmas2024 Re-release (70th Anniversary),White Christmas,2024,True,,Fathom Events,2026-10-06 16:47,10,ok,dailyscript,White Christmas,100.0,ok,https://www.dailyscript.com/scripts/White%20Christmas.txt,,180039,"White Christmas by Norman Krasna, Melvin Frank, Norman Panama 1954 final white 7/7/53 182 kb html format imdb",dailyscript:ok,dailyscript:White Christmas:https://www.dailyscript.com/scripts/White%20Christmas.txt || simplyscripts:White Christmas:https://www.dailyscript.com/scripts/White%20Christmas.txt || scriptsonscreen:White Christmas:https://thescriptsavant.com/movies/White_Christmas.pdf || scriptsonscreen:White Christmas:http://www.dailyscript.com/scripts/whitechristmas.html || scriptsonscreen:White Christmas:http://www.dailyscript.com/scripts/White%20Christmas.txt || scriptsonscreen:White Christmas:http://www.imsdb.com/scripts/White-Christmas.html || archive_org:White Christmas:https://archive.org/details/whitechristmaswi0000fraz_n9t3 || archive_org:White Christmas:https://archive.org/details/whitechristmasin0000pemb || archive_org:White Christmas:https://archive.org/details/whitechristmaspi0000brun_u7m3 || archive_org:White Christmas:https://archive.org/details/whitechristmas0000fann
1866,A Silent Voice: The Movie2024 Re-release,A Silent Voice: The Movie,2024,True,,GKIDS,2026-10-06 16:47,0,transcript_only,,,,,,,0,,,,https://www.springfieldspringfield.co.uk/movie_script.php?movie=a-silent-voice-the-movie,46770
1868,Nickel Boys,Nickel Boys,2024,False,,Amazon MGM Studios,2026-10-06 16:47,5,ok,scriptslug,nickel boys,100.0,ok,https://assets.scriptslug.com/live/pdf/scripts/nickel-boys-2024.pdf,,173135,scriptslug nickel-boys-2024,scriptslug:ok,scriptslug:nickel boys:https://assets.scriptslug.com/live/pdf/scripts/nickel-boys-2024.pdf || deadline:Nickel Boys:https://deadline.com/2025/01/nickel-boys-script-read-the-screenplay-ramell-ross-joslyn-barnes-1236244314/ || archive_org:Nickel Boys:https://archive.org/details/nickel-boys-script-2024 || imsdb:Nickel Boys:https://imsdb.com/Movie Scripts/Nickel Boys Script.html || scriptsonscreen:Nickel Boys:https://www.scriptslug.com/script/nickel-boys-2024
1872,Mufasa: The Lion King,Mufasa: The Lion King,2024,False,,Walt Disney Studios Motion Pictures,2026-10-06 16:47,5,ok_raw_only,archive_org,Mufasa: The Lion King,100.0,unknown,https://archive.org/details/cbfc-ecinepramaan-100010292400008574,,396,archive.org: MUFASA: THE LION KING AJRUN DAS,archive_org:short(396) ; archive_org:short(1098) ; archive_org:short(403) ; archive_org:short(1106),archive_org:Mufasa: The Lion King:https://archive.org/details/cbfc-ecinepramaan-100010292400008574 || archive_org:Mufasa: The Lion King:https://archive.org/details/cbfc-ecinepramaan-100010292400009197 || archive_org:Mufasa: The Lion King:https://archive.org/details/cbfc-ecinepramaan-100010292400008569 || archive_org:Mufasa: The Lion King:https://archive.org/details/cbfc-ecinepramaan-100010292400009229 || archive_org:Mufasa: The Lion King:https://archive.org/details/cbfc-ecinepramaan-100010292400008960
1874,A Complete Unknown,A Complete Unknown,2024,False,,Searchlight Pictures,2026-10-06 16:47,7,ok,simplyscripts_award,A Complete Unknown,100.0,ok,https://s3.documentcloud.org/documents/25476291/a-complete-unknown-read-the-screenplay.pdf,,167972,"Deadline At the Newport Folk Festival in 1965, a young Bob Dylan shakes up his act on the folk music scene by going electric and siring rock as the voice of a generation | undated, unspecified draft",simplyscripts_award:ok,simplyscripts_award:A Complete Unknown:https://s3.documentcloud.org/documents/25476291/a-complete-unknown-read-the-screenplay.pdf || scriptslug:a complete unknown:https://assets.scriptslug.com/live/pdf/scripts/a-complete-unknown-2024.pdf || deadline:A Complete Unknown:https://deadline.com/2025/01/a-complete-unknown-script-read-the-screenplay-bob-dylan-movie-1236245828/ || linkpages:A Complete Unknown:https://s3.documentcloud.org/documents/25476291/a-complete-unknown-read-the-screenplay.pdf || linkpages:A Complete Unknown:https://assets.debut.disney.com/documents/ACU%20Final%20Shooting%20Script%20Clean%20Pink.pdf || scriptsonscreen:A Complete Unknown:https://www.scriptslug.com/script/a-complete-unknown-2024 || archive_org:A Complete Unknown:https://archive.org/details/cbfc-ecinepramaan-100010292500000941
1876,Babygirl,Babygirl,2024,False,,A24,2026-10-06 16:47,7,ok,simplyscripts_award,Babygirl,100.0,ok,https://a24awards.com/assets/Babygirl-screenplay.pdf,,105740," | undated, unspecified draft",simplyscripts_award:ok,simplyscripts_award:Babygirl:https://a24awards.com/assets/Babygirl-screenplay.pdf || scriptslug:babygirl:https://assets.scriptslug.com/live/pdf/scripts/babygirl-2024.pdf || deadline:Babygirl:https://deadline.com/2025/01/babygirl-script-read-the-screenplay-halina-reijn-1236249438/ || linkpages:Babygirl:https://a24awards.com/assets/Babygirl-screenplay.pdf || archive_org:Babygirl:https://archive.org/details/babygirl_202212 || archive_org:Babygirl:https://archive.org/details/gov.uscourts.ncmb.194960 || archive_org:Babygirl:https://archive.org/details/cbfc-ecinepramaan-100010292500000705
1878,The Brutalist,The Brutalist,2024,False,,A24,2026-10-06 16:47,6,ok,simplyscripts_award,The Brutalist,100.0,ok,https://a24awards.com/assets/The-Brutalist-screenplay.pdf,,155842," | March 23, 2024 final shooting draft",simplyscripts_award:ok,"simplyscripts_award:The Brutalist:https://a24awards.com/assets/The-Brutalist-screenplay.pdf || scriptslug:the brutalist:https://assets.scriptslug.com/live/pdf/scripts/the-brutalist-2024.pdf || archive_org:The Brutalist:https://archive.org/details/the-brutalist-script-2024 || imsdb:Brutalist, The:https://imsdb.com/Movie Scripts/Brutalist, The Script.html || linkpages:The Brutalist:https://a24awards.com/assets/The-Brutalist-screenplay.pdf || scriptsonscreen:The Brutalist:https://www.scriptslug.com/script/the-brutalist-2024"
1880,Los Frikis,Los Frikis,2024,False,,Falling Forward Films,2026-10-06 16:47,1,ok,archive_org,Los Frikis,100.0,unknown,https://archive.org/details/los-geeks-de-la-tierra-deben-irse,,109516,archive.org: ¡Los frikis de la tierra deben ir! (Español),archive_org:ok,archive_org:Los Frikis:https://archive.org/details/los-geeks-de-la-tierra-deben-irse
1882,The Count of Monte Cristo,The Count of Monte Cristo,2024,False,,The Samuel Goldwyn Company,2026-10-06 16:47,18,ok,scriptsonscreen,The Count of Monte Cristo,100.0,unknown,https://www.scripts.com/script/the_count_of_monte_cristo_5965,,1348864,scripts-onscreen: scripts.com (https://scripts-onscreen.com/movie/the-count-of-monte-cristo-script-links/),scriptsonscreen:short(10908) ; archive_org:ok,scriptsonscreen:The Count of Monte Cristo:https://www.scripts.com/script/the_count_of_monte_cristo_5965 || archive_org:The Count of Monte Cristo:https://archive.org/details/countofmontecris0002vari_z6t5 || archive_org:The Count of Monte Cristo:https://archive.org/details/TheCountofMonte-Cristo_201801 || archive_org:The Count of Monte Cristo:https://archive.org/details/bwb_KU-271-329 || archive_org:The Count of Monte Cristo:https://archive.org/details/bwb_S0-CJF-615 || archive_org:The Count of Monte Cristo:https://archive.org/details/bwb_S0-CBC-429 || archive_org:The Count of Monte Cristo:https://archive.org/details/bwb_T5-CWR-250 || archive_org:The Count of Monte Cristo:https://archive.org/details/countofmontecris02duma || archive_org:The Count of Monte Cristo:https://archive.org/details/countmontecrist03dumagoog || archive_org:The Count of Monte Cristo:https://archive.org/details/countmontecrist05dumagoog || archive_org:The Count of Monte Cristo:https://archive.org/details/countofmontecris0000alex_j2e3 || archive_org:The Count of Monte Cristo:https://archive.org/details/countofmontecris0000alex_z6n2 || archive_org:The Count of Monte Cristo:https://archive.org/details/bwb_S0-BGO-704 || archive_org:The Count of Monte Cristo:https://archive.org/details/countofmontecris04duma || archive_org:The Count of Monte Cristo:https://archive.org/details/bwb_KU-045-905 || archive_org:The Count of Monte Cristo:https://archive.org/details/asl-617f9cd55de95391b52a0d6a1c9b6f0141c9a31aa5985a6f35a310ec11266a8b || archive_org:The Count of Monte Cristo:https://archive.org/details/asl-7ad11557123390ab3da2c268c9311989971d8d19dad526af6c94d19953681706 || archive_org:The Count of Monte Cristo:https://archive.org/details/asl-f64c194038cec0ad8aef4c2e52d2da1fdce4a9fc5cb770c430569101e01883dc
1884,Rear Window,Rear Window,2024,True,,Paramount Pictures,2026-10-06 16:47,13,ok,scriptslug,rear window,100.0,ok,https://assets.scriptslug.com/live/pdf/scripts/rear-window-1954.pdf,ocr ,247730,scriptslug rear-window-1954,scriptslug:ok,"scriptslug:rear window:https://assets.scriptslug.com/live/pdf/scripts/rear-window-1954.pdf || simplyscripts:Rear Window:https://www.dailyscript.com/scripts/rearwindow.pdf || archive_org:Rear Window:https://archive.org/details/rear-window-1954_202507 || imsdb:Rear Window:https://imsdb.com/Movie Scripts/Rear Window Script.html || dailyscript:Rear Window:https://www.dailyscript.com/scripts/rearwindow.pdf || dailyscript:Rear Window:https://www.dailyscript.com/scripts/Rear+Window.txt || simplyscripts:Rear Window:https://www.dailyscript.com/scripts/Rear+Window.txt || scriptsonscreen:Rear Window:http://www.dailyscript.com/scripts/rearwindow.pdf || scriptsonscreen:Rear Window:https://www.scriptslug.com/script/rear-window-1954 || scriptsonscreen:Rear Window:http://www.dailyscript.com/scripts/Rear+Window.txt || scriptsonscreen:Rear Window:http://www.hitchcockwiki.com/wiki/Scripts:_Rear_Window_%28final_draft,_01/Dec/1953%29 || scriptsonscreen:Rear Window:http://www.imsdb.com/scripts/Rear-Window.html || scriptsonscreen:Rear Window:http://web.archive.org/web/20200921175556/http://www.script-o-rama.com/movie_scripts/r/rear-window-script-transcript-hitchcock.html"
1886,How the Grinch Stole Christmas,How the Grinch Stole Christmas,2024,True,,Universal Pictures,2026-10-06 16:47,4,ok,scriptslug,how the grinch stole christmas,100.0,ok,https://assets.scriptslug.com/live/pdf/scripts/how-the-grinch-stole-christmas-2000.pdf,,147867,scriptslug how-the-grinch-stole-christmas-2000,scriptslug:ok,scriptslug:how the grinch stole christmas:https://assets.scriptslug.com/live/pdf/scripts/how-the-grinch-stole-christmas-2000.pdf || archive_org:How the Grinch Stole Christmas:https://archive.org/details/vofas0uwuketolubarus7axob || scriptsonscreen:How the Grinch Stole Christmas:https://www.scriptslug.com/script/how-the-grinch-stole-christmas-2000 || scriptsonscreen:How the Grinch Stole Christmas:http://web.archive.org/web/20211006184301/http://www.script-o-rama.com/movie_scripts/g/grinch-script-transcript-jim-carrey.html
1888,Back to the Future Part II,Back to the Future Part II,2024,True,,Universal Pictures,2026-10-06 16:47,7,ok,archive_org,Back to the Future Part II,100.0,ok,https://archive.org/details/Back_to_the_Future_Part_II_1990_Image_Works_a2,ocr ,63212,archive.org: Back to the Future Part II (1990)(Image Works)[a2],archive_org:ok,archive_org:Back to the Future Part II:https://archive.org/details/Back_to_the_Future_Part_II_1990_Image_Works_a2 || archive_org:Back to the Future Part II:https://archive.org/details/Back_to_the_Future_Part_II_1990_Image_Works_a || archive_org:Back to the Future Part II:https://archive.org/details/Back_to_the_Future_Part_II_1990_Image_Works || archive_org:Back to the Future Part II:https://archive.org/details/Back_to_the_Future_Part_II_1990_Image_Works_Errata || archive_org:Back to the Future Part II:https://archive.org/details/bwb_S0-DCJ-578 || archive_org:Back to the Future Part II:https://archive.org/details/bwb_Y0-ARS-412 || archive_org:Back to the Future Part II:https://archive.org/details/backtofuturepart00gardrich
1890,Kung Fu Panda,Kung Fu Panda,2024,True,,DreamWorks,2026-10-06 16:47,10,ok,scriptsonscreen,Kung Fu Panda,100.0,unknown,https://thescriptsavant.com/movies/Kung_Fu_Panda.pdf,wayback,146148,scripts-onscreen: The Script Savant (https://scripts-onscreen.com/movie/kung-fu-panda-script-links/),scriptsonscreen:ok,scriptsonscreen:Kung Fu Panda:https://thescriptsavant.com/movies/Kung_Fu_Panda.pdf || scriptsonscreen:Kung Fu Panda:http://www.imsdb.com/scripts/Kung-Fu-Panda.html || archive_org:Kung Fu Panda:https://archive.org/details/KungFuPandaBuild18 || archive_org:Kung Fu Panda:https://archive.org/details/savefanfiction-11894710-Kung_Fu_Panda_3__Tigress_s_POV-wildkratticusfever || archive_org:Kung Fu Panda:https://archive.org/details/cbfc-ecinepramaan-100010291800000458 || archive_org:Kung Fu Panda:https://archive.org/details/cbfc-ecinepramaan-100010291800000460 || archive_org:Kung Fu Panda:https://archive.org/details/savefanfiction-11898475-Kung_Fu_Panda__Psychosis-Xerxes_King_of_Kings || archive_org:Kung Fu Panda:https://archive.org/details/KungFuPandaBuild18_201905 || archive_org:Kung Fu Panda:https://archive.org/details/20231115_20231115_2237 || imsdb:Kung Fu Panda:https://imsdb.com/Movie Scripts/Kung Fu Panda Script.html
1892,The Thing,The Thing,2024,True,,Universal Pictures,2026-10-06 16:47,12,ok,scriptslug,the thing,100.0,ok,https://assets.scriptslug.com/live/pdf/scripts/the-thing-1982.pdf,,138130,scriptslug the-thing-1982,scriptslug:ok,"scriptslug:the thing:https://assets.scriptslug.com/live/pdf/scripts/the-thing-1982.pdf || simplyscripts:The Thing:http://www.awesomefilm.com/script/thing.pdf || simplyscripts:The Thing:http://www.scifiscripts.com/scripts/TheThing.txt || archive_org:The Thing:https://archive.org/details/the-thing-1982-screenplay-first-draft || imsdb:Thing, The:https://imsdb.com/Movie Scripts/Thing, The Script.html || dailyscript:The Thing:https://www.dailyscript.com/scripts/Thing,+The.txt || simplyscripts:The Thing:https://www.dailyscript.com/scripts/Thing,+The.txt || scriptsonscreen:The Thing:https://www.scriptslug.com/script/the-thing-1982 || scriptsonscreen:The Thing:https://thescriptsavant.com/movies/The_Thing_2.pdf || scriptsonscreen:The Thing:http://www.dailyscript.com/scripts/Thing,+The.txt || scriptsonscreen:The Thing:http://sfy.ru/?script=thing_1982 || scriptsonscreen:The Thing:http://www.imsdb.com/scripts/Thing,-The.html"
1894,Pride & Prejudice,Pride & Prejudice,2024,True,,Focus Features,2026-10-06 16:47,5,ok,simplyscripts,Pride and Prejudice,100.0,ok,http://www.scribd.com/doc/7908097/Pride-Prejudice-2005-Movie-Script,wayback,214588,"Scribd.com | (February 26, 2004 unspecified draft) by Deborah Moggach (revisions by Lee Hall) host:",simplyscripts:short(221) ; scriptsonscreen:ok,simplyscripts:Pride and Prejudice:http://www.scribd.com/doc/7908097/Pride-Prejudice-2005-Movie-Script || scriptsonscreen:Pride & Prejudice:https://thescriptsavant.com/movies/Pride_&_Prejudice.pdf || scriptsonscreen:Pride & Prejudice:http://www.imsdb.com/scripts/Pride-and-Prejudice.html || scriptsonscreen:Pride & Prejudice:http://web.archive.org/web/20210411170324/http://www.script-o-rama.com/movie_scripts/p/pride-and-prejudice-script-knightley.html || imsdb:Pride and Prejudice:https://imsdb.com/Movie Scripts/Pride and Prejudice Script.html
1896,Vertigo,Vertigo,2024,True,,Paramount Pictures,2026-10-06 16:47,13,ok,scriptslug,vertigo,100.0,ok,https://assets.scriptslug.com/live/pdf/scripts/vertigo-1958.pdf,,346913,scriptslug vertigo-1958,scriptslug:ok,scriptslug:vertigo:https://assets.scriptslug.com/live/pdf/scripts/vertigo-1958.pdf || simplyscripts:Vertigo:https://www.dailyscript.com/scripts/vertigo.html || simplyscripts:Vertigo:https://www.dailyscript.com/scripts/Vertigo.txt || archive_org:Vertigo:https://archive.org/details/vertigo-1958_202507 || dailyscript:Vertigo:https://www.dailyscript.com/scripts/vertigo.html || dailyscript:Vertigo:https://www.dailyscript.com/scripts/Vertigo.txt || scriptsonscreen:Vertigo:https://www.scriptslug.com/script/vertigo-1958 || scriptsonscreen:Vertigo:http://www.hitchcockwiki.com/wiki/Scripts:_Vertigo_%2812/Sep/1957%29 || scriptsonscreen:Vertigo:http://www.dailyscript.com/scripts/vertigo.html || scriptsonscreen:Vertigo:http://www.dailyscript.com/scripts/Vertigo.txt || scriptsonscreen:Vertigo:http://sfy.ru/?script=vertigo || scriptsonscreen:Vertigo:http://www.imsdb.com/scripts/Vertigo.pdf || imsdb:Vertigo:https://imsdb.com/Movie Scripts/Vertigo Script.html
1898,Scott Pilgrim vs. the World,Scott Pilgrim vs. the World,2024,True,,Universal Pictures,2026-10-06 16:47,9,ok,scriptslug,scott pilgrim vs the world,100.0,ok,https://assets.scriptslug.com/live/pdf/scripts/scott-pilgrim-vs-the-world-2010.pdf,,131630,scriptslug scott-pilgrim-vs-the-world-2010,scriptslug:ok,scriptslug:scott pilgrim vs the world:https://assets.scriptslug.com/live/pdf/scripts/scott-pilgrim-vs-the-world-2010.pdf || imsdb:Scott Pilgrim vs the World:https://imsdb.com/Movie Scripts/Scott Pilgrim vs the World Script.html || scriptsonscreen:Scott Pilgrim vs. the World:https://thescriptsavant.com/movies/Scott_Pilgrim.pdf || scriptsonscreen:Scott Pilgrim vs. the World:https://www.scriptslug.com/script/scott-pilgrim-vs-the-world-2010 || scriptsonscreen:Scott Pilgrim vs. the World:http://web.archive.org/web/20120213061529/http://www.joblo.com/scripts/scottpilgrim.pdf || scriptsonscreen:Scott Pilgrim vs. the World:http://www.imsdb.com/scripts/Scott-Pilgrim-vs-the-World.html || scriptsonscreen:Scott Pilgrim vs. the World:https://www.scripts.com/script/scott_pilgrim_vs._the_world_17641 || archive_org:Scott Pilgrim vs. the World:https://archive.org/details/ScottPilgrimXBLADemo || archive_org:Scott Pilgrim vs. the World:https://archive.org/details/scottpilgrimvswo0000omal
1900,Shaun of the Dead,Shaun of the Dead,2024,True,,Rogue Pictures,2026-10-06 16:47,6,ok,scriptslug,shaun of the dead,100.0,ok,https://assets.scriptslug.com/live/pdf/scripts/shaun-of-the-dead-2004.pdf,,118218,scriptslug shaun-of-the-dead-2004,scriptslug:ok,scriptslug:shaun of the dead:https://assets.scriptslug.com/live/pdf/scripts/shaun-of-the-dead-2004.pdf || scriptsonscreen:Shaun of the Dead:https://www.scriptslug.com/script/shaun-of-the-dead-2004 || scriptsonscreen:Shaun of the Dead:http://focusguilds2012.com/sotdscreenplay/download.php?filename=sotd_screenplay.pdf || scriptsonscreen:Shaun of the Dead:http://web.archive.org/web/20130928185921/http://www.focusfeatures.com/interactive/sotd_interactive_screenplay || scriptsonscreen:Shaun of the Dead:http://web.archive.org/web/20210422034436/http://www.script-o-rama.com/movie_scripts/s/shaun-of-the-dead-script.html || archive_org:Shaun of the Dead:https://archive.org/details/shaun-of-the-dead_202606
1902,Dazed and Confused,Dazed and Confused,2024,True,,Gramercy Pictures (I),2026-10-06 16:47,4,ok,scriptslug,dazed and confused,100.0,ok,https://assets.scriptslug.com/live/pdf/scripts/dazed-and-confused-1993.pdf,,136434,scriptslug dazed-and-confused-1993,scriptslug:ok,scriptslug:dazed and confused:https://assets.scriptslug.com/live/pdf/scripts/dazed-and-confused-1993.pdf || simplyscripts:Dazed and Confused:https://www.raindance.org/scripts/Dazed_and_Confused.pdf || scriptsonscreen:Dazed and Confused:https://www.scriptslug.com/script/dazed-and-confused-1993 || scriptsonscreen:Dazed and Confused:http://web.archive.org/web/20091023133929/http://geocities.com/SouthBeach/Island/1481/script1.html
1904,Bloody Axe Wound,Bloody Axe Wound,2024,False,,RLJ Entertainment,2026-10-06 16:47,0,transcript_only,,,,,,,0,,,,https://www.springfieldspringfield.co.uk/movie_script.php?movie=bloody-axe-wound,30073
1906,Santosh,Santosh,2024,False,,Metrograph Pictures,2026-10-06 16:47,0,transcript_only,,,,,,,0,,,,https://www.springfieldspringfield.co.uk/movie_script.php?movie=santosh,28703
1910,From Ground Zero,From Ground Zero,2025,False,,Watermelon Pictures,2026-10-06 16:47,0,transcript_only,,,,,,,0,,,,https://www.springfieldspringfield.co.uk/movie_script.php?movie=from-ground-zero,34681
1912,Game Changer,Game Changer,2025,False,,Shloka Entertainments,2026-10-06 16:47,3,ok_raw_only,archive_org,Game Changer,100.0,unknown,https://archive.org/details/cbfc-ecinepramaan-100070292500000047,,1296,"archive.org: ""GAME CHANGER""",archive_org:short(1296) ; archive_org:err(ValueError: archive.org item has no pdf/txt file) ; archive_org:err(HTTPError: 401 Client Error: Unauthorized for url: https://dn760108.eu.),archive_org:Game Changer:https://archive.org/details/cbfc-ecinepramaan-100070292500000047 || archive_org:Game Changer:https://archive.org/details/game-changer-7 || archive_org:Game Changer:https://archive.org/details/gamechanger0000hadd
1914,Peter Pan's Neverland Nightmare,Peter Pan's Neverland Nightmare,2025,False,,Iconic Events Releasing,2026-10-06 16:47,0,transcript_only,,,,,,,0,,,,https://www.springfieldspringfield.co.uk/movie_script.php?movie=peter-pans-neverland-nightmare,19920
1916,Extremely Unique Dynamic,Extremely Unique Dynamic,2025,False,,Strand Releasing,2026-10-06 16:47,0,transcript_only,,,,,,,0,,,,https://www.springfieldspringfield.co.uk/movie_script.php?movie=extremely-unique-dynamic,51482
1918,Every Little Thing,Every Little Thing,2025,False,,Kino Lorber,2026-10-06 16:47,12,ok_raw_only,archive_org,Every Little Thing,100.0,unknown,https://archive.org/details/everylittlething0000forc,,2780,archive.org: Every little thing,archive_org:err(HTTPError: 401 Client Error: Unauthorized for url: https://dn760107.eu.) ; archive_org:short(2780) ; archive_org:err(HTTPError: 401 Client Error: Unauthorized for url: https://dn760103.eu.) ; archive_org:err(HTTPError: 403 Client Error: Forbidden for url: https://ia800701.us.arc),archive_org:Every Little Thing:https://archive.org/details/everylittlething0000forc || archive_org:Every Little Thing:https://archive.org/details/EveryLittleThingYouEverBeforeNeededToKnowConcerningSwimmingPool || archive_org:Every Little Thing:https://archive.org/details/everylittlething0000jone || archive_org:Every Little Thing:https://archive.org/details/everylittlething0000marl_t8s1 || archive_org:Every Little Thing:https://archive.org/details/everylittlething00gram || archive_org:Every Little Thing:https://archive.org/details/everylittlething0000youn || archive_org:Every Little Thing:https://archive.org/details/everylittlething0000pell || archive_org:Every Little Thing:https://archive.org/details/isbn_9780778329237 || archive_org:Every Little Thing:https://archive.org/details/every-little-thing-dishwalla-music-tab-chords || archive_org:Every Little Thing:https://archive.org/details/everylittlething0000unse_t8c4 || archive_org:Every Little Thing:https://archive.org/details/everylittlething0000gram || archive_org:Every Little Thing:https://archive.org/details/everylittlething0000wick
1920,Wolf Man,Wolf Man,2025,False,,Universal Pictures,2026-10-06 16:47,0,transcript_only,,,,,,,0,,,,https://www.springfieldspringfield.co.uk/movie_script.php?movie=wolf-man,15695
1922,Countdown to UFC 311: Makhachev vs. Tsarukyan 2,Countdown to UFC 311: Makhachev vs. Tsarukyan 2,2025,False,sports,Iconic Events Releasing,2026-10-06 16:47,0,non_film,,,,,,,0,,,
1924,I'm Still Here,I'm Still Here,2025,False,,Sony Pictures Classics,2026-10-06 16:47,3,ok,simplyscripts_award,I'm Still Here,100.0,ok,https://www.sonyclassics.com/assets/screenplays/imstillhere/imstillhere-screenplay.pdf,,111416,"Sony Classics A mother is forced to reinvent herself when her family's life is shattered by an act of arbitrary violence during the tightening grip of a military dictatorship in Brazil, 1971. | undated, unspecified draft",simplyscripts_award:ok,simplyscripts_award:I'm Still Here:https://www.sonyclassics.com/assets/screenplays/imstillhere/imstillhere-screenplay.pdf || archive_org:I'm Still Here:https://archive.org/details/im-still-here-script-2024 || linkpages:I’m Still Here:https://www.sonyclassics.com/assets/screenplays/imstillhere/imstillhere-screenplay.pdf
1928,Night Call,Night Call,2025,False,,Magnolia Pictures,2026-10-06 16:47,5,transcript_only,,,,,,,0,,archive_org:err(HTTPError: 401 Client Error: Unauthorized for url: https://dn710205.ca.) ; archive_org:err(HTTPError: 401 Client Error: Unauthorized for url: https://dn790001.ca.) ; archive_org:err(HTTPError: 500 Server Error: Internal Server Error for url: https://dn7) ; archive_org:err(HTTPError: 401 Client Error: Unauthorized for url: https://dn720206.ca.),archive_org:Night Call:https://archive.org/details/nightcallfromdis0000lieb || archive_org:Night Call:https://archive.org/details/nightcall0000radc || archive_org:Night Call:https://archive.org/details/nightcall0000ablo || archive_org:Night Call:https://archive.org/details/nightcallotherst0000char || archive_org:Night Call:https://archive.org/details/isbn_9781607516583,https://www.springfieldspringfield.co.uk/movie_script.php?movie=night-call,30227
1930,Flight Risk,Flight Risk,2025,False,,Lionsgate,2026-10-06 16:47,3,ok_raw_only,archive_org,Flight Risk,100.0,unknown,https://archive.org/details/flightrisk0000nico,,491,archive.org: Flight Risk,archive_org:err(HTTPError: 401 Client Error: Unauthorized for url: https://dn760005.eu.) ; archive_org:short(491) ; archive_org:short(14402),archive_org:Flight Risk:https://archive.org/details/flightrisk0000nico || archive_org:Flight Risk:https://archive.org/details/cbfc-ecinepramaan-100010292400006152 || archive_org:Flight Risk:https://archive.org/details/savefanfiction-11914272-Flight_Risk-RunMild
1934,Detective Chinatown 1900,Detective Chinatown 1900,2025,False,,CMC Pictures,2026-10-06 16:47,0,transcript_only,,,,,,,0,,,,https://www.springfieldspringfield.co.uk/movie_script.php?movie=detective-chinatown-1900,49027
1936,Liza: A Truly Terrific Absolutely True Story,Liza: A Truly Terrific Absolutely True Story,2025,False,,Zeitgeist Films,2026-10-06 16:47,0,transcript_only,,,,,,,0,,,,https://www.springfieldspringfield.co.uk/movie_script.php?movie=liza-a-truly-terrific-absolutely-true-story,66113
1938,Dog Man,Dog Man,2025,False,,Universal Pictures,2026-10-06 16:47,8,ok,archive_org,Dog Man,100.0,unknown,https://archive.org/details/dog-man-11-twenty-thousand-fleas-under-the-sea-pdf-room,ocr ,55477,archive.org: Dog Man 11 Twenty Thousand Fleas Under The Sea PDF Room,archive_org:ok,archive_org:Dog Man:https://archive.org/details/dog-man-11-twenty-thousand-fleas-under-the-sea-pdf-room || archive_org:Dog Man:https://archive.org/details/dog-man-04 || archive_org:Dog Man:https://archive.org/details/dog-man-twenty-thousand-flea_202407 || archive_org:Dog Man:https://archive.org/details/dogmansupaspeciallimitededition || archive_org:Dog Man:https://archive.org/details/oceanof-pdf.com-big-jim-believes-dave-pilkey || archive_org:Dog Man:https://archive.org/details/dog-man-03 || archive_org:Dog Man:https://archive.org/details/big-jim-belives-short-6-page_20251011 || archive_org:Dog Man:https://archive.org/details/dog-man-scarlet-shedder-single-pages-like-reference-1
1942,Valiant One,Valiant One,2025,False,,Briarcliff Entertainment,2026-10-06 16:47,0,transcript_only,,,,,,,0,,,,https://www.springfieldspringfield.co.uk/movie_script.php?movie=valiant-one,33500
1944,No Other Land,No Other Land,2025,False,,-,2026-10-06 16:47,0,transcript_only,,,,,,,0,,,,https://www.springfieldspringfield.co.uk/movie_script.php?movie=no-other-land,33905
1946,Swept Away2025 Re-release,Swept Away,2025,True,,Kino Lorber,2026-10-06 16:47,17,transcript_only,,,,,,,0,,scriptsonscreen:short(10746) ; archive_org:err(HTTPError: 401 Client Error: Unauthorized for url: https://dn790002.ca.) ; archive_org:err(HTTPError: 401 Client Error: Unauthorized for url: https://dn790002.ca.) ; archive_org:err(HTTPError: 401 Client Error: Unauthorized for url: https://dn760102.eu.),scriptsonscreen:Swept Away:https://www.scripts.com/script/swept_away_19235 || archive_org:Swept Away:https://archive.org/details/sweptawaybystorm0000bail || archive_org:Swept Away:https://archive.org/details/sweptawaywhywome00cass || archive_org:Swept Away:https://archive.org/details/sweptaway0000hilt || archive_org:Swept Away:https://archive.org/details/sweptaway00atki || archive_org:Swept Away:https://archive.org/details/sweptaway00temp || archive_org:Swept Away:https://archive.org/details/sweptawayinterac0000odel || archive_org:Swept Away:https://archive.org/details/isbn_9780373831593 || archive_org:Swept Away:https://archive.org/details/sweptaway0000camp || archive_org:Swept Away:https://archive.org/details/isbn_9780739472231 || archive_org:Swept Away:https://archive.org/details/sweptawaywhywom00cass || archive_org:Swept Away:https://archive.org/details/sweptaway0000warr || archive_org:Swept Away:https://archive.org/details/sweptawaywhywome00cass_0 || archive_org:Swept Away:https://archive.org/details/sweptaway00coon || archive_org:Swept Away:https://archive.org/details/700482-hrw-swept-away || archive_org:Swept Away:https://archive.org/details/sweptawaybyhispr0000auch || archive_org:Swept Away:https://archive.org/details/sweptaway0000gill,https://www.springfieldspringfield.co.uk/movie_script.php?movie=swept-away,29237
1948,Heart Eyes,Heart Eyes,2025,False,,Sony Pictures Releasing,2026-10-06 16:47,1,ok,archive_org,Heart Eyes,100.0,unknown,https://archive.org/details/heart-eyes-production-script-for-wga,,109917,archive.org: Heart Eyes Production Script For Writers Guild of America West,archive_org:ok,archive_org:Heart Eyes:https://archive.org/details/heart-eyes-production-script-for-wga
1950,Becoming Led Zeppelin,Becoming Led Zeppelin,2025,False,,Sony Pictures Classics,2026-10-06 16:47,0,transcript_only,,,,,,,0,,,,https://www.springfieldspringfield.co.uk/movie_script.php?movie=becoming-led-zeppelin,47069
1952,Parasite2025 Re-release,Parasite,2025,True,,IMAX,2026-10-06 16:47,6,ok,simplyscripts_award,Parasite,100.0,ok,https://deadline.com/wp-content/uploads/2020/01/parasite-script.pdf,,172693,"Deadline | Parasite - undated, unspecified draft fyc script by Bong Joon Ho & Han Jin Won - hosted by: Deadline - in pdf format Jobless, penniless, and, above all, hopeless, the unmotivated patriarch, Ki-taek, a",simplyscripts_award:ok,simplyscripts_award:Parasite:https://deadline.com/wp-content/uploads/2020/01/parasite-script.pdf || scriptslug:parasite:https://assets.scriptslug.com/live/pdf/scripts/parasite-2019.pdf || archive_org:Parasite:https://archive.org/details/parasite-2019_202602 || simplyscripts:Parasite:https://deadline.com/wp-content/uploads/2020/01/parasite-script.pdf || linkpages:Parasite:https://script-pdf.s3-us-west-2.amazonaws.com/parasite-script-pdf.pdf || linkpages:Parasite:https://www.highonfilms.com/wp-content/uploads/2020/01/parasite-script.pdf
1954,Dark Nuns,Dark Nuns,2025,False,,Well Go USA Entertainment,2026-10-06 16:47,2,ok_raw_only,archive_org,Dark Nuns,100.0,unknown,https://archive.org/details/cbfc-ecinepramaan-100010292500000748,,1951,archive.org: DARK NUNS,archive_org:short(1951) ; archive_org:short(373),archive_org:Dark Nuns:https://archive.org/details/cbfc-ecinepramaan-100010292500000748 || archive_org:Dark Nuns:https://archive.org/details/cbfc-ecinepramaan-100010292500000424
1956,Armand,Armand,2025,False,,IFC Films,2026-10-06 16:47,1,ok,archive_org,Armand,100.0,unknown,https://archive.org/details/cihm_24518,,445707,archive.org: Armand Durand ou La promesse accomplie [microforme] : roman canadien,archive_org:ok,archive_org:Armand:https://archive.org/details/cihm_24518
1958,I Love You Forever,I Love You Forever,2025,False,,Utopia,2026-10-06 16:47,3,ok_raw_only,archive_org,I Love You Forever,100.0,unknown,https://archive.org/details/im-not-scare-i-your-scared-part-1,,7743,archive.org: I love you forever and a day,archive_org:err(ValueError: archive.org item has no pdf/txt file) ; archive_org:short(7743) ; archive_org:err(HTTPError: 401 Client Error: Unauthorized for url: https://dn760108.eu.),archive_org:I Love You Forever:https://archive.org/details/im-not-scare-i-your-scared-part-1 || archive_org:I Love You Forever:https://archive.org/details/i-love-you-forever-on-the-blockchain || archive_org:I Love You Forever:https://archive.org/details/iloveyouforeverk00000
1960,Captain America: Brave New World,Captain America: Brave New World,2025,False,,Walt Disney Studios Motion Pictures,2026-10-06 16:47,5,ok_raw_only,archive_org,Captain America: Brave New World,100.0,ok,https://archive.org/details/captain_america_brave_new_world_2025_,,7664,archive.org: captain_america_brave_new_world_2025_,archive_org:short(7664) ; archive_org:err(HTTPError: 500 Server Error: Internal Server Error for url: https://dn7) ; archive_org:short(1092) ; archive_org:short(1093),archive_org:Captain America: Brave New World:https://archive.org/details/captain_america_brave_new_world_2025_ || archive_org:Captain America: Brave New World:https://archive.org/details/cbfc-ecinepramaan-100010292500000585 || archive_org:Captain America: Brave New World:https://archive.org/details/cbfc-ecinepramaan-100010292500000814 || archive_org:Captain America: Brave New World:https://archive.org/details/cbfc-ecinepramaan-100010292500000772 || archive_org:Captain America: Brave New World:https://archive.org/details/cbfc-ecinepramaan-100010292500000764
1962,Ne Zha 2,Ne Zha 2,2025,False,,CMC Pictures,2026-10-06 16:47,4,ok_raw_only,archive_org,Ne Zha 2,100.0,unknown,https://archive.org/details/cbfc-ecinepramaan-100010292500002106,,562,archive.org: NE ZHA 2,archive_org:short(562) ; archive_org:short(1234) ; archive_org:short(23361) ; archive_org:short(23390),archive_org:Ne Zha 2:https://archive.org/details/cbfc-ecinepramaan-100010292500002106 || archive_org:Ne Zha 2:https://archive.org/details/cbfc-ecinepramaan-100010292500002221 || archive_org:Ne Zha 2:https://archive.org/details/ne-zha-2-hbo || archive_org:Ne Zha 2:https://archive.org/details/ne-zha-2-mp-4web
1964,2025 Oscar Nominated Short Films: Live Action,2025 Oscar Nominated Short Films: Live Action,2025,False,shorts_program,ShortsTV,2026-10-06 16:47,0,non_film,,,,,,,0,,,
1970,Cleaner,Cleaner,2025,False,,Quiver Distribution,2026-10-06 16:47,0,transcript_only,,,,,,,0,,,,https://www.springfieldspringfield.co.uk/movie_script.php?movie=cleaner-2025,51235
1974,Compensation2025 Re-release,Compensation,2025,True,,Janus Films,2026-10-06 16:47,6,ok_raw_only,archive_org,Compensation,100.0,ok,https://archive.org/details/rsdebate.nic.in.324856,,2780,archive.org: COMPENSATION TO THE FARMERS FOR THE LAND ACQUIRED FOR MINING OF COAL (12-Aug-1986),archive_org:short(2780) ; archive_org:short(340) ; archive_org:short(5516) ; archive_org:short(1382),archive_org:Compensation:https://archive.org/details/rsdebate.nic.in.324856 || archive_org:Compensation:https://archive.org/details/shg.709343-compensation-management-employee-engagement-and-job-satisfaction- || archive_org:Compensation:https://archive.org/details/TNLC-DB-1978-146-4-QH2_1978-03-02 || archive_org:Compensation:https://archive.org/details/TNLC-DB-1925-24-4-QH55_1925-08-21 || archive_org:Compensation:https://archive.org/details/TNLC-DB-1931-58-1-QH95_1931-10-30 || archive_org:Compensation:https://archive.org/details/TNLC-DB-1948-19-2-QH15_1948-11-19
1976,Invader,Invader,2025,False,,Music Box Films,2026-10-06 16:47,3,ok_raw_only,archive_org,Invader,100.0,unknown,https://archive.org/details/invaderzimvolume0000vasq,,10888,archive.org: Invader Zim. Volume 4,archive_org:err(HTTPError: 401 Client Error: Unauthorized for url: https://dn760109.eu.) ; archive_org:short(10888) ; archive_org:short(31276),archive_org:Invader:https://archive.org/details/invaderzimvolume0000vasq || archive_org:Invader:https://archive.org/details/invader-zim-pilot-scripts || archive_org:Invader:https://archive.org/details/Inva3366_1999
1978,Last Breath,Last Breath,2025,False,,Focus Features,2026-10-06 16:47,1,transcript_only,,,,,,,0,,archive_org:err(HTTPError: 401 Client Error: Unauthorized for url: https://dn720004.ca.),archive_org:Last Breath:https://archive.org/details/lastbreath0000hohd,https://www.springfieldspringfield.co.uk/movie_script.php?movie=last-breath,28671
1980,Mobile Suit Gundam GQuuuuuuX: Beginning,Mobile Suit Gundam GQuuuuuuX: Beginning,2025,False,,GKIDS,2026-10-06 16:47,1,ok_raw_only,archive_org,Mobile Suit Gundam GQuuuuuuX: Beginning,100.0,unknown,https://archive.org/details/cbfc-ecinepramaan-100010292500001018,,539,archive.org: MOBILE SUIT GUNDAM GQUUUUUUX-BEGINNING,archive_org:short(539),archive_org:Mobile Suit Gundam GQuuuuuuX: Beginning:https://archive.org/details/cbfc-ecinepramaan-100010292500001018
1982,A Sloth Story,A Sloth Story,2025,False,,Blue Fox Entertainment,2026-10-06 16:47,0,transcript_only,,,,,,,0,,,,https://www.springfieldspringfield.co.uk/movie_script.php?movie=a-sloth-story,36024
1988,Mickey 17,Mickey 17,2025,False,,Warner Bros.,2026-10-06 16:47,1,ok_raw_only,archive_org,Mickey 17,100.0,unknown,https://archive.org/details/cbfc-ecinepramaan-100010292400008680,,549,archive.org: MICKEY 17,archive_org:short(549),archive_org:Mickey 17:https://archive.org/details/cbfc-ecinepramaan-100010292400008680
1990,In the Lost Lands,In the Lost Lands,2025,False,,Vertical Entertainment,2026-10-06 16:47,2,ok_raw_only,archive_org,In the Lost Lands,100.0,unknown,https://archive.org/details/cbfc-ecinepramaan-100010292500000412,,368,archive.org: IN THE LOST LANDS,archive_org:short(368) ; archive_org:short(1085),archive_org:In the Lost Lands:https://archive.org/details/cbfc-ecinepramaan-100010292500000412 || archive_org:In the Lost Lands:https://archive.org/details/cbfc-ecinepramaan-100010292500001152
1992,Queen of the Ring,Queen of the Ring,2025,False,,Sumerian Films,2026-10-06 16:47,0,transcript_only,,,,,,,0,,,,https://www.springfieldspringfield.co.uk/movie_script.php?movie=queen-of-the-ring,80902
1996,On Becoming a Guinea Fowl,On Becoming a Guinea Fowl,2025,False,,A24,2026-10-06 16:47,0,transcript_only,,,,,,,0,,,,https://www.springfieldspringfield.co.uk/movie_script.php?movie=on-becoming-a-guinea-fowl,35921
1998,F*** Marry Kill,F*** Marry Kill,2025,False,,Lionsgate,2026-10-06 16:47,0,transcript_only,,,,,,,0,,,,https://www.springfieldspringfield.co.uk/movie_script.php?movie=f-marry-kill,75759
2000,The Boondock Saints2025 Re-release,The Boondock Saints,2025,True,,Indican Pictures,2026-10-06 16:47,14,ok,scriptslug,the boondock saints,100.0,ok,https://assets.scriptslug.com/live/pdf/scripts/the-boondock-saints-1999.pdf,,165612,scriptslug the-boondock-saints-1999,scriptslug:ok,"scriptslug:the boondock saints:https://assets.scriptslug.com/live/pdf/scripts/the-boondock-saints-1999.pdf || simplyscripts:The Boondock Saints:https://www.dailyscript.com/scripts/Boondock%20Saints,%20The.txt || simplyscripts:The Boondock Saints:https://www.dailyscript.com/scripts/boondock-saints-script.html || imsdb:Boondock Saints, The:https://imsdb.com/Movie Scripts/Boondock Saints, The Script.html || dailyscript:The Boondock Saints:https://www.dailyscript.com/scripts/Boondock%20Saints,%20The.txt || dailyscript:The Boondock Saints:https://www.dailyscript.com/scripts/boondock-saints-script.html || scriptsonscreen:The Boondock Saints:https://www.scriptslug.com/script/the-boondock-saints-1999 || scriptsonscreen:The Boondock Saints:http://www.imsdb.com/scripts/Boondock-Saints,-The.html || scriptsonscreen:The Boondock Saints:http://www.dailyscript.com/scripts/Boondock%20Saints,%20The.txt || scriptsonscreen:The Boondock Saints:http://www.dailyscript.com/scripts/boondock-saints-script.html || scriptsonscreen:The Boondock Saints:http://web.archive.org/web/20211219112026/http://www.script-o-rama.com/movie_scripts/boondock-saints-transcript.html || archive_org:The Boondock Saints:https://archive.org/details/office-of-film-and-literature-classification_1000328.001 || archive_org:The Boondock Saints:https://archive.org/details/office-of-film-and-literature-classification_1000328.000 || archive_org:The Boondock Saints:https://archive.org/details/office-of-film-and-literature-classification_612"
2002,Black Bag,Black Bag,2025,False,,Focus Features,2026-10-06 16:47,4,ok,simplyscripts_award,Black Bag,100.0,ok,https://s3.documentcloud.org/documents/26387778/black-bag-read-the-screenplay.pdf,,127692,Focus Features | Final Shooting script,simplyscripts_award:ok,simplyscripts_award:Black Bag:https://s3.documentcloud.org/documents/26387778/black-bag-read-the-screenplay.pdf || scriptslug:black bag:https://assets.scriptslug.com/live/pdf/scripts/black-bag-2025.pdf || deadline:Black Bag:https://deadline.com/2025/12/black-bag-script-david-koepp-screenplay-1236654571/ || archive_org:Black Bag:https://archive.org/details/black-bag-script-2025
2004,The Last Supper,The Last Supper,2025,False,,-,2026-10-06 16:47,13,ok,scriptsonscreen,The Last Supper,100.0,unknown,http://web.archive.org/web/20100107082101/http://www.script-o-rama.com/movie_scripts/l/last-supper-script-transcript-diaz.html,wayback,44396,scripts-onscreen: Script-O-Rama (https://scripts-onscreen.com/movie/the-last-supper-script-links/),scriptsonscreen:ok,scriptsonscreen:The Last Supper:http://web.archive.org/web/20100107082101/http://www.script-o-rama.com/movie_scripts/l/last-supper-script-transcript-diaz.html || archive_org:The Last Supper:https://archive.org/details/bwb_Y0-EAO-087 || archive_org:The Last Supper:https://archive.org/details/lastsupperitssig0000kenn || archive_org:The Last Supper:https://archive.org/details/lastsuppersummer00cusk || archive_org:The Last Supper:https://archive.org/details/az117jtanis || archive_org:The Last Supper:https://archive.org/details/CSM_01030 || archive_org:The Last Supper:https://archive.org/details/lastsupper0000sull_e9j7 || archive_org:The Last Supper:https://archive.org/details/CSM_01029 || archive_org:The Last Supper:https://archive.org/details/THELASTSUPPER_201303 || archive_org:The Last Supper:https://archive.org/details/2010-04-01-maundy-thursday || archive_org:The Last Supper:https://archive.org/details/lastsupper0000dick || archive_org:The Last Supper:https://archive.org/details/nby_2BH812 || archive_org:The Last Supper:https://archive.org/details/office-of-film-and-literature-classification_200813
2006,October 8,October 8,2025,False,,Briarcliff Entertainment,2026-10-06 16:47,0,transcript_only,,,,,,,0,,,,https://www.springfieldspringfield.co.uk/movie_script.php?movie=october-8,71006
2008,An Unfinished Film,An Unfinished Film,2025,False,,Film Movement,2026-10-06 16:47,0,transcript_only,,,,,,,0,,,,https://www.springfieldspringfield.co.uk/movie_script.php?movie=an-unfinished-film,34590
2010,Borderline,Borderline,2025,False,,Magnolia Pictures,2026-10-06 16:47,7,ok,scriptsonscreen,Borderline,100.0,unknown,https://www.datocms-assets.com/42328/1612849577-borderline-current.pdf,wayback,90489,scripts-onscreen: datocms-assets.com (https://scripts-onscreen.com/movie/borderline-2025-script-links/),scriptsonscreen:ok,scriptsonscreen:Borderline:https://www.datocms-assets.com/42328/1612849577-borderline-current.pdf || archive_org:Borderline:https://archive.org/details/borderlineperson00frie || archive_org:Borderline:https://archive.org/details/borderline0000stra_v2e8 || archive_org:Borderline:https://archive.org/details/borderlinecondit0000kern || archive_org:Borderline:https://archive.org/details/borderline0000bloc_o9g1 || archive_org:Borderline:https://archive.org/details/borderlinecases0000geor || archive_org:Borderline:https://archive.org/details/borderlineodditi0000lowe
2016,Ash,Ash,2025,False,,Shudder,2026-10-06 16:47,3,ok_raw_only,archive_org,Ash,100.0,unknown,https://archive.org/details/nfsl_2_271079,,15015,archive.org: Ash Dieback in the Northeast,archive_org:short(15015) ; archive_org:short(1571) ; archive_org:short(5929),archive_org:Ash:https://archive.org/details/nfsl_2_271079 || archive_org:Ash:https://archive.org/details/savefanfiction-6955-Ash_meets_his_new_challenge__Part1-WzCloud || archive_org:Ash:https://archive.org/details/savefanfiction-14405-Ash_and_Misty_4_Ever-Raeha
2018,The Assessment,The Assessment,2025,False,,Magnolia Pictures,2026-10-06 16:47,3,ok,archive_org,The Assessment,100.0,unknown,https://archive.org/details/assessmentofclas0000eliz,,57393,archive.org: the assessment of classroom teachers ability to provide quality instruction in movement education fo,archive_org:err(HTTPError: 401 Client Error: Unauthorized for url: https://dn721903.ca.) ; archive_org:ok,archive_org:The Assessment:https://archive.org/details/assessmentofclas0000eliz || archive_org:The Assessment:https://archive.org/details/pubmed-PMC4140512 || archive_org:The Assessment:https://archive.org/details/assessmentofnega0000leig
2020,Secret Mall Apartment,Secret Mall Apartment,2025,False,,Wheelhouse Creative,2026-10-06 16:47,0,transcript_only,,,,,,,0,,,,https://www.springfieldspringfield.co.uk/movie_script.php?movie=secret-mall-apartment,56579
2022,Popeye the Slayer Man,Popeye the Slayer Man,2025,False,,Vantage Media,2026-10-06 16:47,0,transcript_only,,,,,,,0,,,,https://www.springfieldspringfield.co.uk/movie_script.php?movie=popeye-the-slayer-man,40207
2024,A Working Man,A Working Man,2025,False,,Amazon MGM Studios,2026-10-06 16:47,0,transcript_only,,,,,,,0,,,,https://www.springfieldspringfield.co.uk/movie_script.php?movie=a-working-man,28176
2026,The Woman in the Yard,The Woman in the Yard,2025,False,,Universal Pictures,2026-10-06 16:47,2,transcript_only,,,,,,,0,,archive_org:err(HTTPError: 401 Client Error: Unauthorized for url: https://dn720703.ca.) ; archive_org:err(HTTPError: 401 Client Error: Unauthorized for url: https://dn720002.ca.),archive_org:The Woman in the Yard:https://archive.org/details/isbn_9780312264147 || archive_org:The Woman in the Yard:https://archive.org/details/womaninyard00mill,https://www.springfieldspringfield.co.uk/movie_script.php?movie=the-woman-in-the-yard,28660
2032,The Friend,The Friend,2025,False,,Bleecker Street Media,2026-10-06 16:47,13,ok,archive_org,The Friend,100.0,unknown,https://archive.org/details/sim_friend-a-religious-and-literary-journal_1855-04-21_28_32,,94323,archive.org: The Friend. Religious and Literary Journal 1855-04-21: Vol 28 Iss 32,archive_org:ok,archive_org:The Friend:https://archive.org/details/sim_friend-a-religious-and-literary-journal_1855-04-21_28_32 || archive_org:The Friend:https://archive.org/details/sim_friend-a-religious-and-literary-journal_1863-11-14_37_11 || archive_org:The Friend:https://archive.org/details/sim_friend-a-religious-and-literary-journal_1841-08-28_14_48 || archive_org:The Friend:https://archive.org/details/friend0000unse_t3b1 || archive_org:The Friend:https://archive.org/details/sim_friend-a-religious-and-literary-journal_1855-04-14_28_31 || archive_org:The Friend:https://archive.org/details/bim_eighteenth-century_the-friend-of-christ-an_colman-benjamin_1731 || archive_org:The Friend:https://archive.org/details/bim_eighteenth-century_the-friend-of-youth-bei_meilan-mark-anthony_1788_3 || archive_org:The Friend:https://archive.org/details/bim_eighteenth-century_the-friend-of-youth-bei_meilan-mark-anthony_1788_9 || archive_org:The Friend:https://archive.org/details/bim_eighteenth-century_the-friend-of-jesus-a-s_palmer-samuel_1795_0 || archive_org:The Friend:https://archive.org/details/sim_friend-a-religious-and-literary-journal_1848-01-08_21_16 || archive_org:The Friend:https://archive.org/details/bub_gb_XcENAAAAQAAJ || archive_org:The Friend:https://archive.org/details/bwb_P9-BLS-217 || archive_org:The Friend:https://archive.org/details/sim_friend-a-religious-and-literary-journal_1904-08-20_78_6
2036,A Minecraft Movie,A Minecraft Movie,2025,False,,Warner Bros.,2026-10-06 16:47,4,ok_raw_only,archive_org,A Minecraft Movie,100.0,unknown,https://archive.org/details/cbfc-ecinepramaan-100010292500001594,,577,archive.org: A MINECRAFT MOVIE,archive_org:short(577) ; archive_org:err(ValueError: archive.org item has no pdf/txt file) ; archive_org:err(ValueError: archive.org item has no pdf/txt file) ; archive_org:short(1277),archive_org:A Minecraft Movie:https://archive.org/details/cbfc-ecinepramaan-100010292500001594 || archive_org:A Minecraft Movie:https://archive.org/details/a.-minecraft.-movie.-2025.1080p.-webrip.x-265.10bit.-aac-5.1-yts.-mx || archive_org:A Minecraft Movie:https://archive.org/details/a-minecraft-movie-english || archive_org:A Minecraft Movie:https://archive.org/details/cbfc-ecinepramaan-100010292500001735
2040,A Nice Indian Boy,A Nice Indian Boy,2025,False,,Blue Harbor Entertainment,2026-10-06 16:47,0,transcript_only,,,,,,,0,,,,https://www.springfieldspringfield.co.uk/movie_script.php?movie=a-nice-indian-boy,48826
2042,A Man and a Woman2025 Re-release,A Man and a Woman,2025,True,,Rialto Pictures,2026-10-06 16:47,7,transcript_only,,,,,,,0,,archive_org:err(ValueError: archive.org item has no pdf/txt file) ; archive_org:err(ValueError: archive.org item has no pdf/txt file) ; archive_org:err(HTTPError: 401 Client Error: Unauthorized for url: https://dn720003.ca.) ; archive_org:err(HTTPError: 401 Client Error: Unauthorized for url: https://dn760109.eu.),archive_org:A Man and a Woman:https://archive.org/details/a.-man.-and.-a.-woman.-1966.1080p.-blu-ray.x-264.-aac-yts.-mx-eng-ar_202506 || archive_org:A Man and a Woman:https://archive.org/details/a.-man.-and.-a.-woman.-1966.1080p.-blu-ray.x-264.-aac-yts.-mx-eng-ar || archive_org:A Man and a Woman:https://archive.org/details/manandwomanfilm0000lelo || archive_org:A Man and a Woman:https://archive.org/details/manandwomanfilm0000lelo_p2a9 || archive_org:A Man and a Woman:https://archive.org/details/amanandawomanah00drumgoog || archive_org:A Man and a Woman:https://archive.org/details/bwb_S0-BLZ-738 || archive_org:A Man and a Woman:https://archive.org/details/amanandawoman16143gut,https://www.springfieldspringfield.co.uk/movie_script.php?movie=a-man-and-a-woman,21973
2044,Gazer,Gazer,2025,False,,Metrograph Pictures,2026-10-06 16:47,2,ok_raw_only,archive_org,Gazer,100.0,unknown,https://archive.org/details/gov.uscourts.nyed.452535,,13385,archive.org: Gazer v. Commissioner of Social Security,archive_org:err(ValueError: archive.org item has no pdf/txt file) ; archive_org:short(13385),archive_org:Gazer:https://archive.org/details/gov.uscourts.nyed.452535 || archive_org:Gazer:https://archive.org/details/gazer_ne_kiya_hai_ishara
2046,The King of Kings,The King of Kings,2025,False,,Angel,2026-10-06 16:47,4,ok,archive_org,The King of Kings,100.0,unknown,https://archive.org/details/bim_early-english-books-1641-1700_the-king-of-kings_h-s_1655,,106880,archive.org: The King of kings:... 1655,archive_org:ok,archive_org:The King of Kings:https://archive.org/details/bim_early-english-books-1641-1700_the-king-of-kings_h-s_1655 || archive_org:The King of Kings:https://archive.org/details/the-king-of-kings-a-life-of-alexander-the-great-and-the-rise-and-fall-of-the-ma || archive_org:The King of Kings:https://archive.org/details/ANA-DIG-THENEWSARUBA-D0137-04-20060210-DOC || archive_org:The King of Kings:https://archive.org/details/kingofkings0000henr
2048,Warfare,Warfare,2025,False,,A24,2026-10-06 16:47,4,ok,simplyscripts_award,Warfare,100.0,ok,https://a24awards.com/assets/WARFARE-final-script.pdf,wayback,91757,"A24 Awards | unspecified, partial final draft","simplyscripts_award:short(10445) ; simplyscripts_award:err(FileURLRetrievalError: Failed to retrieve file url:

	Cannot retrieve the public li) ; linkpages:ok",simplyscripts_award:Warfare:https://a24awards.com/assets/WARFARE-final-script.pdf || simplyscripts_award:Warfare:https://drive.google.com/file/d/1e1Hj2uwyPy89Nzh7ITPUk_jSDESlSC55/view?usp=drive_link || linkpages:Warfare:https://a24awards.com/assets/WARFARE-final-script_2025-12-09-032723_tvud.pdf || linkpages:Warfare:https://a24awards.com/assets/WARFARE-final-script.pdf
2052,Sacramento,Sacramento,2025,False,,Vertical Entertainment,2026-10-06 16:47,12,ok,archive_org,Sacramento,100.0,ok,https://archive.org/details/tour-details-as-of-17-may-2024-1,,237188,"archive.org: Sacramento Choral Society, American Celebration of Music in Italy, 18–28 June 2024",archive_org:short(8746) ; archive_org:ok,archive_org:Sacramento:https://archive.org/details/tour-details-as-of-17-may-2024-1 || archive_org:Sacramento:https://archive.org/details/sacramento-daily-record-union-1889-07-02 || archive_org:Sacramento:https://archive.org/details/sacramento-daily-record-union-1888-04-18 || archive_org:Sacramento:https://archive.org/details/sacramento-daily-record-union-1889-04-18 || archive_org:Sacramento:https://archive.org/details/sacramento-daily-record-union-1886-07-30 || archive_org:Sacramento:https://archive.org/details/naturalization-petition-record-vol3 || archive_org:Sacramento:https://archive.org/details/sacramento-daily-record-union-1880-04-14 || archive_org:Sacramento:https://archive.org/details/sacramento-daily-record-union-1883-06-15 || archive_org:Sacramento:https://archive.org/details/sacramento-daily-record-union-1890-06-07 || archive_org:Sacramento:https://archive.org/details/sacramento-daily-record-union-1884-09-15 || archive_org:Sacramento:https://archive.org/details/per_sacramento-medical-times_sacramento-medical-times_1887_1_index || archive_org:Sacramento:https://archive.org/details/sacramento-daily-record-union-1885-08-12
2054,The Teacher,The Teacher,2025,False,,Watermelon Pictures,2026-10-06 16:47,5,ok,archive_org,The Teacher,100.0,unknown,https://archive.org/details/bwb_S0-BMG-527,,401255,archive.org: the teacher of english : his materials and opporturnities,archive_org:err(HTTPError: 401 Client Error: Unauthorized for url: https://dn721308.ca.) ; archive_org:ok,archive_org:The Teacher:https://archive.org/details/bwb_S0-BMG-527 || archive_org:The Teacher:https://archive.org/details/teacherinpolitic0000webb || archive_org:The Teacher:https://archive.org/details/teachertheorypra0000pear || archive_org:The Teacher:https://archive.org/details/teacheriskeyprac0000webe_p4o9 || archive_org:The Teacher:https://archive.org/details/teacherormoralin00abbo_0
2058,Pride & Prejudice20th Anniversary Re-Release,Pride & Prejudice,2025,True,,Focus Features,2026-10-06 16:47,5,ok,simplyscripts,Pride and Prejudice,100.0,ok,http://www.scribd.com/doc/7908097/Pride-Prejudice-2005-Movie-Script,wayback,214588,"Scribd.com | (February 26, 2004 unspecified draft) by Deborah Moggach (revisions by Lee Hall) host:",simplyscripts:short(221) ; scriptsonscreen:ok,simplyscripts:Pride and Prejudice:http://www.scribd.com/doc/7908097/Pride-Prejudice-2005-Movie-Script || scriptsonscreen:Pride & Prejudice:https://thescriptsavant.com/movies/Pride_&_Prejudice.pdf || scriptsonscreen:Pride & Prejudice:http://www.imsdb.com/scripts/Pride-and-Prejudice.html || scriptsonscreen:Pride & Prejudice:http://web.archive.org/web/20210411170324/http://www.script-o-rama.com/movie_scripts/p/pride-and-prejudice-script-knightley.html || imsdb:Pride and Prejudice:https://imsdb.com/Movie Scripts/Pride and Prejudice Script.html
2062,Sneaks,Sneaks,2025,False,,Briarcliff Entertainment,2026-10-06 16:47,5,transcript_only,,,,,,,0,,archive_org:err(HTTPError: 401 Client Error: Unauthorized for url: https://dn721500.ca.) ; archive_org:err(HTTPError: 401 Client Error: Unauthorized for url: https://dn790007.ca.) ; archive_org:err(HTTPError: 401 Client Error: Unauthorized for url: https://dn720704.ca.) ; archive_org:err(HTTPError: 500 Server Error: Internal Server Error for url: https://dn7),archive_org:Sneaks:https://archive.org/details/bwb_S0-DRY-489 || archive_org:Sneaks:https://archive.org/details/sneaks0000gree_s3u9 || archive_org:Sneaks:https://archive.org/details/sneaks0000edit || archive_org:Sneaks:https://archive.org/details/sneaks0000gree || archive_org:Sneaks:https://archive.org/details/sneaks00gree,https://www.springfieldspringfield.co.uk/movie_script.php?movie=sneaks,52197
2064,The Legend of Ochi,The Legend of Ochi,2025,False,,A24,2026-10-06 16:47,1,ok_raw_only,archive_org,The Legend of Ochi,100.0,unknown,https://archive.org/details/cbfc-ecinepramaan-100010292500000915,,1168,archive.org: THE LEGEND OF OCHI,archive_org:short(1168),archive_org:The Legend of Ochi:https://archive.org/details/cbfc-ecinepramaan-100010292500000915
2066,Sod and Stubble,Sod and Stubble,2025,False,,Purdie Distribution,2026-10-06 16:47,3,ok,archive_org,Sod and Stubble,100.0,unknown,https://archive.org/details/in.ernet.dli.2015.167681,ocr ,390746,archive.org: Sod And Stubble The Story Of A Kansas Homestead,archive_org:ok,archive_org:Sod and Stubble:https://archive.org/details/in.ernet.dli.2015.167681 || archive_org:Sod and Stubble:https://archive.org/details/sodstubblestoryo0000isej_s2u6 || archive_org:Sod and Stubble:https://archive.org/details/sodstubblestoryo0000isej
2070,Star Wars: Episode III - Revenge of the Sith20th anniversary,Star Wars: Episode III - Revenge of the Sith,2025,True,,Walt Disney Studios Motion Pictures,2026-10-06 16:47,15,ok,scriptslug,star wars episode iii revenge of the sith,100.0,ok,https://assets.scriptslug.com/live/pdf/scripts/star-wars-episode-iii-revenge-of-the-sith-2005.pdf,,177487,scriptslug star-wars-episode-iii-revenge-of-the-sith-2005,scriptslug:ok,scriptslug:star wars episode iii revenge of the sith:https://assets.scriptslug.com/live/pdf/scripts/star-wars-episode-iii-revenge-of-the-sith-2005.pdf || archive_org:Star Wars: Episode III - Revenge of the Sith:https://archive.org/details/star-wars-episode-iii-revenge-of-the-sith-fourth-draft-june-2003 || linkpages:Star Wars: Episode III – Revenge of the Sith:https://script-pdf.s3-us-west-2.amazonaws.com/star-wars-episode-iii-revenge-of-the-sith-script-pdf.pdf || scriptsonscreen:Star Wars: Episode III - Revenge of the Sith:http://web.archive.org/web/20170713093150/http://www.htmluser.com:80/bloggx/Revenge_of_the_Sith.pdf || scriptsonscreen:Star Wars: Episode III - Revenge of the Sith:http://www.imsdb.com/scripts/Star-Wars-Revenge-of-the-Sith.html || scriptsonscreen:Star Wars: Episode III - Revenge of the Sith:http://web.archive.org/web/20131102063200/http://www.freewebs.com:80/123starwars123/scripts.htm || scriptsonscreen:Star Wars: Episode III - Revenge of the Sith:http://www.supershadow.com/starwars/episode3/revenge_of_the_sith/plot_script.html || archive_org:Star Wars: Episode III - Revenge of the Sith:https://archive.org/details/starwarsepisodei0000knig || archive_org:Star Wars: Episode III - Revenge of the Sith:https://archive.org/details/star.-wars.-episode.-iii.-revenge.-of.-the.-sith.-english-www.-my-subs.-co || archive_org:Star Wars: Episode III - Revenge of the Sith:https://archive.org/details/ps2_Star_Wars-_Episode_III-_Revenge_of_the_Sith_USA || archive_org:Star Wars: Episode III - Revenge of the Sith:https://archive.org/details/starwarsepisodei0000unse_o5t6 || archive_org:Star Wars: Episode III - Revenge of the Sith:https://archive.org/details/starwarsepisodei0000lane_k6m7 || archive_org:Star Wars: Episode III - Revenge of the Sith:https://archive.org/details/starwarsepisodei0000lane || archive_org:Star Wars: Episode III - Revenge of the Sith:https://archive.org/details/starwarsepisodei0000cera_p5c1 || archive_org:Star Wars: Episode III - Revenge of the Sith:https://archive.org/details/starwarsepisodei0000wred
2072,Until Dawn,Until Dawn,2025,False,,Screen Gems,2026-10-06 16:47,1,ok,archive_org,Until Dawn,100.0,ok,https://archive.org/details/until-dawn_202609,,112350,archive.org: Until Dawn (2025) screenplay,archive_org:ok,archive_org:Until Dawn:https://archive.org/details/until-dawn_202609
2076,Raising the Bar: The Alma Richards Story,Raising the Bar: The Alma Richards Story,2025,False,,-,2026-10-06 16:47,0,transcript_only,,,,,,,0,,,,https://www.springfieldspringfield.co.uk/movie_script.php?movie=raising-the-bar-the-alma-richards-story,47051
2078,Drop Dead City,Drop Dead City,2025,False,,,2026-10-06 16:47,0,transcript_only,,,,,,,0,,,,https://www.springfieldspringfield.co.uk/movie_script.php?movie=drop-dead-city,89903
2080,Magic Farm,Magic Farm,2025,False,,MUBI,2026-10-06 16:47,0,transcript_only,,,,,,,0,,,,https://www.springfieldspringfield.co.uk/movie_script.php?movie=magic-farm,45719
2084,Withnail and I2025 Re-release,Withnail and I,2025,True,,Janus Films,2026-10-06 16:47,10,ok,dailyscript,Withnail and I,100.0,ok,https://www.dailyscript.com/scripts/withnail.html,,91824,"Withnail and I by Bruce Robinson 1987 undated, unspecified draft 93 kb html format imdb",dailyscript:ok,dailyscript:Withnail and I:https://www.dailyscript.com/scripts/withnail.html || simplyscripts:Withnail and I:https://www.dailyscript.com/scripts/withnail.html || scriptsonscreen:Withnail and I:https://thescriptsavant.com/movies/Withnail_And_I.pdf || scriptsonscreen:Withnail and I:http://sfy.ru/?script=withnail_ts || scriptsonscreen:Withnail and I:http://www.dailyscript.com/scripts/withnail.html || scriptsonscreen:Withnail and I:http://www.imsdb.com/scripts/Withnail-and-I.html || archive_org:Withnail and I:https://archive.org/details/office-of-film-and-literature-classification_0900761.001 || archive_org:Withnail and I:https://archive.org/details/office-of-film-and-literature-classification_0900761.000 || archive_org:Withnail and I:https://archive.org/details/withnaili0000robi || imsdb:Withnail and I:https://imsdb.com/Movie Scripts/Withnail and I Script.html
2086,Thunderbolts*,Thunderbolts*,2025,False,,Walt Disney Studios Motion Pictures,2026-10-06 16:47,5,ok,archive_org,Thunderbolts*,100.0,unknown,https://archive.org/details/thunderbolts-in-harness,ocr ,508171,archive.org: Thunderbolts In Harness - General Electric,archive_org:short(30267) ; archive_org:err(ValueError: archive.org item has no pdf/txt file) ; archive_org:ok,archive_org:Thunderbolts*:https://archive.org/details/thunderbolts-in-harness || archive_org:Thunderbolts*:https://archive.org/details/thunderbolts-0-22-1997-1999-get-comics.-info || archive_org:Thunderbolts*:https://archive.org/details/thunderboltscom00jonegoog || archive_org:Thunderbolts*:https://archive.org/details/Thunderbolts_201902 || archive_org:Thunderbolts*:https://archive.org/details/thunderboltsther0000zubj
2088,HIT: The 3rd Case,HIT: The 3rd Case,2025,False,,Prathyangira Cinemas,2026-10-06 16:47,0,transcript_only,,,,,,,0,,,,https://www.springfieldspringfield.co.uk/movie_script.php?movie=hit-the-3rd-case,48211
2090,Guru Nanak Jahaz,Guru Nanak Jahaz,2025,False,,,2026-10-06 16:47,1,ok_raw_only,archive_org,Guru Nanak Jahaz,100.0,unknown,https://archive.org/details/cbfc-ecinepramaan-100050292500000245,,1657,archive.org: GURU NANAK JAHAZ,archive_org:short(1657),archive_org:Guru Nanak Jahaz:https://archive.org/details/cbfc-ecinepramaan-100050292500000245
2092,Yadang: The Snitch,Yadang: The Snitch,2025,False,,Well Go USA Entertainment,2026-10-06 16:47,0,transcript_only,,,,,,,0,,,,https://www.springfieldspringfield.co.uk/movie_script.php?movie=yadang-the-snitch,48880
2094,Pavements,Pavements,2025,False,,Utopia,2026-10-06 16:47,0,transcript_only,,,,,,,0,,,,https://www.springfieldspringfield.co.uk/movie_script.php?movie=pavements,71137
2096,The Clouds,The Clouds,2025,False,,Indican Pictures,2026-10-06 16:47,6,ok,archive_org,The Clouds,100.0,unknown,https://archive.org/details/Track01_20170530_1749,,363887,archive.org: THE CLOUDS 0400,archive_org:err(ValueError: archive.org item has no pdf/txt file) ; archive_org:err(HTTPError: 401 Client Error: Unauthorized for url: https://dn720501.ca.) ; archive_org:ok,archive_org:The Clouds:https://archive.org/details/Track01_20170530_1749 || archive_org:The Clouds:https://archive.org/details/cloudsarebigwith0000fred_c2c8 || archive_org:The Clouds:https://archive.org/details/clouds00ofaristopharisrich || archive_org:The Clouds:https://archive.org/details/cloudsofaristoph00arisrich || archive_org:The Clouds:https://archive.org/details/cloudsarelifting0000oswa || archive_org:The Clouds:https://archive.org/details/cloudsdou00douguoft
2102,Shadow Force,Shadow Force,2025,False,,Lionsgate,2026-10-06 16:47,6,ok_raw_only,archive_org,Shadow Force,100.0,unknown,https://archive.org/details/shadowforce0000unse,,1934,archive.org: Shadow Force,archive_org:err(HTTPError: 500 Server Error: Internal Server Error for url: https://dn7) ; archive_org:short(1934) ; archive_org:err(HTTPError: 403 Client Error: Forbidden for url: https://ia803104.us.arc) ; archive_org:err(HTTPError: 401 Client Error: Unauthorized for url: https://dn720005.ca.),archive_org:Shadow Force:https://archive.org/details/shadowforce0000unse || archive_org:Shadow Force:https://archive.org/details/cbfc-ecinepramaan-100010292500002360 || archive_org:Shadow Force:https://archive.org/details/shadowforce0000lynn || archive_org:Shadow Force:https://archive.org/details/shadowforce0000lynn_o9l1 || archive_org:Shadow Force:https://archive.org/details/shadowforce0000conr || archive_org:Shadow Force:https://archive.org/details/shadow-force-private-security-contractors-in-iraq_202606
2104,Friendship,Friendship,2025,False,,A24,2026-10-06 16:47,5,ok,simplyscripts_award,Friendship,100.0,ok,https://a24awards.com/assets/FRIENDSHIP-by-Andrew-DeYoung.pdf,wayback,106506,"A24 Awards | January 10, 2024 unspecified draft",simplyscripts_award:ok,simplyscripts_award:Friendship:https://a24awards.com/assets/FRIENDSHIP-by-Andrew-DeYoung.pdf || scriptslug:friendship:https://assets.scriptslug.com/live/pdf/scripts/friendship-2025.pdf || linkpages:Friendship:https://a24awards.com/assets/FRIENDSHIP-by-Andrew-DeYoung.pdf || archive_org:Friendship:https://archive.org/details/friendshipfreedo00trip || archive_org:Friendship:https://archive.org/details/friendship-force-voa-radio-script
2106,Wolf Children2025 Re-release (4K Restoration),Wolf Children,2025,True,,GKIDS,2026-10-06 16:47,5,ok,archive_org,Wolf Children,100.0,unknown,https://archive.org/details/cbfc-ecinepramaan-100010291900012441,ocr ,515248,archive.org: WOLF CHILDREN,archive_org:short(481) ; archive_org:err(HTTPError: 500 Server Error: Internal Server Error for url: https://dn7) ; archive_org:ok,archive_org:Wolf Children:https://archive.org/details/cbfc-ecinepramaan-100010291900012441 || archive_org:Wolf Children:https://archive.org/details/wolfchildren0000dows || archive_org:Wolf Children:https://archive.org/details/in.ernet.dli.2015.158185 || archive_org:Wolf Children:https://archive.org/details/wolfchildrenfera0000reve || archive_org:Wolf Children:https://archive.org/details/wolfchildrenprob00mals
2108,Demon Slayer: Kimetsu no Yaiba - The Movie: Mugen Train2025 Re-release,Demon Slayer: Kimetsu no Yaiba - The Movie: Mugen Train,2025,True,,Sony Pictures Releasing,2026-10-06 16:47,2,ok_raw_only,archive_org,Demon Slayer: Kimetsu no Yaiba - The Movie: Mugen Train,100.0,unknown,https://archive.org/details/cbfc-ecinepramaan-100010292100002693,,509,archive.org: DEMON SLAYER: KIMETSU NO YAIBA THE MOVIE: MUGEN TRAIN,archive_org:short(509) ; archive_org:short(518),archive_org:Demon Slayer: Kimetsu no Yaiba - The Movie: Mugen Train:https://archive.org/details/cbfc-ecinepramaan-100010292100002693 || archive_org:Demon Slayer: Kimetsu no Yaiba - The Movie: Mugen Train:https://archive.org/details/cbfc-ecinepramaan-100010292100003155
2110,Lilly,Lilly,2025,False,,Blue Harbor Entertainment,2026-10-06 16:47,0,transcript_only,,,,,,,0,,,,https://www.springfieldspringfield.co.uk/movie_script.php?movie=lilly,48672
2112,Caught by the Tides,Caught by the Tides,2025,False,,Janus Films,2026-10-06 16:47,0,transcript_only,,,,,,,0,,,,https://www.springfieldspringfield.co.uk/movie_script.php?movie=caught-by-the-tides,16565
2114,Forbidden Games2025 Re-release,Forbidden Games,2025,True,,Rialto Pictures,2026-10-06 16:47,5,ok_raw_only,archive_org,Forbidden Games,100.0,unknown,https://archive.org/details/forbiddengames0000fire,,12927,archive.org: Forbidden games,archive_org:err(HTTPError: 403 Client Error: Forbidden for url: https://ia600605.us.arc) ; archive_org:err(HTTPError: 401 Client Error: Unauthorized for url: https://dn760005.eu.) ; archive_org:short(12927) ; archive_org:err(HTTPError: 401 Client Error: Unauthorized for url: https://dn720407.ca.),archive_org:Forbidden Games:https://archive.org/details/forbiddengames0000fire || archive_org:Forbidden Games:https://archive.org/details/forbiddengames0000savo || archive_org:Forbidden Games:https://archive.org/details/cmapr5087 || archive_org:Forbidden Games:https://archive.org/details/forbiddengamesvi0000unse || archive_org:Forbidden Games:https://archive.org/details/forbiddengamesvi0000unse_b7a1
2116,Hurry Up Tomorrow,Hurry Up Tomorrow,2025,False,,Lionsgate,2026-10-06 16:47,0,transcript_only,,,,,,,0,,,,https://www.springfieldspringfield.co.uk/movie_script.php?movie=hurry-up-tomorrow,27170
2118,Sister Midnight,Sister Midnight,2025,False,,Magnolia Pictures,2026-10-06 16:47,1,ok_raw_only,archive_org,Sister Midnight,100.0,unknown,https://archive.org/details/cbfc-ecinepramaan-100010292500002634,,1783,archive.org: SISTER MIDNIGHT,archive_org:short(1783),archive_org:Sister Midnight:https://archive.org/details/cbfc-ecinepramaan-100010292500002634
2120,Lilo & Stitch,Lilo & Stitch,2025,False,,Walt Disney Studios Motion Pictures,2026-10-06 16:47,11,ok_raw_only,archive_org,Lilo & Stitch,100.0,unknown,https://archive.org/details/isbn_0736423982,,15392,archive.org: Lilo & Stitch 2: Stitch has a Glitch (Walt Disney Presents),archive_org:err(HTTPError: 401 Client Error: Unauthorized for url: https://dn790002.ca.) ; archive_org:err(HTTPError: 403 Client Error: Forbidden for url: https://ia601808.us.arc) ; archive_org:short(15392) ; archive_org:err(HTTPError: 401 Client Error: Unauthorized for url: https://dn720604.ca.),archive_org:Lilo & Stitch:https://archive.org/details/isbn_0736423982 || archive_org:Lilo & Stitch:https://archive.org/details/lilostitchaprend0000lope || archive_org:Lilo & Stitch:https://archive.org/details/acn-lilo-stitch-626 || archive_org:Lilo & Stitch:https://archive.org/details/isbn_9782230014514 || archive_org:Lilo & Stitch:https://archive.org/details/lilostitchstoryo0000ehrb || archive_org:Lilo & Stitch:https://archive.org/details/cbfc-ecinepramaan-100010292500002703 || archive_org:Lilo & Stitch:https://archive.org/details/lilostitch0000unse || archive_org:Lilo & Stitch:https://archive.org/details/lilo-stitch-mp-4web || archive_org:Lilo & Stitch:https://archive.org/details/lilostitch0000unse_t8r5 || archive_org:Lilo & Stitch:https://archive.org/details/lilo-stitch-style-guides || archive_org:Lilo & Stitch:https://archive.org/details/lilo-stitch-usa
2122,The Last Rodeo,The Last Rodeo,2025,False,,Angel,2026-10-06 16:47,3,download_failed,,,,,,,0,,archive_org:err(HTTPError: 401 Client Error: Unauthorized for url: https://dn721601.ca.) ; archive_org:err(HTTPError: 401 Client Error: Unauthorized for url: https://dn760106.eu.) ; archive_org:err(HTTPError: 401 Client Error: Unauthorized for url: https://dn721705.ca.),archive_org:The Last Rodeo:https://archive.org/details/lastrodeo0000erne_w3q4 || archive_org:The Last Rodeo:https://archive.org/details/lastrodeo00hayc || archive_org:The Last Rodeo:https://archive.org/details/bwb_Y0-ACF-341
2124,Ran40th anniversary,Ran,2025,True,,Rialto Distribution,2026-10-06 16:47,2,ok,scriptsonscreen,Ran,100.0,unknown,https://thescriptsavant.com/movies/Ran.pdf,wayback,125986,scripts-onscreen: The Script Savant (https://scripts-onscreen.com/movie/ran-script-links/),scriptsonscreen:ok,scriptsonscreen:Ran:https://thescriptsavant.com/movies/Ran.pdf || scriptsonscreen:Ran:http://web.archive.org/web/20220410024707/http://www.script-o-rama.com/movie_scripts/r/ran-script-transcript-akira-kurosawa.html
2126,Karate Kid: Legends,Karate Kid: Legends,2025,False,,Sony Pictures Releasing,2026-10-06 16:47,4,ok_raw_only,archive_org,Karate Kid: Legends,100.0,unknown,https://archive.org/details/cbfc-ecinepramaan-100010292500002864,,1058,archive.org: KARATE KID LEGENDS,archive_org:short(1058) ; archive_org:short(1057) ; archive_org:short(515) ; archive_org:short(1065),archive_org:Karate Kid: Legends:https://archive.org/details/cbfc-ecinepramaan-100010292500002864 || archive_org:Karate Kid: Legends:https://archive.org/details/cbfc-ecinepramaan-100010292500002905 || archive_org:Karate Kid: Legends:https://archive.org/details/cbfc-ecinepramaan-100010292500002691 || archive_org:Karate Kid: Legends:https://archive.org/details/cbfc-ecinepramaan-100010292500002865
2138,The American Miracle,The American Miracle,2025,False,,Fathom Events,2026-10-06 16:47,1,download_failed,,,,,,,0,,archive_org:err(HTTPError: 401 Client Error: Unauthorized for url: https://dn721500.ca.),archive_org:The American Miracle:https://archive.org/details/americanmiracled0000medv
2140,The Life of Chuck,The Life of Chuck,2025,False,,Neon,2026-10-06 16:47,3,ok,simplyscripts_award,The Life of Chuck,100.0,ok,https://neon.app.box.com/s/u3ldak8g5ngy46s4wr37hfbpkym1tf1v,,119986,"Neon | January 30, 2024 buff revised draft ",simplyscripts_award:err(ValueError: Box shared link: no direct PDF download - open in a browser ) ; archive_org:ok,simplyscripts_award:The Life of Chuck:https://neon.app.box.com/s/u3ldak8g5ngy46s4wr37hfbpkym1tf1v || archive_org:The Life of Chuck:https://archive.org/details/the-life-of-chuck-2024 || archive_org:The Life of Chuck:https://archive.org/details/the-life-of-chuck-2025
2142,I Don't Understand You,I Don't Understand You,2025,False,,Vertical Entertainment,2026-10-06 16:47,0,transcript_only,,,,,,,0,,,,https://www.springfieldspringfield.co.uk/movie_script.php?movie=i-dont-understand-you,45463
2148,Materialists,Materialists,2025,False,,A24,2026-10-06 16:47,3,ok,simplyscripts_award,Materialists,100.0,ok,https://a24awards.com/materialists,wayback,109926,"A24 Awards | April 8, 2024 locked draft",simplyscripts_award:ok,simplyscripts_award:Materialists:https://a24awards.com/materialists || linkpages:Materialists:https://a24awards.com/assets/MATERIALISTS-Written-by-Celine-Song.pdf || archive_org:Materialists:https://archive.org/details/cbfc-ecinepramaan-100010292500003084
2150,Pariah25th anniversary,Pariah,2025,True,,Indican Pictures,2026-10-06 16:47,7,ok,scriptslug,pariah,100.0,ok,https://assets.scriptslug.com/live/pdf/scripts/pariah-2011.pdf,,108769,scriptslug pariah-2011,scriptslug:ok,scriptslug:pariah:https://assets.scriptslug.com/live/pdf/scripts/pariah-2011.pdf || archive_org:Pariah:https://archive.org/details/pariah_202604 || simplyscripts:Pariah:https://www.raindance.org/scripts/Pariah%20(2011).pdf || scriptsonscreen:Pariah:https://www.scriptslug.com/script/pariah-2011 || scriptsonscreen:Pariah:https://thescriptsavant.com/movies/Pariah.pdf || scriptsonscreen:Pariah:http://www.imsdb.com/scripts/Pariah.html || imsdb:Pariah:https://imsdb.com/Movie Scripts/Pariah Script.html
2152,Tatami,Tatami,2025,False,,,2026-10-06 16:47,2,ok,archive_org,Tatami,100.0,unknown,https://archive.org/details/arxiv-1301.5969,,161865,archive.org: Tatami Maker: A combinatorially rich mechanical game board,archive_org:short(19629) ; archive_org:ok,archive_org:Tatami:https://archive.org/details/arxiv-1301.5969 || archive_org:Tatami:https://archive.org/details/tatamigalaxyking0000yosh
2154,Elio,Elio,2025,False,,Walt Disney Studios Motion Pictures,2026-10-06 16:47,11,ok_raw_only,archive_org,Elio,100.0,unknown,https://archive.org/details/cbfc-ecinepramaan-100010292500003057,,463,archive.org: ELIO,archive_org:short(463) ; archive_org:err(ValueError: archive.org item has no pdf/txt file) ; archive_org:short(32459) ; archive_org:err(ValueError: archive.org item has no pdf/txt file),archive_org:Elio:https://archive.org/details/cbfc-ecinepramaan-100010292500003057 || archive_org:Elio:https://archive.org/details/gov.uscourts.utb.419080 || archive_org:Elio:https://archive.org/details/gov.uscourts.flsd.571674 || archive_org:Elio:https://archive.org/details/gov.uscourts.flsb.762143 || archive_org:Elio:https://archive.org/details/gov.uscourts.flmb.1311189 || archive_org:Elio:https://archive.org/details/gov.uscourts.flsb.772166 || archive_org:Elio:https://archive.org/details/elio-marchiaro_202307 || archive_org:Elio:https://archive.org/details/bub_gb_AjOhyFt7fkwC || archive_org:Elio:https://archive.org/details/gov.uscourts.flmb.1315406 || archive_org:Elio:https://archive.org/details/gov.uscourts.ilnb.1469333 || archive_org:Elio:https://archive.org/details/gov.uscourts.caeb.515094
2156,Brokeback Mountain20th anniversary,Brokeback Mountain,2025,True,,Focus Features,2026-10-06 16:47,6,ok,scriptslug,brokeback mountain,100.0,ok,https://assets.scriptslug.com/live/pdf/scripts/brokeback-mountain-2005.pdf,,130644,scriptslug brokeback-mountain-2005,scriptslug:ok,scriptslug:brokeback mountain:https://assets.scriptslug.com/live/pdf/scripts/brokeback-mountain-2005.pdf || simplyscripts:Brokeback Mountain:https://web.archive.org/web/20150724122436/https://web.archive.org/web/20150122112534/http://brokebackmtn.tripod.com/script.pdf || archive_org:Brokeback Mountain:https://archive.org/details/brokeback-mountain-2005_202602 || scriptsonscreen:Brokeback Mountain:https://www.scriptslug.com/script/brokeback-mountain-2005 || scriptsonscreen:Brokeback Mountain:https://thescriptsavant.com/movies/Broke_Back_Mountain.pdf || archive_org:Brokeback Mountain:https://archive.org/details/brokebackmountai0000prou_q6c4
2158,Hi-Five,Hi-Five,2025,False,,Well Go USA Entertainment,2026-10-06 16:47,1,transcript_only,,,,,,,0,,archive_org:err(HTTPError: 401 Client Error: Unauthorized for url: https://dn720003.ca.),archive_org:Hi-Five:https://archive.org/details/isbn_0021817200,https://www.springfieldspringfield.co.uk/movie_script.php?movie=hi-five,38050
2160,Dogtooth15th anniversary,Dogtooth,2025,True,,Kino Lorber,2026-10-06 16:47,1,ok_raw_only,archive_org,Dogtooth,100.0,unknown,https://archive.org/details/DOGTOOTH,,10510,archive.org: DOGTOOTH,archive_org:short(10510),archive_org:Dogtooth:https://archive.org/details/DOGTOOTH
2166,Jurassic World: Rebirth,Jurassic World: Rebirth,2025,False,,Universal Pictures,2026-10-06 16:47,4,ok,archive_org,Jurassic World: Rebirth,100.0,unknown,https://archive.org/details/jurassic-world-rebirth-uk,,101354,archive.org: Jurassic World Rebirth Uk Us 6,archive_org:short(24207) ; archive_org:short(24250) ; archive_org:short(24208) ; archive_org:ok,archive_org:Jurassic World: Rebirth:https://archive.org/details/jurassic-world-rebirth-uk || archive_org:Jurassic World: Rebirth:https://archive.org/details/jurassic-world-rebirth-hbo || archive_org:Jurassic World: Rebirth:https://archive.org/details/jurassic-world-rebirth-moviez || archive_org:Jurassic World: Rebirth:https://archive.org/details/jurassic-world-rebirth-production-information-approved
2168,"Sorry, Baby","Sorry, Baby",2025,False,,A24,2026-10-06 16:47,5,ok,simplyscripts_award,"Sorry, Baby",100.0,ok,https://a24awards.com/assets/Sorry-Baby-by-Eva-Victor.pdf,wayback,89266,"A24 Awards | undated, unspecified draft",simplyscripts_award:ok,"simplyscripts_award:Sorry, Baby:https://a24awards.com/assets/Sorry-Baby-by-Eva-Victor.pdf || scriptslug:sorry baby:https://assets.scriptslug.com/live/pdf/scripts/sorry-baby-2025.pdf || deadline:Sorry, Baby:https://deadline.com/2025/12/sorry-baby-script-read-eva-victor-screenplay-1236655487/ || linkpages:Sorry, Baby:https://a24awards.com/assets/Sorry-Baby-by-Eva-Victor.pdf || archive_org:Sorry, Baby:https://archive.org/details/cbfc-ecinepramaan-100050292300000286"
2170,Hot Milk,Hot Milk,2025,False,,IFC Films,2026-10-06 16:47,0,transcript_only,,,,,,,0,,,,https://www.springfieldspringfield.co.uk/movie_script.php?movie=hot-milk,24015
2172,Ponyboi,Ponyboi,2025,False,,GathrFilms,2026-10-06 16:47,0,transcript_only,,,,,,,0,,,,https://www.springfieldspringfield.co.uk/movie_script.php?movie=ponyboi,34105
2174,Blind Cop 2,Blind Cop 2,2025,False,,,2026-10-06 16:47,0,transcript_only,,,,,,,0,,,,https://www.springfieldspringfield.co.uk/movie_script.php?movie=blind-cop-2,32198
2176,40 Acres,40 Acres,2025,False,,Magnolia Pictures,2026-10-06 16:47,6,ok_raw_only,archive_org,40 Acres,100.0,unknown,https://archive.org/details/40-acres-of-velveteen,,0,archive.org: 40 Acres Of Velveteen,archive_org:short(0) ; archive_org:short(29265) ; archive_org:err(HTTPError: 401 Client Error: Unauthorized for url: https://dn720401.ca.) ; archive_org:short(3836),archive_org:40 Acres:https://archive.org/details/40-acres-of-velveteen || archive_org:40 Acres:https://archive.org/details/gov.uscourts.flmd.418322 || archive_org:40 Acres:https://archive.org/details/40acresandmuleaf0000kevi || archive_org:40 Acres:https://archive.org/details/gov.uscourts.ctd.151374 || archive_org:40 Acres:https://archive.org/details/40acresnomule00gile || archive_org:40 Acres:https://archive.org/details/40acresnomule00gile_0
2178,Superman,Superman,2025,False,,Warner Bros.,2026-10-06 16:47,14,ok,simplyscripts_award,Superman,100.0,ok,https://www.superman.com/script/supermanscript.pdf,,136933,"Superman.com | undated, unspecified later draft",simplyscripts_award:ok,simplyscripts_award:Superman:https://www.superman.com/script/supermanscript.pdf || simplyscripts_award:Superman:https://www.wbawards.com/scripts/wga/superman/ || scriptslug:superman:https://assets.scriptslug.com/live/pdf/scripts/superman-2025.pdf || linkpages:Superman:https://www.superman.com/script/supermanscript.pdf || scriptsonscreen:Superman:http://www.dailyscript.com/scripts/Superman(JJAbrams).pdf || scriptsonscreen:Superman:https://www.scriptslug.com/script/superman-1978 || scriptsonscreen:Superman:http://www.scifiscripts.com/scripts/superman_original.txt || scriptsonscreen:Superman:http://www.scifiscripts.com/scripts/superman_I_shoot.txt || archive_org:Superman:https://archive.org/details/superman-returns-red-sun-michael-dougherty-dan-harris-08-23-2005-final-productio || archive_org:Superman:https://archive.org/details/supermanreturnsc0000sing || scriptslug:superman:https://assets.scriptslug.com/live/pdf/scripts/superman-1978.pdf || simplyscripts:Superman:https://www.dailyscript.com/scripts/Superman(JJAbrams).pdf || archive_org:Superman:https://archive.org/details/superman-puzo || dailyscript:Superman:https://www.dailyscript.com/scripts/Superman(JJAbrams).pdf
2182,Sovereign,Sovereign,2025,False,,Briarcliff Entertainment,2026-10-06 16:47,0,transcript_only,,,,,,,0,,,,https://www.springfieldspringfield.co.uk/movie_script.php?movie=sovereign,43606
2186,Smurfs,Smurfs,2025,False,,Paramount Pictures,2026-10-06 16:47,1,ok,archive_org,Smurfs,100.0,unknown,https://archive.org/details/smurfs_its_a_smurfy_life_storyboards,ocr ,48933,archive.org: Smurfs: It's A Smurfy Life (storyboards and recording script),archive_org:ok,archive_org:Smurfs:https://archive.org/details/smurfs_its_a_smurfy_life_storyboards
2188,Saiyaara,Saiyaara,2025,False,,Yash Raj Films USA Inc.,2026-10-06 16:47,0,transcript_only,,,,,,,0,,,,https://www.springfieldspringfield.co.uk/movie_script.php?movie=saiyaara,54815
2194,The Fantastic Four: First Steps,The Fantastic Four: First Steps,2025,False,,Walt Disney Studios Motion Pictures,2026-10-06 16:47,1,ok,archive_org,The Fantastic Four: First Steps,100.0,ok,https://archive.org/details/the-fantastic-four-first-steps_202605,ocr ,42128,archive.org: The Fantastic Four: First Steps (2025),archive_org:ok,archive_org:The Fantastic Four: First Steps:https://archive.org/details/the-fantastic-four-first-steps_202605
2200,Bambi: The Reckoning,Bambi: The Reckoning,2025,False,,Seismic Releasing,2026-10-06 16:47,0,transcript_only,,,,,,,0,,,,https://www.springfieldspringfield.co.uk/movie_script.php?movie=bambi-the-reckoning,13903
2202,Diciannove,Diciannove,2025,False,,Oscilloscope,2026-10-06 16:47,2,transcript_only,,,,,,,0,,archive_org:err(HTTPError: 401 Client Error: Unauthorized for url: https://dn711204.ca.) ; archive_org:err(HTTPError: 401 Client Error: Unauthorized for url: https://dn790000.ca.),archive_org:Diciannove:https://archive.org/details/diciannoveraccon0000tatt || archive_org:Diciannove:https://archive.org/details/diciannoveminuti0000pico,https://www.springfieldspringfield.co.uk/movie_script.php?movie=diciannove,38153
2206,The Bad Guys 2,The Bad Guys 2,2025,False,,Universal Pictures,2026-10-06 16:47,1,ok_raw_only,archive_org,The Bad Guys 2,100.0,unknown,https://archive.org/details/20250820_20250820_2010,,1648,archive.org: The Bad Guys 2 Activities,archive_org:short(1648),archive_org:The Bad Guys 2:https://archive.org/details/20250820_20250820_2010
2208,Sketch,Sketch,2025,False,,Angel,2026-10-06 16:47,0,transcript_only,,,,,,,0,,,,https://www.springfieldspringfield.co.uk/movie_script.php?movie=sketch-2025,29887
2210,What If...15th Anniversary,What If...,2025,True,,Fathom Events,2026-10-06 16:47,12,ok_raw_only,archive_org,What If...,100.0,ok,https://archive.org/details/whatifjesusweren0000cole,,22824,"archive.org: What if Jesus were a New York City firefighter? : a story born on September 11, 2001",archive_org:err(HTTPError: 401 Client Error: Unauthorized for url: https://dn760105.eu.) ; archive_org:err(HTTPError: 401 Client Error: Unauthorized for url: https://dn760007.eu.) ; archive_org:short(22824) ; archive_org:err(HTTPError: 401 Client Error: Unauthorized for url: https://dn760102.eu.),archive_org:What If...:https://archive.org/details/whatifjesusweren0000cole || archive_org:What If...:https://archive.org/details/isbn_9781633370302 || archive_org:What If...:https://archive.org/details/unl_educational_comics_luna_41 || archive_org:What If...:https://archive.org/details/whatifjesushadne0000djam || archive_org:What If...:https://archive.org/details/whatifjesushadne0000djam_n1a5 || archive_org:What If...:https://archive.org/details/whatifwefallinlo00sout || archive_org:What If...:https://archive.org/details/whatifyourabcswe0000mint || archive_org:What If...:https://archive.org/details/whatifsatiricalw0000tuch || archive_org:What If...:https://archive.org/details/whatifthereweren0000unse || archive_org:What If...:https://archive.org/details/whatifwhynothowt0000groo || archive_org:What If...:https://archive.org/details/what-if-all-accused-are-found-guilty-alight-hig-strada-individuals || archive_org:What If...:https://archive.org/details/what-if-gender-swaps-olimar-and-louie-were-sailor-guardians
2212,Souleymane's Story,Souleymane's Story,2025,False,,Kino Lorber,2026-10-06 16:47,0,transcript_only,,,,,,,0,,,,https://www.springfieldspringfield.co.uk/movie_script.php?movie=souleymanes-story,36234
2218,Freakier Friday,Freakier Friday,2025,False,,Walt Disney Studios Motion Pictures,2026-10-06 16:47,0,transcript_only,,,,,,,0,,,,https://www.springfieldspringfield.co.uk/movie_script.php?movie=freakier-friday,58563
2220,Shin Godzilla2025 Re-release,Shin Godzilla,2025,True,,GKIDS,2026-10-06 16:47,1,ok_raw_only,archive_org,Shin Godzilla,100.0,unknown,https://archive.org/details/shin-godzilla_202510,,11252,archive.org: Shin Godzilla,archive_org:short(11252),archive_org:Shin Godzilla:https://archive.org/details/shin-godzilla_202510
2222,My Mother's Wedding,My Mother's Wedding,2025,False,,Vertical Entertainment,2026-10-06 16:47,4,download_failed,,,,,,,0,,archive_org:err(HTTPError: 403 Client Error: Forbidden for url: https://ia800504.us.arc) ; archive_org:err(HTTPError: 401 Client Error: Unauthorized for url: https://dn760107.eu.) ; archive_org:err(HTTPError: 401 Client Error: Unauthorized for url: https://dn760009.eu.) ; archive_org:err(HTTPError: 401 Client Error: Unauthorized for url: https://dn720706.ca.),archive_org:My Mother's Wedding:https://archive.org/details/mymotherswedding00pica || archive_org:My Mother's Wedding:https://archive.org/details/mymotherswedding0000pica || archive_org:My Mother's Wedding:https://archive.org/details/mymotherswedding0000pica_c1u1 || archive_org:My Mother's Wedding:https://archive.org/details/mymotherswedding0000pica_g9g0
2224,Boys Go to Jupiter,Boys Go to Jupiter,2025,False,,Cartuna,2026-10-06 16:47,0,transcript_only,,,,,,,0,,,,https://www.springfieldspringfield.co.uk/movie_script.php?movie=boys-go-to-jupiter,44335
2228,Coolie,Coolie,2025,False,,Prathyangira Cinemas,2026-10-06 16:47,3,ok,archive_org,Coolie,100.0,unknown,https://archive.org/details/coolieindentured00brit,,86651,archive.org: Coolie indentured labour : statement of the British and Foreign Anti-slavery Society shewing [sic] i,archive_org:ok,archive_org:Coolie:https://archive.org/details/coolieindentured00brit || archive_org:Coolie:https://archive.org/details/Coolieindian || archive_org:Coolie:https://archive.org/details/cbfc-ecinepramaan-100030292100002061
2230,East of Wall,East of Wall,2025,False,,Sony Pictures Classics,2026-10-06 16:47,0,transcript_only,,,,,,,0,,,,https://www.springfieldspringfield.co.uk/movie_script.php?movie=east-of-wall,39641
2232,Black Swan2025 Re-release,Black Swan,2025,True,,Walt Disney Studios Motion Pictures,2026-10-06 16:47,8,ok,scriptslug,black swan,100.0,ok,https://assets.scriptslug.com/live/pdf/scripts/black-swan-2010.pdf,,102921,scriptslug black-swan-2010,scriptslug:ok,scriptslug:black swan:https://assets.scriptslug.com/live/pdf/scripts/black-swan-2010.pdf || archive_org:Black Swan:https://archive.org/details/black-swan-2010-2009.10.05-shooting || imsdb:Black Swan:https://imsdb.com/Movie Scripts/Black Swan Script.html || scriptsonscreen:Black Swan:http://web.archive.org/web/20140909224251/http://www.raindance.org/site/picture/upload/Black%20Swan%20(2010).pdf || scriptsonscreen:Black Swan:https://thescriptsavant.com/movies/Black_Swan.pdf || scriptsonscreen:Black Swan:https://www.scriptslug.com/script/black-swan-2010 || scriptsonscreen:Black Swan:http://web.archive.org/web/20160122103133/http://www.joblo.com:80/scripts/blackswan.pdf || scriptsonscreen:Black Swan:http://www.imsdb.com/scripts/Black-Swan.html
2234,Primitive War,Primitive War,2025,False,,-,2026-10-06 16:47,1,ok_raw_only,archive_org,Primitive War,100.0,unknown,https://archive.org/details/primitive-war-comic-pitch,,11020,archive.org: Primitive War comic pitch,archive_org:short(11020),archive_org:Primitive War:https://archive.org/details/primitive-war-comic-pitch
2236,Jimmy and Stiggs,Jimmy and Stiggs,2025,False,,Iconic Events Releasing,2026-10-06 16:47,0,transcript_only,,,,,,,0,,,,https://www.springfieldspringfield.co.uk/movie_script.php?movie=jimmy-and-stiggs,47192
2244,Honey Don't!,Honey Don't!,2025,False,,Focus Features,2026-10-06 16:47,2,transcript_only,,,,,,,0,,archive_org:err(HTTPError: 401 Client Error: Unauthorized for url: https://dn760104.eu.) ; archive_org:err(HTTPError: 403 Client Error: Forbidden for url: https://ia801507.us.arc),archive_org:Honey Don't!:https://archive.org/details/honeydont0000sand || archive_org:Honey Don't!:https://archive.org/details/isbn_9780399149986,https://www.springfieldspringfield.co.uk/movie_script.php?movie=honey-dont,45129
2246,Eden,Eden,2025,False,,Vertical Entertainment,2026-10-06 16:47,1,ok,archive_org,Eden,100.0,fail,https://archive.org/details/eden-lake-2008_202512,,92555,archive.org: Eden Lake (2008) screenplay,archive_org:ok,archive_org:Eden:https://archive.org/details/eden-lake-2008_202512
2248,Splitsville,Splitsville,2025,False,,Neon,2026-10-06 16:47,3,ok,archive_org,Splitsville,100.0,unknown,https://archive.org/details/splitsvillethree0000dres,ocr wayback,75163,archive.org: Splitsville : three one-act plays,archive_org:err(HTTPError: 401 Client Error: Unauthorized for url: https://dn721801.ca.) ; archive_org:err(HTTPError: 401 Client Error: Unauthorized for url: https://dn760001.eu.) ; simplyscripts:ok,archive_org:Splitsville:https://archive.org/details/splitsvillethree0000dres || archive_org:Splitsville:https://archive.org/details/isbn_9781601621887 || simplyscripts:Splitsville:https://web.archive.org/web/20160221233643/http://www.pages.drexel.edu/~ina22/splaylib/Screenplay-Splitsville.pdf
2250,Lurker,Lurker,2025,False,,MUBI,2026-10-06 16:47,8,ok,archive_org,Lurker,100.0,unknown,https://archive.org/details/lurker_202609,,595220,archive.org: Lurker,archive_org:short(30330) ; archive_org:err(ValueError: archive.org item has no pdf/txt file) ; archive_org:ok,archive_org:Lurker:https://archive.org/details/lurker_202609 || archive_org:Lurker:https://archive.org/details/gov.uscourts.utd.107165 || archive_org:Lurker:https://archive.org/details/lurker-in-the-lobby-a-guide-to-the-cinema-of-h.-p.-lovecraft-andrew-migliore-joh || archive_org:Lurker:https://archive.org/details/wickeddeadlurker00stef || archive_org:Lurker:https://archive.org/details/lurker-manfred-lexicon-de-zei-si-demoni_202508 || archive_org:Lurker:https://archive.org/details/lurker0000petr || archive_org:Lurker:https://archive.org/details/Lurker-Otto-Hitler-hinter-Festungsmauern || archive_org:Lurker:https://archive.org/details/lurker-otto-hitler-hinter-festungsmauern-1933-93-s.-scan-fraktur
2252,Seeds,Seeds,2025,False,,Indican Pictures,2026-10-06 16:47,3,ok,archive_org,Seeds,100.0,unknown,https://archive.org/details/seedsofredemptio0000bern_j6m2,,89691,archive.org: Seeds of Redemption,archive_org:err(HTTPError: 401 Client Error: Unauthorized for url: https://dn710101.ca.) ; archive_org:short(37829) ; archive_org:ok,archive_org:Seeds:https://archive.org/details/seedsofredemptio0000bern_j6m2 || archive_org:Seeds:https://archive.org/details/CAT31384538 || archive_org:Seeds:https://archive.org/details/CAT31386400
2254,Trainwreck2025 Re-release,Trainwreck,2025,True,,Universal Pictures,2026-10-06 16:47,13,ok,scriptslug,trainwreck,100.0,ok,https://assets.scriptslug.com/live/pdf/scripts/trainwreck-2015.pdf,,101786,scriptslug trainwreck-2015,scriptslug:ok,scriptslug:trainwreck:https://assets.scriptslug.com/live/pdf/scripts/trainwreck-2015.pdf || dailyscript:Trainwreck:https://www.dailyscript.com/scripts/Trainwreck-Final-Script.pdf || simplyscripts:Trainwreck:https://www.dailyscript.com/scripts/Trainwreck-Final-Script.pdf || linkpages:Trainwreck:https://s3-us-west-2.amazonaws.com/screenplays-pdf/Movie-Screenplay-PDFs/Trainwreck.pdf || scriptsonscreen:Trainwreck:http://web.archive.org/web/20160218123352/http://www.universalpicturesawards.com/site-content/uploads/2015/08/Trainwreck-Final-Script.pdf || scriptsonscreen:Trainwreck:https://www.scriptslug.com/script/trainwreck-2015 || scriptsonscreen:Trainwreck:https://thescriptsavant.com/movies/Train_Wreck.pdf || archive_org:Trainwreck:https://archive.org/details/trainwreckwomenw0000doyl || archive_org:Trainwreck:https://archive.org/details/trainwreckmylife0000nich || archive_org:Trainwreck:https://archive.org/details/Trainwreckshortcomings || archive_org:Trainwreck:https://archive.org/details/trainwreckendofc00pres || archive_org:Trainwreck:https://archive.org/details/office-of-film-and-literature-classification_1500580.000 || archive_org:Trainwreck:https://archive.org/details/office-of-film-and-literature-classification_1500380.000
2256,The Body,The Body,2025,False,,Sony Pictures Releasing,2026-10-06 16:47,1,ok,archive_org,The Body,100.0,fail,https://archive.org/details/the-body-snatcher-1945_202601,ocr ,176236,archive.org: The Body Snatcher (1945) screenplay,archive_org:ok,archive_org:The Body:https://archive.org/details/the-body-snatcher-1945_202601
2258,Jaws2025 Re-release (50th Anniversary),Jaws,2025,True,,,2026-10-06 16:47,12,ok,scriptslug,jaws,100.0,ok,https://assets.scriptslug.com/live/pdf/scripts/jaws-1975.pdf,,158667,scriptslug jaws-1975,scriptslug:ok,scriptslug:jaws:https://assets.scriptslug.com/live/pdf/scripts/jaws-1975.pdf || archive_org:Jaws:https://archive.org/details/jaws-1975-final || archive_org:Jaws:https://archive.org/details/jaws-1975-peter-benchley-final || imsdb:Jaws:https://imsdb.com/Movie Scripts/Jaws Script.html || dailyscript:Jaws:https://www.dailyscript.com/scripts/Jaws.txt || simplyscripts:Jaws:https://www.dailyscript.com/scripts/Jaws.txt || simplyscripts:Jaws:http://www.horrorlair.com/scripts/jaws_final_draft.txt || simplyscripts:Jaws:http://www.horrorlair.com/scripts/jaws_late_draft.txt || scriptsonscreen:Jaws:https://www.scriptslug.com/script/jaws-1975 || scriptsonscreen:Jaws:http://www.dailyscript.com/scripts/Jaws.txt || scriptsonscreen:Jaws:http://www.imsdb.com/scripts/Jaws.html || scriptsonscreen:Jaws:http://sfy.ru/?script=jaws
2260,The Toxic Avenger,The Toxic Avenger,2025,False,,Iconic Events Releasing,2026-10-06 16:47,7,ok_raw_only,archive_org,The Toxic Avenger,100.0,unknown,https://archive.org/details/office-of-film-and-literature-classification_600261,,1939,archive.org: The Toxic Avenger Part II,archive_org:short(1939) ; archive_org:err(HTTPError: 500 Server Error: Internal Server Error for url: https://dn7) ; archive_org:short(1496) ; archive_org:short(7655),archive_org:The Toxic Avenger:https://archive.org/details/office-of-film-and-literature-classification_600261 || archive_org:The Toxic Avenger:https://archive.org/details/office-of-film-and-literature-classification_600263 || archive_org:The Toxic Avenger:https://archive.org/details/office-of-film-and-literature-classification_9700958 || archive_org:The Toxic Avenger:https://archive.org/details/the-toxic-avenger-he-may-wear-a-tu-tu-but-hes-tough || archive_org:The Toxic Avenger:https://archive.org/details/office-of-film-and-literature-classification_600264 || archive_org:The Toxic Avenger:https://archive.org/details/office-of-film-and-literature-classification_9700959 || archive_org:The Toxic Avenger:https://archive.org/details/office-of-film-and-literature-classification_600262
2262,Tina,Tina,2025,False,,Rialto Distribution,2026-10-06 16:47,8,download_failed,,,,,,,0,,archive_org:err(HTTPError: 401 Client Error: Unauthorized for url: https://dn760005.eu.) ; archive_org:err(HTTPError: 500 Server Error: Internal Server Error for url: https://dn7) ; archive_org:err(ValueError: archive.org item has no pdf/txt file) ; archive_org:err(ValueError: archive.org item has no pdf/txt file),archive_org:Tina:https://archive.org/details/isbn_9781906036126 || archive_org:Tina:https://archive.org/details/tinatoothfairy0000snel || archive_org:Tina:https://archive.org/details/gov.uscourts.flmb.1175899 || archive_org:Tina:https://archive.org/details/gov.uscourts.utb.410912 || archive_org:Tina:https://archive.org/details/gov.uscourts.utb.415478 || archive_org:Tina:https://archive.org/details/gov.uscourts.txsb.437540 || archive_org:Tina:https://archive.org/details/tina-2009-45 || archive_org:Tina:https://archive.org/details/tina-tica-legiunea-arhanghelul-mihail-la-comoraste-1998
2268,Hamilton2025 Re-release,Hamilton,2025,True,,Walt Disney Studios Motion Pictures,2026-10-06 16:47,1,ok,archive_org,Hamilton,100.0,unknown,https://archive.org/details/hamilton-script,,133102,archive.org: HAMILTON Script,archive_org:ok,archive_org:Hamilton:https://archive.org/details/hamilton-script
2272,The Breakfast Club2025 Re-release (40TH Anniversary),The Breakfast Club,2025,True,,Universal Pictures,2026-10-06 16:47,15,ok,scriptslug,the breakfast club,100.0,ok,https://assets.scriptslug.com/live/pdf/scripts/the-breakfast-club-1985.pdf,,75160,scriptslug the-breakfast-club-1985,scriptslug:ok,"scriptslug:the breakfast club:https://assets.scriptslug.com/live/pdf/scripts/the-breakfast-club-1985.pdf || dailyscript:The Breakfast Club:https://www.dailyscript.com/scripts/Breakfast_Club.pdf || simplyscripts:The Breakfast Club:https://www.dailyscript.com/scripts/Breakfast_Club.pdf || scriptsonscreen:The Breakfast Club:http://www.dailyscript.com/scripts/Breakfast_Club.pdf || scriptsonscreen:The Breakfast Club:https://www.scriptslug.com/script/the-breakfast-club-1985 || scriptsonscreen:The Breakfast Club:http://www.imsdb.com/scripts/Breakfast-Club,-The.html || scriptsonscreen:The Breakfast Club:http://sfy.ru/?script=breakfast_club || scriptsonscreen:The Breakfast Club:http://web.archive.org/web/20120316053903/http://www.fortunecity.com/meltingpot/regent/827/script.html || archive_org:The Breakfast Club:https://archive.org/details/savefanfiction-11683354-The_Breakfast_Club__RotBFTD_Style_-Constellations_of_Neverland || archive_org:The Breakfast Club:https://archive.org/details/savefanfiction-11895798-The_Breakfast_Club-UA || archive_org:The Breakfast Club:https://archive.org/details/office-of-film-and-literature-classification_1001473.000 || archive_org:The Breakfast Club:https://archive.org/details/office-of-film-and-literature-classification_1001473.001 || archive_org:The Breakfast Club:https://archive.org/details/breakfastclub0000cost || archive_org:The Breakfast Club:https://archive.org/details/breakfastclubmur0000cres || imsdb:Breakfast Club, The:https://imsdb.com/Movie Scripts/Breakfast Club, The Script.html"
2274,The American Southwest,The American Southwest,2025,False,,Fin & Fur Films,2026-10-06 16:47,3,download_failed,,,,,,,0,,archive_org:err(HTTPError: 401 Client Error: Unauthorized for url: https://dn720701.ca.) ; archive_org:err(HTTPError: 401 Client Error: Unauthorized for url: https://dn720701.ca.) ; archive_org:err(HTTPError: 401 Client Error: Unauthorized for url: https://dn760004.eu.),archive_org:The American Southwest:https://archive.org/details/americansouthwes0000perr_d2r8 || archive_org:The American Southwest:https://archive.org/details/bwb_S0-AKW-293 || archive_org:The American Southwest:https://archive.org/details/compassamericang00nanc
2276,Preparation for the Next Life,Preparation for the Next Life,2025,False,,Orion Pictures,2026-10-06 16:47,4,transcript_only,,,,,,,0,,archive_org:err(HTTPError: 500 Server Error: Internal Server Error for url: https://dn7) ; archive_org:err(HTTPError: 401 Client Error: Unauthorized for url: https://dn760000.eu.) ; archive_org:err(HTTPError: 500 Server Error: Internal Server Error for url: https://dn7) ; archive_org:err(HTTPError: 401 Client Error: Unauthorized for url: https://dn760002.eu.),archive_org:Preparation for the Next Life:https://archive.org/details/preparationforne0000lish_d6i6 || archive_org:Preparation for the Next Life:https://archive.org/details/preparationforne0000lish_v4x2 || archive_org:Preparation for the Next Life:https://archive.org/details/preparationforne0000lish_a6z9 || archive_org:Preparation for the Next Life:https://archive.org/details/preparationforne0000lish,https://www.springfieldspringfield.co.uk/movie_script.php?movie=preparation-for-the-next-life,21966
2278,Riefenstahl,Riefenstahl,2025,False,,Kino Lorber,2026-10-06 16:47,3,ok_raw_only,archive_org,Riefenstahl,100.0,unknown,https://archive.org/details/riefenstahlscree0000unse,,3738,archive.org: Riefenstahl screened : an anthology of new criticism,archive_org:err(HTTPError: 401 Client Error: Unauthorized for url: https://dn790002.ca.) ; archive_org:err(ValueError: archive.org item has no pdf/txt file) ; archive_org:short(3738),archive_org:Riefenstahl:https://archive.org/details/riefenstahlscree0000unse || archive_org:Riefenstahl:https://archive.org/details/riefenstahl0000jrge || archive_org:Riefenstahl:https://archive.org/details/de-1885-31599-riefenstahl
2284,Downton Abbey: The Grand Finale,Downton Abbey: The Grand Finale,2025,False,,Focus Features,2026-10-06 16:47,0,transcript_only,,,,,,,0,,,,https://www.springfieldspringfield.co.uk/movie_script.php?movie=downton-abbey-the-grand-finale,85874
2286,Toy Story2025 Re-release,Toy Story,2025,True,,Walt Disney Studios Motion Pictures,2026-10-06 16:47,18,ok,scriptslug,toy story,100.0,ok,https://assets.scriptslug.com/live/pdf/scripts/toy-story-1995.pdf,ocr ,121209,scriptslug toy-story-1995,scriptslug:ok,scriptslug:toy story:https://assets.scriptslug.com/live/pdf/scripts/toy-story-1995.pdf || simplyscripts:Toy Story:https://www.dailyscript.com/scripts/toy_story.html || archive_org:Toy Story:https://archive.org/details/toy-story-4-script-by-ben-karlin || imsdb:Toy Story:https://imsdb.com/Movie Scripts/Toy Story Script.html || dailyscript:Toy Story:https://www.dailyscript.com/scripts/toy_story.html || simplyscripts:Toy Story:https://web.archive.org/web/20160221233643/http://www.pages.drexel.edu/~ina22/splaylib/Screenplay-Toy_Story.pdf || scriptsonscreen:Toy Story:https://www.scriptslug.com/script/toy-story-1995 || scriptsonscreen:Toy Story:http://www.imsdb.com/scripts/Toy-Story.html || scriptsonscreen:Toy Story:http://www.dailyscript.com/scripts/toy_story.html || scriptsonscreen:Toy Story:http://sfy.ru/?script=toy_story || scriptsonscreen:Toy Story:http://web.archive.org/web/20201111170824/http://www.script-o-rama.com/movie_scripts/t/toy-story-transcript.html || archive_org:Toy Story:https://archive.org/details/recall-toy-story-3 || archive_org:Toy Story:https://archive.org/details/toy-story-2-original-script-with-bullseye-dialogue || archive_org:Toy Story:https://archive.org/details/ts-3-herzfeld-blended-family || archive_org:Toy Story:https://archive.org/details/toy-story-4-by-ben-karlin-may-17-2013 || archive_org:Toy Story:https://archive.org/details/toy_story_2_dtv || archive_org:Toy Story:https://archive.org/details/original-toy-story-3-script || archive_org:Toy Story:https://archive.org/details/toy-story-3-by-cheri-and-bill-steinkellner-december-8-2004
2288,The Sound of Music60th Anniversary,The Sound of Music,2025,True,,Fathom Events,2026-10-06 16:47,10,ok,scriptsonscreen,The Sound of Music,100.0,unknown,https://thescriptsavant.com/movies/The_Sound_Of_Music.pdf,wayback,42034,scripts-onscreen: The Script Savant (https://scripts-onscreen.com/movie/the-sound-of-music-script-links/),scriptsonscreen:ok,scriptsonscreen:The Sound of Music:https://thescriptsavant.com/movies/The_Sound_Of_Music.pdf || scriptsonscreen:The Sound of Music:http://web.archive.org/web/20201111212451/http://www.script-o-rama.com/movie_scripts/s/sound-of-music-script-transcript.html || archive_org:The Sound of Music:https://archive.org/details/soundofmusicfaqa0000monu || archive_org:The Sound of Music:https://archive.org/details/soundofmusic0000flin || archive_org:The Sound of Music:https://archive.org/details/bwb_KT-126-222 || archive_org:The Sound of Music:https://archive.org/details/The_Sound_Of_Music_Mary_Martin_ || archive_org:The Sound of Music:https://archive.org/details/the-sound-of-music-choral-highlights-arr.-john-leavitt-rodgers-hammerstein-choral-satb || archive_org:The Sound of Music:https://archive.org/details/vasulka10575 || archive_org:The Sound of Music:https://archive.org/details/soundofmusicvoca0000rodg || archive_org:The Sound of Music:https://archive.org/details/the-sound-of-music-marie-osmond-program
2292,Rabbit Trap,Rabbit Trap,2025,False,,Magnolia Pictures,2026-10-06 16:47,0,transcript_only,,,,,,,0,,,,https://www.springfieldspringfield.co.uk/movie_script.php?movie=rabbit-trap,14685
2294,Happyend,Happyend,2025,False,,Film Movement,2026-10-06 16:47,2,ok,linkpages,Happy End,100.0,unknown,http://www.sonyclassics.com/awards-information/screenplays/happyend_screenplay.pdf,wayback,99309,listed on https://bulletproofscreenwriting.tv/free-screenplays-download/,linkpages:ok,linkpages:Happy End:http://www.sonyclassics.com/awards-information/screenplays/happyend_screenplay.pdf || simplyscripts_award:Happy End:http://www.sonyclassics.com/awards-information/screenplays/happyend_screenplay.pdf
2296,Don't Answer,Don't Answer,2025,False,,Indican Pictures,2026-10-06 16:47,0,transcript_only,,,,,,,0,,,,https://www.springfieldspringfield.co.uk/movie_script.php?movie=dont-answer,30326
2298,Him,Him,2025,False,,Universal Pictures,2026-10-06 16:47,1,ok,archive_org,Him,100.0,ok,https://archive.org/details/him-2025,,131661,archive.org: Him (2025) screenplay,archive_org:ok,archive_org:Him:https://archive.org/details/him-2025
2300,The Senior,The Senior,2025,False,,Angel,2026-10-06 16:47,4,ok,archive_org,The Senior,100.0,unknown,https://archive.org/details/seniorsolutionfa0000vanb,,212928,archive.org: The Senior Solution : A Family Guide to Keeping Seniors Home for Life,archive_org:err(HTTPError: 401 Client Error: Unauthorized for url: https://dn760008.eu.) ; archive_org:ok,archive_org:The Senior:https://archive.org/details/seniorsolutionfa0000vanb || archive_org:The Senior:https://archive.org/details/micro_IA41152950_0460 || archive_org:The Senior:https://archive.org/details/seniorcitizensso0000bcgk || archive_org:The Senior:https://archive.org/details/the-senior-berean-lesson-quarterly-vol.-xix-no.-1-1st-quarter-jan.-mar.-1901
2302,Apollo 132025 Re-release (30TH Anniversary),Apollo 13,2025,True,,Universal Pictures,2026-10-06 16:47,10,ok,simplyscripts,Apollo 13,100.0,ok,https://drive.google.com/file/d/1TG_cTIhmR_jdDxEnyQNCH0qNLosUu2X1/view?usp=drivesdk,ocr ,166323,"Google Drive | (August 6, 1994 revised 4th draft (11/17/94 revision)) by John Sayles (rewite of a script by William Broyles, Jr. & Al Reinert (based on the book 'Lost Moon' by Jim Lovel & Jeffrey Kluger)) host:",simplyscripts:ok,simplyscripts:Apollo 13:https://drive.google.com/file/d/1TG_cTIhmR_jdDxEnyQNCH0qNLosUu2X1/view?usp=drivesdk || simplyscripts:Apollo 13:https://drive.google.com/file/d/1TunIEGlF_7Dm0wKf_hPHLa4wZKJi0-EH/view?usp=drivesdk || archive_org:Apollo 13:https://archive.org/details/apollo1319959231994 || archive_org:Apollo 13:https://archive.org/details/apollo1319954threvison11171994 || imsdb:Apollo 13:https://imsdb.com/Movie Scripts/Apollo 13 Script.html || scriptsonscreen:Apollo 13:http://web.archive.org/web/20170809053029/http://screenplayexplorer.com:80/wp-content/scripts/Apollo-13.pdf || scriptsonscreen:Apollo 13:http://sfy.ru/?script=apollo13 || scriptsonscreen:Apollo 13:http://www.imsdb.com/scripts/Apollo-13.html || scriptsonscreen:Apollo 13:http://web.archive.org/web/20111205045351/http://www.script-o-rama.com:80/movie_scripts/a/apollo-13-script.html || scriptsonscreen:Apollo 13:https://www.scripts.com/script/apollo_13_3020
2304,Xeno,Xeno,2025,False,,Blue Fox Entertainment,2026-10-06 16:47,9,ok,archive_org,Xeno,100.0,unknown,https://archive.org/details/xenomanifesto0000brys,,136809,archive.org: Xeno Manifesto,archive_org:err(HTTPError: 401 Client Error: Unauthorized for url: https://dn720005.ca.) ; archive_org:short(14333) ; archive_org:ok,archive_org:Xeno:https://archive.org/details/xenomanifesto0000brys || archive_org:Xeno:https://archive.org/details/xeno-zeronium-m.-2-zen-guide || archive_org:Xeno:https://archive.org/details/manualzilla-id-6902062 || archive_org:Xeno:https://archive.org/details/xf-2-technologies-of-domination || archive_org:Xeno:https://archive.org/details/xeno-legendium-islamic-folklore-the-tale-of-500-years-muslim-sufi-worship || archive_org:Xeno:https://archive.org/details/xeno-stuff || archive_org:Xeno:https://archive.org/details/xeno101 || archive_org:Xeno:https://archive.org/details/xeno0000dfjo || archive_org:Xeno:https://archive.org/details/xenotransplantat0278unse
2308,Peacock,Peacock,2025,False,,Oscilloscope,2026-10-06 16:47,0,transcript_only,,,,,,,0,,,,https://www.springfieldspringfield.co.uk/movie_script.php?movie=peacock-2024,38493
2310,One Battle After Another,One Battle After Another,2025,False,,Warner Bros.,2026-10-06 16:47,3,ok_raw_only,scriptslug,one battle after another,100.0,ok,https://assets.scriptslug.com/live/pdf/scripts/one-battle-after-another-2025.pdf,,2357,scriptslug one-battle-after-another-2025,scriptslug:err(HTTPError: 403 Client Error: Forbidden for url: https://assets.scriptsl) ; archive_org:short(2357) ; archive_org:short(24306),scriptslug:one battle after another:https://assets.scriptslug.com/live/pdf/scripts/one-battle-after-another-2025.pdf || archive_org:One Battle After Another:https://archive.org/details/one-battle-after-another-thai-dub || archive_org:One Battle After Another:https://archive.org/details/one-battle-after-another-imdb
2314,Eleanor the Great,Eleanor the Great,2025,False,,Sony Pictures Classics,2026-10-06 16:47,0,transcript_only,,,,,,,0,,,,https://www.springfieldspringfield.co.uk/movie_script.php?movie=eleanor-the-great,49024
2316,The Girl Who Leapt Through Time2025 Re-release (4K Restoration),The Girl Who Leapt Through Time,2025,True,,GKIDS,2026-10-06 16:47,2,ok_raw_only,archive_org,The Girl Who Leapt Through Time,100.0,unknown,https://archive.org/details/girlwholeaptthro0000tsut,,502,archive.org: The girl who leapt through time,archive_org:err(HTTPError: 401 Client Error: Unauthorized for url: https://dn760005.eu.) ; archive_org:short(502),archive_org:The Girl Who Leapt Through Time:https://archive.org/details/girlwholeaptthro0000tsut || archive_org:The Girl Who Leapt Through Time:https://archive.org/details/cbfc-ecinepramaan-100010291900013893
2324,The Smashing Machine,The Smashing Machine,2025,False,,A24,2026-10-06 16:47,4,ok,simplyscripts_award,The Smashing Machine,100.0,ok,https://a24awards.com/assets/The-Smashing-Machine-By-Benny-Safdie_2025-11-11-060707_cyjr.pdf,wayback,187734,"A24 Awards | June 28, 2024 shooting draft ",simplyscripts_award:ok,simplyscripts_award:The Smashing Machine:https://a24awards.com/assets/The-Smashing-Machine-By-Benny-Safdie_2025-11-11-060707_cyjr.pdf || linkpages:The Smashing Machine:https://a24awards.com/assets/The-Smashing-Machine-By-Benny-Safdie_2025-11-11-060707_cyjr.pdf || archive_org:The Smashing Machine:https://archive.org/details/office-of-film-and-literature-classification_600267 || archive_org:The Smashing Machine:https://archive.org/details/office-of-film-and-literature-classification_600268
2326,Good Boy,Good Boy,2025,False,,IFC Films,2026-10-06 16:47,1,download_failed,,,,,,,0,,scriptsonscreen:short(34946),scriptsonscreen:Good Boy:http://web.archive.org/web/20170325221950/http://www.script-o-rama.com:80/movie_scripts/g/good-boy-script-transcript-liam.html
2328,Casper2025 Re-release,Casper,2025,True,,Universal Pictures,2026-10-06 16:47,5,ok,scriptslug,casper,100.0,ok,https://assets.scriptslug.com/live/pdf/scripts/casper-1995.pdf,,133933,scriptslug casper-1995,scriptslug:ok,scriptslug:casper:https://assets.scriptslug.com/live/pdf/scripts/casper-1995.pdf || archive_org:Casper:https://archive.org/details/casper-script || archive_org:Casper:https://archive.org/details/casper_202103 || scriptsonscreen:Casper:https://www.scriptslug.com/script/casper-1995 || scriptsonscreen:Casper:http://web.archive.org/web/20210422014148/http://www.script-o-rama.com/movie_scripts/c/casper-script-transcript-christina-ricci.html
2330,Anemone,Anemone,2025,False,,Focus Features,2026-10-06 16:47,0,transcript_only,,,,,,,0,,,,https://www.springfieldspringfield.co.uk/movie_script.php?movie=anemone,31505
2332,The Librarians,The Librarians,2025,False,,,2026-10-06 16:47,2,ok,archive_org,The Librarians,100.0,unknown,https://archive.org/details/cu31924029551409,,2891953,archive.org: The librarians of Harvard College 1667-1877,archive_org:ok,archive_org:The Librarians:https://archive.org/details/cu31924029551409 || archive_org:The Librarians:https://archive.org/details/micro_IA41155149_0102
2334,Ju Dou2025 Re-Release,Ju Dou,2025,True,,,2026-10-06 16:47,0,transcript_only,,,,,,,0,,,,https://www.springfieldspringfield.co.uk/movie_script.php?movie=ju-dou,15274
2338,Soul on Fire,Soul on Fire,2025,False,,Affirm Films,2026-10-06 16:47,6,ok,archive_org,Soul on Fire,100.0,unknown,https://archive.org/details/savefanfiction-11544215-Soul_on_Fire-LegendaryOutcast,,331790,archive.org: Soul on Fire,archive_org:short(34699) ; archive_org:err(HTTPError: 401 Client Error: Unauthorized for url: https://dn790006.ca.) ; archive_org:err(HTTPError: 401 Client Error: Unauthorized for url: https://dn720003.ca.) ; archive_org:ok,archive_org:Soul on Fire:https://archive.org/details/savefanfiction-11544215-Soul_on_Fire-LegendaryOutcast || archive_org:Soul on Fire:https://archive.org/details/soulonfireturbul0000blyt || archive_org:Soul on Fire:https://archive.org/details/soulonfiretransf0000calh || archive_org:Soul on Fire:https://archive.org/details/cleaversoulonfire || archive_org:Soul on Fire:https://archive.org/details/soulonfire0000skyy || archive_org:Soul on Fire:https://archive.org/details/soulonfire00clea
2340,After the Hunt,After the Hunt,2025,False,,Amazon MGM Studios,2026-10-06 16:47,5,ok,simplyscripts_award,After The Hunt,100.0,ok,https://amazonmgmstudiosguilds.com/app/uploads/2025/08/After_The_Hunt_Screenplay_FIN.pdf,,106851,"Amazon MGM Studios | August 13, 2024 draft",simplyscripts_award:ok,simplyscripts_award:After The Hunt:https://amazonmgmstudiosguilds.com/app/uploads/2025/08/After_The_Hunt_Screenplay_FIN.pdf || scriptslug:after the hunt:https://assets.scriptslug.com/live/pdf/scripts/after-the-hunt-2025.pdf || deadline:After the Hunt:https://deadline.com/2025/12/after-the-hunt-script-nora-garrett-debut-1236653633/ || archive_org:After the Hunt:https://archive.org/details/after-the-hunt-script-2025 || linkpages:After The Hunt:https://amazonmgmstudiosguilds.com/app/uploads/2025/08/After_The_Hunt_Screenplay_FIN.pdf
2342,If I Had Legs I'd Kick You,If I Had Legs I'd Kick You,2025,False,,A24,2026-10-06 16:47,3,ok,simplyscripts_award,"If I Had Legs, I'd Kick You",100.0,ok,https://a24awards.com/assets/IF-I-HAD-LEGS-BRONSTEIN-_Final-1_2025-11-19-174100_lgcd.pdf,wayback,146743,"A24 Awards | undated, unspecified draft",simplyscripts_award:ok,"simplyscripts_award:If I Had Legs, I'd Kick You:https://a24awards.com/assets/IF-I-HAD-LEGS-BRONSTEIN-_Final-1_2025-11-19-174100_lgcd.pdf || deadline:If I Had Legs I'd Kick You:https://deadline.com/2025/12/if-i-had-legs-id-kick-you-script-mary-bronstein-1236658002/ || linkpages:If I Had Legs I’d Kick You:https://a24awards.com/assets/IF-I-HAD-LEGS-BRONSTEIN-_Final-1_2025-11-19-174100_lgcd.pdf"
2344,It Was Just an Accident,It Was Just an Accident,2025,False,,Neon,2026-10-06 16:47,4,ok,simplyscripts_award,It Was Just An Accident,100.0,ok,https://s3.documentcloud.org/documents/26380932/it-was-just-an-accident-read-the-screenplay.pdf,,82807,"Deadline | undated, unspecified draft",simplyscripts_award:ok,simplyscripts_award:It Was Just An Accident:https://s3.documentcloud.org/documents/26380932/it-was-just-an-accident-read-the-screenplay.pdf || scriptslug:it was just an accident:https://assets.scriptslug.com/live/pdf/scripts/it-was-just-an-accident-2025.pdf || deadline:It Was Just an Accident:https://deadline.com/2025/12/it-was-just-an-accident-script-jafar-panahi-screenplay-1236649919/ || linkpages:It Was Just An Accident:https://s3.documentcloud.org/documents/26380932/it-was-just-an-accident-read-the-screenplay.pdf
2348,Good Fortune,Good Fortune,2025,False,,Lionsgate,2026-10-06 16:47,1,transcript_only,,,,,,,0,,archive_org:err(ValueError: archive.org item has no pdf/txt file),archive_org:Good Fortune:https://archive.org/details/gov.uscourts.njd.337703,https://www.springfieldspringfield.co.uk/movie_script.php?movie=good-fortune,57822
2350,Pets on a Train,Pets on a Train,2025,False,,Viva Pictures,2026-10-06 16:47,0,transcript_only,,,,,,,0,,,,https://www.springfieldspringfield.co.uk/movie_script.php?movie=pets-on-a-train,44659
2354,Blue Moon,Blue Moon,2025,False,,Sony Pictures Classics,2026-10-06 16:47,5,ok,simplyscripts_award,Blue Moon,100.0,ok,https://s3.documentcloud.org/documents/26445406/blue-moon-read-the-screenplay.pdf,,107795,"Deadline | January 9, 2025 conformed script",simplyscripts_award:ok,simplyscripts_award:Blue Moon:https://s3.documentcloud.org/documents/26445406/blue-moon-read-the-screenplay.pdf || scriptslug:blue moon:https://assets.scriptslug.com/live/pdf/scripts/blue-moon-2025.pdf || deadline:Blue Moon:https://deadline.com/2025/12/blue-moon-script-robert-kaplow-lorenz-hart-movie-1236658015/ || archive_org:Blue Moon:https://archive.org/details/blue-moon-script-2025 || linkpages:Blue Moon:https://s3.documentcloud.org/documents/26445406/blue-moon-read-the-screenplay.pdf
2362,Chainsaw Man - The Movie: Reze Arc,Chainsaw Man - The Movie: Reze Arc,2025,False,,Sony Pictures Releasing,2026-10-06 16:47,0,transcript_only,,,,,,,0,,,,https://www.springfieldspringfield.co.uk/movie_script.php?movie=chainsaw-man-the-movie-reze-arc,30105
2364,Springsteen: Deliver Me from Nowhere,Springsteen: Deliver Me from Nowhere,2025,False,,20th Century Studios,2026-10-06 16:47,2,ok,simplyscripts_award,Springsteen: Deliver Me From Nowhere,100.0,ok,https://s3.documentcloud.org/documents/26456793/springsteen-deliver-me-from-nowhere-read-the-screenplay.pdf,,151255,"Deadline | December 16, 2024 Cherry Draft ",simplyscripts_award:ok,simplyscripts_award:Springsteen: Deliver Me From Nowhere:https://s3.documentcloud.org/documents/26456793/springsteen-deliver-me-from-nowhere-read-the-screenplay.pdf || linkpages:Springsteen: Deliver Me From Nowhere:https://s3.documentcloud.org/documents/26456793/springsteen-deliver-me-from-nowhere-read-the-screenplay.pdf
2366,Twilight2025 Re-release,Twilight,2025,True,,-,2026-10-06 16:47,7,ok,scriptslug,twilight,100.0,ok,https://assets.scriptslug.com/live/pdf/scripts/twilight-2008.pdf,,129791,scriptslug twilight-2008,scriptslug:ok,scriptslug:twilight:https://assets.scriptslug.com/live/pdf/scripts/twilight-2008.pdf || archive_org:Twilight:https://archive.org/details/twilight-2008-outline-2007.09.09 || imsdb:Twilight:https://imsdb.com/Movie Scripts/Twilight Script.html || scriptsonscreen:Twilight:https://thescriptsavant.com/movies/Twilight.pdf || scriptsonscreen:Twilight:http://www.raindance.co.uk/site/picture/upload/image/books/Twilight.pdf || scriptsonscreen:Twilight:https://www.scriptslug.com/script/twilight-2008 || scriptsonscreen:Twilight:http://www.imsdb.com/scripts/Twilight.html
2368,The Twilight Saga: New Moon2025 Re-release,The Twilight Saga: New Moon,2025,True,,-,2026-10-06 16:47,3,ok,simplyscripts,The Twilight Saga: New Moon,100.0,ok,http://www.imsdb.com/scripts/Twilight-New-Moon.html,,194427,"Imsdb | (December 21, 2008 second draft ) by Melissa Rosenberg (Adapted from the novel by Stephie Meyer) host:",simplyscripts:ok,simplyscripts:The Twilight Saga: New Moon:http://www.imsdb.com/scripts/Twilight-New-Moon.html || scriptsonscreen:The Twilight Saga: New Moon:https://thescriptsavant.com/movies/Twilight_New_Moon.pdf || archive_org:The Twilight Saga: New Moon:https://archive.org/details/twilightsaganewm0000vazm
2372,Dream Eater,Dream Eater,2025,False,,Iconic Events Releasing,2026-10-06 16:47,1,transcript_only,,,,,,,0,,archive_org:err(HTTPError: 500 Server Error: Internal Server Error for url: https://dn7),archive_org:Dream Eater:https://archive.org/details/dreameater0000kbir,https://www.springfieldspringfield.co.uk/movie_script.php?movie=dream-eater,35566
2374,Anniversary,Anniversary,2025,False,,Roadside Attractions,2026-10-06 16:47,1,ok_raw_only,archive_org,Anniversary,100.0,unknown,https://archive.org/details/anniversary-of-supreme-court-abortion-decision-voa-radio-script,,3074,archive.org: Anniversary of Supreme Court Abortion Decision (VOA Radio Script),archive_org:short(3074),archive_org:Anniversary:https://archive.org/details/anniversary-of-supreme-court-abortion-decision-voa-radio-script
2376,Dracula,Dracula,2025,False,,1-2 Special,2026-10-06 16:47,7,ok,scriptsonscreen,Dracula,100.0,unknown,https://www.scripts.com/script/dracula_7220,wayback,41722,scripts-onscreen: scripts.com (https://scripts-onscreen.com/movie/dracula-script-links/),scriptsonscreen:short(11423) ; scriptsonscreen:ok,scriptsonscreen:Dracula:https://www.scripts.com/script/dracula_7220 || scriptsonscreen:Dracula:http://web.archive.org/web/20201119155455/http://www.script-o-rama.com/movie_scripts/d/dracula-script-transcript-bela-lugosi.html || archive_org:Dracula:https://archive.org/details/dracula-1931-1930-9-26-4th-final-dialogue-continuity || archive_org:Dracula:https://archive.org/details/dracula-2000-2000-2000.03.15 || archive_org:Dracula:https://archive.org/details/dracula-1979-2-nd-7-27-78-scan || archive_org:Dracula:https://archive.org/details/dracula-1974-1972.08.07-scan-tvm || archive_org:Dracula:https://archive.org/details/dracula-dead-and-loving-it-1995-final-1995.03.08
2378,Back to the Future40th Anniversary,Back to the Future,2025,True,,Universal Pictures,2026-10-06 16:47,13,ok,scriptslug,back to the future,100.0,ok,https://assets.scriptslug.com/live/pdf/scripts/back-to-the-future-1985.pdf,,136166,scriptslug back-to-the-future-1985,scriptslug:ok,scriptslug:back to the future:https://assets.scriptslug.com/live/pdf/scripts/back-to-the-future-1985.pdf || simplyscripts:Back To The Future:http://www.scifiscripts.com/scripts/back_to_the_future_original_draft.html || simplyscripts:Back To The Future:http://www.scifiscripts.com/scripts/backtothefuture_early.txt || archive_org:Back to the Future:https://archive.org/details/back-to-the-future-ii-1989-iii-1990-1989.08.02-fka-paradox || imsdb:Back to the Future:https://imsdb.com/Movie Scripts/Back to the Future Script.html || scriptsonscreen:Back to the Future:http://www.dailyscript.com/scripts/bttf4th.pdf || scriptsonscreen:Back to the Future:http://www.bttf.com/ImageFolio3_files/gallery/Scripts/19841012.pdf || scriptsonscreen:Back to the Future:https://www.scriptslug.com/script/back-to-the-future-1985 || scriptsonscreen:Back to the Future:http://web.archive.org/web/20210124013622/https://www.imsdb.com/scripts/Back-to-the-Future.pdf || scriptsonscreen:Back to the Future:http://www.mymoviescripts.com/?id=Back+To+The+Future || scriptsonscreen:Back to the Future:http://www.scifiscripts.com/scripts/backtothefuture_transcript.txt || scriptsonscreen:Back to the Future:http://sfy.ru/?script=back_to_the_future_ts || archive_org:Back to the Future:https://archive.org/details/untitled-1_20221219
2380,The Twilight Saga: Breaking Dawn - Part 22025 Re-release,The Twilight Saga: Breaking Dawn - Part 2,2025,True,,-,2026-10-06 16:47,1,transcript_only,,,,,,,0,,archive_org:err(HTTPError: 500 Server Error: Internal Server Error for url: https://dn7),archive_org:The Twilight Saga: Breaking Dawn - Part 2:https://archive.org/details/cbfc-ecinepramaan-100010292000005767,https://www.springfieldspringfield.co.uk/movie_script.php?movie=the-twilight-saga-breaking-dawn-part-2,27231
2382,The Twilight Saga: Eclipse2025 Re-release,The Twilight Saga: Eclipse,2025,True,,-,2026-10-06 16:47,3,ok,simplyscripts,The Twilight Saga: Eclipse,100.0,ok,http://www.horrorlair.com/scripts/Twilight-3-Eclipse-Melissa-Rosenberg-July-14-2009.pdf,ocr ,147863,"Horrorlair | (July 14, 2009 blue draft) by Melissa Rosenberg host:",simplyscripts:ok,simplyscripts:The Twilight Saga: Eclipse:http://www.horrorlair.com/scripts/Twilight-3-Eclipse-Melissa-Rosenberg-July-14-2009.pdf || scriptsonscreen:The Twilight Saga: Eclipse:https://thescriptsavant.com/movies/Twilight_Eclipse.pdf || scriptsonscreen:The Twilight Saga: Eclipse:http://web.archive.org/web/20171031122052/http://www.joblo.com:80/scripts/Twilight-Eclipse.pdf
2386,Put Your Soul on Your Hand and Walk,Put Your Soul on Your Hand and Walk,2025,False,,Kino Lorber,2026-10-06 16:47,0,transcript_only,,,,,,,0,,,,https://www.springfieldspringfield.co.uk/movie_script.php?movie=put-your-soul-on-your-hand-and-walk,54960
2388,Sarah's Oil,Sarah's Oil,2025,False,,Amazon MGM Studios,2026-10-06 16:47,0,transcript_only,,,,,,,0,,,,https://www.springfieldspringfield.co.uk/movie_script.php?movie=sarahs-oil,56946
2390,Die My Love,Die My Love,2025,False,,MUBI,2026-10-06 16:47,0,transcript_only,,,,,,,0,,,,https://www.springfieldspringfield.co.uk/movie_script.php?movie=die-my-love,27767
2394,Sentimental Value,Sentimental Value,2025,False,,Neon,2026-10-06 16:47,3,ok,simplyscripts_award,Sentimental Value (English translation),100.0,ok,https://neon.app.box.com/s/p3r2xh1ympy100f2mssidwj1sgxho8sg,,176948,"Neon | Sentimental Value (English translation) by Eskil Vogt & Joachim Trier hosted by Neon (August 18, 2024 version 2.3) - An intimate exploration of family, memories, and the reconciliatory power of art. (",simplyscripts_award:err(ValueError: Box shared link: no direct PDF download - open in a browser ) ; scriptslug:ok,simplyscripts_award:Sentimental Value (English translation):https://neon.app.box.com/s/p3r2xh1ympy100f2mssidwj1sgxho8sg || scriptslug:sentimental value:https://assets.scriptslug.com/live/pdf/scripts/sentimental-value-2025.pdf || deadline:Sentimental Value:https://deadline.com/2026/01/sentimental-value-script-joachim-trier-eskil-vogt-1236676187/
2396,Peter Hujar's Day,Peter Hujar's Day,2025,False,,Janus Films,2026-10-06 16:47,2,ok,simplyscripts_award,Peter Hujar's Day,100.0,ok,https://s3.documentcloud.org/documents/26451820/peter-hujars-day-read-the-screenplay.pdf,,61930,"Deadline | undated, unspecified draft",simplyscripts_award:ok,simplyscripts_award:Peter Hujar's Day:https://s3.documentcloud.org/documents/26451820/peter-hujars-day-read-the-screenplay.pdf || linkpages:Peter Hujar’s Day:https://s3.documentcloud.org/documents/26451820/peter-hujars-day-read-the-screenplay.pdf
2398,Natchez,Natchez,2025,False,,Oscilloscope,2026-10-06 16:47,4,ok,archive_org,Natchez,100.0,unknown,https://archive.org/details/gov.uscourts.mssd.46379,,127767,archive.org: Natchez-Adams School v. Searing,archive_org:err(ValueError: archive.org item has no pdf/txt file) ; archive_org:short(5886) ; archive_org:err(HTTPError: 401 Client Error: Unauthorized for url: https://dn721608.ca.) ; archive_org:ok,archive_org:Natchez:https://archive.org/details/gov.uscourts.mssd.46379 || archive_org:Natchez:https://archive.org/details/gov.uscourts.lawd.158432 || archive_org:Natchez:https://archive.org/details/bwb_T3-BOB-433 || archive_org:Natchez:https://archive.org/details/natchezsymboloft53830gut
2400,Now You See Me: Now You Don't,Now You See Me: Now You Don't,2025,False,,Lionsgate,2026-10-06 16:47,8,ok_raw_only,archive_org,Now You See Me: Now You Don't,100.0,unknown,https://archive.org/details/nowyouseemenowyo0000swan,,862,"archive.org: Now you see me, now you don't",archive_org:err(HTTPError: 401 Client Error: Unauthorized for url: https://dn790001.ca.) ; archive_org:short(862) ; archive_org:err(HTTPError: 401 Client Error: Unauthorized for url: https://dn760103.eu.) ; archive_org:err(HTTPError: 401 Client Error: Unauthorized for url: https://dn790000.ca.),archive_org:Now You See Me: Now You Don't:https://archive.org/details/nowyouseemenowyo0000swan || archive_org:Now You See Me: Now You Don't:https://archive.org/details/office-of-film-and-literature-classification_1900355.010 || archive_org:Now You See Me: Now You Don't:https://archive.org/details/nowyouseemenowyo0000bora || archive_org:Now You See Me: Now You Don't:https://archive.org/details/isbn_0595342256 || archive_org:Now You See Me: Now You Don't:https://archive.org/details/nowyouseemenowyo0000gree || archive_org:Now You See Me: Now You Don't:https://archive.org/details/nowyouseemenowyo0000bora_c5i0 || archive_org:Now You See Me: Now You Don't:https://archive.org/details/spzackfiles1200dang || archive_org:Now You See Me: Now You Don't:https://archive.org/details/nowyouseemenowyo00gree
2402,Keeper,Keeper,2025,False,,Neon,2026-10-06 16:47,0,transcript_only,,,,,,,0,,,,https://www.springfieldspringfield.co.uk/movie_script.php?movie=keeper,18935
2406,Muzzle: City of Wolves,Muzzle: City of Wolves,2025,False,,IFC Films,2026-10-06 16:47,0,transcript_only,,,,,,,0,,,,https://www.springfieldspringfield.co.uk/movie_script.php?movie=muzzle-city-of-wolves,44828
2408,Arco,Arco,2025,False,,Neon,2026-10-06 16:47,4,ok,archive_org,Arco,100.0,unknown,https://archive.org/details/arcoirisdeanimal0000mart,,634132,archive.org: Arco iris de animales,archive_org:err(HTTPError: 403 Client Error: Forbidden for url: https://ia601501.us.arc) ; archive_org:ok,archive_org:Arco:https://archive.org/details/arcoirisdeanimal0000mart || archive_org:Arco:https://archive.org/details/arco-y-la-lira-el-paz-octavio || archive_org:Arco:https://archive.org/details/arcometalprotect00arco || archive_org:Arco:https://archive.org/details/arcoteachyoursel00newy
2410,Rebuilding,Rebuilding,2025,False,,Bleecker Street Media,2026-10-06 16:47,8,ok,archive_org,Rebuilding,100.0,unknown,https://archive.org/details/rebuildingyourli0000morr,,426228,archive.org: Rebuilding your life after stroke : positive steps to wellbeing,archive_org:err(HTTPError: 401 Client Error: Unauthorized for url: https://dn790003.ca.) ; archive_org:err(HTTPError: 401 Client Error: Unauthorized for url: https://dn760100.eu.) ; archive_org:err(HTTPError: 401 Client Error: Unauthorized for url: https://dn760004.eu.) ; archive_org:ok,archive_org:Rebuilding:https://archive.org/details/rebuildingyourli0000morr || archive_org:Rebuilding:https://archive.org/details/rebuildingtrusti0000unse || archive_org:Rebuilding:https://archive.org/details/rebuildingchrist0000andr || archive_org:Rebuilding:https://archive.org/details/micro_IA41155149_0960 || archive_org:Rebuilding:https://archive.org/details/rebuildingleviat0000grzy || archive_org:Rebuilding:https://archive.org/details/rebuildingcovent00town || archive_org:Rebuilding:https://archive.org/details/micro_IA41153425_0424 || archive_org:Rebuilding:https://archive.org/details/eparlib.nic.in.438948
2414,Wicked: For Good,Wicked: For Good,2025,False,,Universal Pictures,2026-10-06 16:47,2,ok,simplyscripts_award,Wicked: For Good,100.0,ok,https://s3.documentcloud.org/documents/26379190/wicked-for-good-read-the-screenplay.pdf,,107799,"Deadline | undated, unspecified draft",simplyscripts_award:ok,simplyscripts_award:Wicked: For Good:https://s3.documentcloud.org/documents/26379190/wicked-for-good-read-the-screenplay.pdf || linkpages:Wicked: For Good:https://s3.documentcloud.org/documents/26379190/wicked-for-good-read-the-screenplay.pdf
2416,Rental Family,Rental Family,2025,False,,Searchlight Pictures,2026-10-06 16:47,1,ok,archive_org,Rental Family,100.0,unknown,https://archive.org/details/ecinepramaan-certification-100010842600000079,ocr ,68001,archive.org: RENTAL FAMILY,archive_org:ok,archive_org:Rental Family:https://archive.org/details/ecinepramaan-certification-100010842600000079
2418,Eternity,Eternity,2025,False,,A24,2026-10-06 16:47,3,ok_raw_only,archive_org,Eternity,100.0,unknown,https://archive.org/details/eternity0000mile_r0m7,,0,archive.org: Eternity,archive_org:err(HTTPError: 401 Client Error: Unauthorized for url: https://dn760103.eu.) ; archive_org:short(0) ; archive_org:short(6501),archive_org:Eternity:https://archive.org/details/eternity0000mile_r0m7 || archive_org:Eternity:https://archive.org/details/eternity_20211102 || archive_org:Eternity:https://archive.org/details/eta-gigantor
2420,Hamnet,Hamnet,2025,False,,Focus Features,2026-10-06 16:47,22,ok,simplyscripts_award,Hamnet,100.0,ok,https://s3.documentcloud.org/documents/26387515/hamnet-read-the-screenplay.pdf,,148214,"Deadline | undated, unspecified draft",simplyscripts_award:ok,simplyscripts_award:Hamnet:https://s3.documentcloud.org/documents/26387515/hamnet-read-the-screenplay.pdf || scriptslug:hamnet:https://assets.scriptslug.com/live/pdf/scripts/hamnet-2025.pdf || deadline:Hamnet:https://deadline.com/2025/12/hamnet-script-read-chloe-zhao-maggie-ofarrell-screenplay-1236653643/ || linkpages:Hamnet:https://s3.documentcloud.org/documents/26387515/hamnet-read-the-screenplay.pdf || archive_org:Hamnet:https://archive.org/details/hamnetnews_20020407 || archive_org:Hamnet:https://archive.org/details/hamnetnews_20020804 || archive_org:Hamnet:https://archive.org/details/hamnetnews_20050904 || archive_org:Hamnet:https://archive.org/details/hamnetnews_20060604 || archive_org:Hamnet:https://archive.org/details/hamnetnews_20030209 || archive_org:Hamnet:https://archive.org/details/hamnetnews_20030601 || archive_org:Hamnet:https://archive.org/details/hamnetnews_20050102 || archive_org:Hamnet:https://archive.org/details/hamnetnews_20061203 || archive_org:Hamnet:https://archive.org/details/hamnetnews_20030504 || archive_org:Hamnet:https://archive.org/details/hamnetnews_20040401 || archive_org:Hamnet:https://archive.org/details/hamnetnews_20040606 || archive_org:Hamnet:https://archive.org/details/hamnetnews_20011111 || archive_org:Hamnet:https://archive.org/details/hamnetnews_20021103 || archive_org:Hamnet:https://archive.org/details/hamnetnews_20031005 || archive_org:Hamnet:https://archive.org/details/hamnetnews_20050504 || archive_org:Hamnet:https://archive.org/details/hamnetnews_20061105 || archive_org:Hamnet:https://archive.org/details/hamnetnews_20040801 || archive_org:Hamnet:https://archive.org/details/hamnetnews_20020203
2422,Zodiac Killer Project,Zodiac Killer Project,2025,False,,Music Box Films,2026-10-06 16:47,0,transcript_only,,,,,,,0,,,,https://www.springfieldspringfield.co.uk/movie_script.php?movie=zodiac-killer-project,53996
2428,Five Nights at Freddy's 2,Five Nights at Freddy's 2,2025,False,,Universal Pictures,2026-10-06 16:47,1,ok,archive_org,Five Nights at Freddy's 2,100.0,unknown,https://archive.org/details/fna-f-2-los-otros-animatronicos,,398846,archive.org: Five Nights at Freddy's: 2 Los Otros Animatronicos,archive_org:ok,archive_org:Five Nights at Freddy's 2:https://archive.org/details/fna-f-2-los-otros-animatronicos
2432,Dhurandhar,Dhurandhar,2025,False,,Moviegoers Entertainment,2026-10-06 16:47,7,ok,archive_org,Dhurandhar,100.0,unknown,https://archive.org/details/dhurandhar-the-revenge-iboma_202604,,73316,archive.org: Dhurandhar The Revenge Iboma,archive_org:ok,archive_org:Dhurandhar:https://archive.org/details/dhurandhar-the-revenge-iboma_202604 || archive_org:Dhurandhar:https://archive.org/details/dhurandhar-huk-90 || archive_org:Dhurandhar:https://archive.org/details/ecinepramaan-certification-100010842600001368 || archive_org:Dhurandhar:https://archive.org/details/dhurandhar-duio || archive_org:Dhurandhar:https://archive.org/details/ecinepramaan-certification-100010842600000220 || archive_org:Dhurandhar:https://archive.org/details/dhurandhar-the-revenge-mix || archive_org:Dhurandhar:https://archive.org/details/dhurandhar-2-duio
2434,100 Nights of Hero,100 Nights of Hero,2025,False,,IFC Films,2026-10-06 16:47,0,transcript_only,,,,,,,0,,,,https://www.springfieldspringfield.co.uk/movie_script.php?movie=100-nights-of-hero,36384
2436,The Chronology of Water,The Chronology of Water,2025,False,,-,2026-10-06 16:47,3,ok,simplyscripts_award,The Chronology of Water,100.0,ok,https://s3.documentcloud.org/documents/26464416/the-chronology-of-water-read-the-screenplay.pdf,,139019,"Deadline | June 5, 2024 Draft",simplyscripts_award:ok,simplyscripts_award:The Chronology of Water:https://s3.documentcloud.org/documents/26464416/the-chronology-of-water-read-the-screenplay.pdf || linkpages:The Chronology of Water:https://s3.documentcloud.org/documents/26464416/the-chronology-of-water-read-the-screenplay.pdf || archive_org:The Chronology of Water:https://archive.org/details/chronologyofwate0000yukn
2438,Man Finds Tape,Man Finds Tape,2025,False,,Magnolia Pictures,2026-10-06 16:47,0,transcript_only,,,,,,,0,,,,https://www.springfieldspringfield.co.uk/movie_script.php?movie=man-finds-tape,37143
2440,Little Trouble Girls,Little Trouble Girls,2025,False,,Kino Lorber,2026-10-06 16:47,0,transcript_only,,,,,,,0,,,,https://www.springfieldspringfield.co.uk/movie_script.php?movie=little-trouble-girls,18141
2442,Happy Holidays,Happy Holidays,2025,False,,Film Movement,2026-10-06 16:47,15,ok_raw_only,archive_org,Happy Holidays,100.0,unknown,https://archive.org/details/happyholidaysupl00dyer,,88,archive.org: Happy holidays! : uplifting advice about how to avoid holiday blues and recapture the true spirit of,archive_org:err(HTTPError: 401 Client Error: Unauthorized for url: https://dn720207.ca.) ; archive_org:err(HTTPError: 401 Client Error: Unauthorized for url: https://dn760009.eu.) ; archive_org:err(HTTPError: 401 Client Error: Unauthorized for url: https://dn720002.ca.) ; archive_org:short(88),archive_org:Happy Holidays:https://archive.org/details/happyholidaysupl00dyer || archive_org:Happy Holidays:https://archive.org/details/happyholidays0000rice || archive_org:Happy Holidays:https://archive.org/details/happyholidays0000robi || archive_org:Happy Holidays:https://archive.org/details/tobacco_kqjy0003 || archive_org:Happy Holidays:https://archive.org/details/tobacco_qpjy0003 || archive_org:Happy Holidays:https://archive.org/details/tobacco_ynly0003 || archive_org:Happy Holidays:https://archive.org/details/tobacco_jply0003 || archive_org:Happy Holidays:https://archive.org/details/tobacco_rlly0003 || archive_org:Happy Holidays:https://archive.org/details/tobacco_mzjy0003 || archive_org:Happy Holidays:https://archive.org/details/HappyHolidaysFromTheMHSLeadershipTeamNavyMedicine || archive_org:Happy Holidays:https://archive.org/details/CAT92981074 || archive_org:Happy Holidays:https://archive.org/details/HappyHolidaysFromTheNavySurgeonGeneralNavyMedicine_20150226 || archive_org:Happy Holidays:https://archive.org/details/happy-holidays-animated-a-worldwide-encyclopedia-of-christmas-hanukkah-kwanzaa-a || archive_org:Happy Holidays:https://archive.org/details/happyholidays0000wayn || archive_org:Happy Holidays:https://archive.org/details/office-of-film-and-literature-classification_1900356.006
2444,Ella McCay,Ella McCay,2025,False,,20th Century Studios,2026-10-06 16:47,0,transcript_only,,,,,,,0,,,,https://www.springfieldspringfield.co.uk/movie_script.php?movie=ella-mccay,68285
2446,The Shining2025 Re-release,The Shining,2025,True,,,2026-10-06 16:47,11,ok,scriptslug,the shining,100.0,ok,https://assets.scriptslug.com/live/pdf/scripts/the-shining-1980.pdf,,207802,scriptslug the-shining-1980,scriptslug:ok,"scriptslug:the shining:https://assets.scriptslug.com/live/pdf/scripts/the-shining-1980.pdf || archive_org:The Shining:https://archive.org/details/the-shining-1980-continuity || dailyscript:The Shining:https://www.dailyscript.com/scripts/shining.html || simplyscripts:The Shining:https://www.dailyscript.com/scripts/shining.html || scriptsonscreen:The Shining:https://indiegroundfilms.files.wordpress.com/2014/01/the-shining-post-production-script-july-1980.pdf || scriptsonscreen:The Shining:https://www.scriptslug.com/script/the-shining-1980 || scriptsonscreen:The Shining:http://sfy.ru/?script=shining || scriptsonscreen:The Shining:http://www.dailyscript.com/scripts/shining.html || scriptsonscreen:The Shining:http://www.imsdb.com/scripts/Shining,-The.html || scriptsonscreen:The Shining:http://web.archive.org/web/20190906081824/http://www.script-o-rama.com:80/movie_scripts/s/shining-script-transcript-jack-nicholson.html || imsdb:Shining, The:https://imsdb.com/Movie Scripts/Shining, The Script.html"
2448,Dust Bunny,Dust Bunny,2025,False,,Roadside Attractions,2026-10-06 16:47,1,transcript_only,,,,,,,0,,archive_org:err(HTTPError: 401 Client Error: Unauthorized for url: https://dn720006.ca.),archive_org:Dust Bunny:https://archive.org/details/isbn_9780986374104,https://www.springfieldspringfield.co.uk/movie_script.php?movie=dust-bunny,39613
2454,David,David,2025,False,,Angel,2026-10-06 16:47,0,transcript_only,,,,,,,0,,,,https://www.springfieldspringfield.co.uk/movie_script.php?movie=david-2025,38255
2458,Anaconda,Anaconda,2025,False,,Sony Pictures Releasing,2026-10-06 16:47,4,ok,scriptsonscreen,Anaconda,100.0,unknown,https://www.scriptslug.com/script/anaconda-1997,,139938,scripts-onscreen: Script Slug (https://scripts-onscreen.com/movie/anaconda-script-links/),scriptsonscreen:ok,scriptsonscreen:Anaconda:https://www.scriptslug.com/script/anaconda-1997 || scriptsonscreen:Anaconda:https://www.scripts.com/script/anaconda_2802 || scriptslug:anaconda:https://assets.scriptslug.com/live/pdf/scripts/anaconda-1997.pdf || archive_org:Anaconda:https://archive.org/details/anaconda-1997-2nd-white
2460,Is This Thing On?,Is This Thing On?,2025,False,,Walt Disney Studios Motion Pictures,2026-10-06 16:47,10,ok,simplyscripts_award,Is This Thing On?,100.0,ok,https://assets.debut.disney.com/documents/IS%20THIS%20THING%20ON%20Screenplay.pdf,,102239,"Searchlight | undated, unspecified draft",simplyscripts_award:ok,simplyscripts_award:Is This Thing On?:https://assets.debut.disney.com/documents/IS%20THIS%20THING%20ON%20Screenplay.pdf || scriptslug:is this thing on:https://assets.scriptslug.com/live/pdf/scripts/is-this-thing-on-2025.pdf || deadline:Is This Thing On?:https://deadline.com/2025/12/is-this-thing-on-script-bradley-cooper-will-arnett-1236644827/ || linkpages:Is This Thing On?:https://assets.debut.disney.com/documents/IS%20THIS%20THING%20ON%20Screenplay.pdf || linkpages:Is This Thing On?:https://s3.documentcloud.org/documents/26367448/is-this-thing-on-read-the-screenplay.pdf || archive_org:Is This Thing On?:https://archive.org/details/isthisthingonfri0000stok_g0n9 || archive_org:Is This Thing On?:https://archive.org/details/isthisthingonfri0000stok || archive_org:Is This Thing On?:https://archive.org/details/isthisthingonsou0000mcco || archive_org:Is This Thing On?:https://archive.org/details/isthisthingon00mars || archive_org:Is This Thing On?:https://archive.org/details/isthisthingonfri0000stok_c9v5
2462,Father Mother Sister Brother,Father Mother Sister Brother,2025,False,,MUBI,2026-10-06 16:47,0,transcript_only,,,,,,,0,,,,https://www.springfieldspringfield.co.uk/movie_script.php?movie=father-mother-sister-brother,40385
2464,The Testament of Ann Lee,The Testament of Ann Lee,2025,False,,Searchlight Pictures,2026-10-06 16:47,1,ok,deadline,The Testament of Ann Lee,100.0,ok,https://deadline.com/2026/01/the-testament-of-ann-lee-script-mona-fastvold-brady-corbet-1236664225/,,125506,deadline the-testament-of-ann-lee-script-mona-fastvold-brady-corbet-1236664225,deadline:ok,deadline:The Testament of Ann Lee:https://deadline.com/2026/01/the-testament-of-ann-lee-script-mona-fastvold-brady-corbet-1236664225/
2466,The Choral,The Choral,2025,False,,Sony Pictures Classics,2026-10-06 16:47,10,download_failed,,,,,,,0,,archive_org:err(HTTPError: 401 Client Error: Unauthorized for url: https://dn760108.eu.) ; archive_org:err(HTTPError: 401 Client Error: Unauthorized for url: https://dn790009.ca.) ; archive_org:err(HTTPError: 401 Client Error: Unauthorized for url: https://dn760101.eu.) ; archive_org:err(HTTPError: 401 Client Error: Unauthorized for url: https://dn760003.eu.),archive_org:The Choral:https://archive.org/details/gtu_A32400003885021B || archive_org:The Choral:https://archive.org/details/choraljournal_n00058unse_06 || archive_org:The Choral:https://archive.org/details/choraljournal2000050unse || archive_org:The Choral:https://archive.org/details/choraljournalnov0054unse_no04 || archive_org:The Choral:https://archive.org/details/choralconductors0000terr || archive_org:The Choral:https://archive.org/details/sim_choral-journal_1960-05_1_3 || archive_org:The Choral:https://archive.org/details/sim_choral-journal_1965-1966_6_index || archive_org:The Choral:https://archive.org/details/sim_choral-journal_1989-1990_30_index || archive_org:The Choral:https://archive.org/details/sim_choral-journal_1959-05_1_1 || archive_org:The Choral:https://archive.org/details/sim_choral-journal_1961-09_1_1
2470,Greenland 2: Migration,Greenland 2: Migration,2026,False,,Lionsgate,2026-10-06 16:47,0,transcript_only,,,,,,,0,,,,https://www.springfieldspringfield.co.uk/movie_script.php?movie=greenland-2-migration,26010
2472,Dead Man's Wire,Dead Man's Wire,2026,False,,Row K Entertainment,2026-10-06 16:47,0,transcript_only,,,,,,,0,,,,https://www.springfieldspringfield.co.uk/movie_script.php?movie=dead-mans-wire,57853
2474,Magellan,Magellan,2026,False,,Janus Films,2026-10-06 16:47,2,ok,archive_org,Magellan,100.0,unknown,https://archive.org/details/vasulka12524,,104163,archive.org: Magellan Cycle,archive_org:short(5482) ; archive_org:ok,archive_org:Magellan:https://archive.org/details/vasulka12524 || archive_org:Magellan:https://archive.org/details/arxiv-1403.0560
2478,28 Years Later: The Bone Temple,28 Years Later: The Bone Temple,2026,False,,Sony Pictures Releasing,2026-10-06 16:47,2,transcript_only,,,,,,,0,,archive_org:short(4083) ; archive_org:short(5129),archive_org:28 Years Later: The Bone Temple:https://archive.org/details/ecinepramaan-certification-100010842500008878 || archive_org:28 Years Later: The Bone Temple:https://archive.org/details/ecinepramaan-certification-100010842600000110,https://www.springfieldspringfield.co.uk/movie_script.php?movie=28-years-later-the-bone-temple,39191
2480,The Lord of the Rings: The Two Towers2026 Re-release,The Lord of the Rings: The Two Towers,2026,True,,-,2026-10-06 16:47,3,ok,scriptslug,the lord of the rings the two towers,100.0,ok,https://assets.scriptslug.com/live/pdf/scripts/the-lord-of-the-rings-the-two-towers-2002.pdf,,235493,scriptslug the-lord-of-the-rings-the-two-towers-2002,scriptslug:ok,scriptslug:the lord of the rings the two towers:https://assets.scriptslug.com/live/pdf/scripts/the-lord-of-the-rings-the-two-towers-2002.pdf || archive_org:The Lord of the Rings: The Two Towers:https://archive.org/details/the-lord-of-the-rings-the-two-towers-script-2002 || simplyscripts:The Lord of the Rings: The Two Towers:http://www.fempiror.com/otherscripts/LordoftheRings2-TTT.pdf
2482,Charlie the Wonderdog,Charlie the Wonderdog,2026,False,,Viva Pictures,2026-10-06 16:47,0,transcript_only,,,,,,,0,,,,https://www.springfieldspringfield.co.uk/movie_script.php?movie=charlie-the-wonderdog,42325
2484,All You Need Is Kill,All You Need Is Kill,2026,False,,GKIDS,2026-10-06 16:47,4,ok,archive_org,All You Need Is Kill,100.0,unknown,https://archive.org/details/0-1_20260911,ocr ,164244,archive.org: ALL YOU NEED IS KILL [CBZ-ENG],archive_org:ok,archive_org:All You Need Is Kill:https://archive.org/details/0-1_20260911 || archive_org:All You Need Is Kill:https://archive.org/details/all-you-need-is-kill-pt-br_202610 || archive_org:All You Need Is Kill:https://archive.org/details/allyouneediskill0000saku || simplyscripts:All You Need Is Kill (filmed as Edge of Tomorrow):https://indiegroundfilms.files.wordpress.com/2014/01/all-you-need-is-kill-apr1-10-1st.pdf
2486,A Private Life,A Private Life,2026,False,,Sony Pictures Classics,2026-10-06 16:47,3,transcript_only,,,,,,,0,,archive_org:err(HTTPError: 401 Client Error: Unauthorized for url: https://dn790001.ca.) ; archive_org:err(HTTPError: 401 Client Error: Unauthorized for url: https://dn760109.eu.) ; archive_org:err(HTTPError: 401 Client Error: Unauthorized for url: https://dn760008.eu.),archive_org:A Private Life:https://archive.org/details/privatelifeofhen00gord || archive_org:A Private Life:https://archive.org/details/privatelifefragm0000kirb || archive_org:A Private Life:https://archive.org/details/privatelifeofhen0000gord,https://www.springfieldspringfield.co.uk/movie_script.php?movie=a-private-life,34649
2488,Sound of Falling,Sound of Falling,2026,False,,MUBI,2026-10-06 16:47,4,ok,simplyscripts_award,Sound of Falling,100.0,ok,https://s3.documentcloud.org/documents/26375188/sound-of-falling-read-the-screenplay-r.pdf,,175631,"Deadline | July 10, 2023 draft",simplyscripts_award:ok,simplyscripts_award:Sound of Falling:https://s3.documentcloud.org/documents/26375188/sound-of-falling-read-the-screenplay-r.pdf || deadline:Sound of Falling:https://deadline.com/2025/12/sound-of-falling-script-mascha-schilinski-1236646775/ || linkpages:Sound of Falling (In Die Sonne Schauen):https://s3.documentcloud.org/documents/26375188/sound-of-falling-read-the-screenplay-r.pdf || archive_org:Sound of Falling:https://archive.org/details/soundoffallingsn0000unse
2490,Mercy,Mercy,2026,False,,Amazon MGM Studios,2026-10-06 16:47,4,transcript_only,,,,,,,0,,archive_org:err(HTTPError: 401 Client Error: Unauthorized for url: https://dn710307.ca.) ; archive_org:err(HTTPError: 401 Client Error: Unauthorized for url: https://dn760003.eu.) ; archive_org:err(HTTPError: 500 Server Error: Internal Server Error for url: https://dn7) ; archive_org:err(HTTPError: 401 Client Error: Unauthorized for url: https://dn760109.eu.),archive_org:Mercy:https://archive.org/details/bwb_Y0-BOH-475 || archive_org:Mercy:https://archive.org/details/isbn_9780842339209 || archive_org:Mercy:https://archive.org/details/mercy0000adle_e2r6 || archive_org:Mercy:https://archive.org/details/mercykillings0000cutt,https://www.springfieldspringfield.co.uk/movie_script.php?movie=mercy-2026,66770
2492,Clika,Clika,2026,False,,Columbia Pictures,2026-10-06 16:47,1,transcript_only,,,,,,,0,,archive_org:err(HTTPError: 401 Client Error: Unauthorized for url: https://dn760105.eu.),archive_org:Clika:https://archive.org/details/clika0000subr,https://www.springfieldspringfield.co.uk/movie_script.php?movie=clika,39902
2494,H Is for Hawk,H Is for Hawk,2026,False,,Roadside Attractions,2026-10-06 16:47,6,transcript_only,,,,,,,0,,archive_org:err(HTTPError: 401 Client Error: Unauthorized for url: https://dn760107.eu.) ; archive_org:err(HTTPError: 401 Client Error: Unauthorized for url: https://dn790007.ca.) ; archive_org:err(HTTPError: 401 Client Error: Unauthorized for url: https://dn760000.eu.) ; archive_org:err(HTTPError: 401 Client Error: Unauthorized for url: https://dn720001.ca.),archive_org:H Is for Hawk:https://archive.org/details/isbn_9788960179486 || archive_org:H Is for Hawk:https://archive.org/details/hisforhawk0000macd_s8k4 || archive_org:H Is for Hawk:https://archive.org/details/hisforhawk0000macd_y8e1 || archive_org:H Is for Hawk:https://archive.org/details/hisforhawk0000macd_l5h7 || archive_org:H Is for Hawk:https://archive.org/details/hisforhawk0000macd_v5f4 || archive_org:H Is for Hawk:https://archive.org/details/hisforhawk0000macd_b6g4,https://www.springfieldspringfield.co.uk/movie_script.php?movie=h-is-for-hawk,36859
2496,Arco2026 Re-release,Arco,2026,True,,Neon,2026-10-06 16:47,4,ok,archive_org,Arco,100.0,unknown,https://archive.org/details/arcoirisdeanimal0000mart,,634132,archive.org: Arco iris de animales,archive_org:err(HTTPError: 403 Client Error: Forbidden for url: https://ia801501.us.arc) ; archive_org:ok,archive_org:Arco:https://archive.org/details/arcoirisdeanimal0000mart || archive_org:Arco:https://archive.org/details/arco-y-la-lira-el-paz-octavio || archive_org:Arco:https://archive.org/details/arcometalprotect00arco || archive_org:Arco:https://archive.org/details/arcoteachyoursel00newy
2500,Send Help,Send Help,2026,False,,Walt Disney Studios Motion Pictures,2026-10-06 16:47,1,ok,archive_org,Send Help,100.0,ok,https://archive.org/details/send-help_202609,,120042,archive.org: Send Help (2026) screenplay,archive_org:ok,archive_org:Send Help:https://archive.org/details/send-help_202609
2502,Melania,Melania,2026,False,,Amazon MGM Studios,2026-10-06 16:47,5,ok,archive_org,Melania,100.0,unknown,https://archive.org/details/gov.uscourts.mieb.891813,,105004,archive.org: Melania Willis,archive_org:err(ValueError: archive.org item has no pdf/txt file) ; archive_org:err(ValueError: archive.org item has no pdf/txt file) ; archive_org:short(3021) ; archive_org:ok,archive_org:Melania:https://archive.org/details/gov.uscourts.mieb.891813 || archive_org:Melania:https://archive.org/details/gov.uscourts.mnb.443492 || archive_org:Melania:https://archive.org/details/gov.uscourts.flsd.713875 || archive_org:Melania:https://archive.org/details/gov.uscourts.ilnb.1210273 || archive_org:Melania:https://archive.org/details/gov.uscourts.scb.276159
2504,The Moment,The Moment,2026,False,,A24,2026-10-06 16:47,3,download_failed,,,,,,,0,,archive_org:err(HTTPError: 401 Client Error: Unauthorized for url: https://dn760107.eu.) ; archive_org:err(HTTPError: 401 Client Error: Unauthorized for url: https://dn790009.ca.) ; archive_org:err(ValueError: archive.org item has no pdf/txt file),archive_org:The Moment:https://archive.org/details/momentofpsychoho0000thom_i1j6 || archive_org:The Moment:https://archive.org/details/isbn_9781461118916 || archive_org:The Moment:https://archive.org/details/themomentiremember
2506,Infinite Icon: A Visual Memoir,Infinite Icon: A Visual Memoir,2026,False,,CJ 4DPlex,2026-10-06 16:47,0,transcript_only,,,,,,,0,,,,https://www.springfieldspringfield.co.uk/movie_script.php?movie=infinite-icon-a-visual-memoir,73850
2508,A Poet,A Poet,2026,False,,1-2 Special,2026-10-06 16:47,2,ok_raw_only,archive_org,A Poet,100.0,unknown,https://archive.org/details/bwb_Y0-ABI-437,,18342,archive.org: A Poet and Two Painters,archive_org:err(HTTPError: 401 Client Error: Unauthorized for url: https://dn721907.ca.) ; archive_org:short(18342),archive_org:A Poet:https://archive.org/details/bwb_Y0-ABI-437 || archive_org:A Poet:https://archive.org/details/micro_IA41153449_0743
2510,Paying for It,Paying for It,2026,False,,Film Movement,2026-10-06 16:47,6,download_failed,,,,,,,0,,archive_org:err(HTTPError: 500 Server Error: Internal Server Error for url: https://dn7) ; archive_org:err(HTTPError: 401 Client Error: Unauthorized for url: https://dn760101.eu.) ; archive_org:err(HTTPError: 500 Server Error: Internal Server Error for url: https://dn7) ; archive_org:err(HTTPError: 401 Client Error: Unauthorized for url: https://dn790006.ca.),archive_org:Paying for It:https://archive.org/details/payingforitother0000unse || archive_org:Paying for It:https://archive.org/details/payingforithowtu0000okel || archive_org:Paying for It:https://archive.org/details/payingforit0000blac || archive_org:Paying for It:https://archive.org/details/payingforit0000blac_d8m2 || archive_org:Paying for It:https://archive.org/details/payingforit0000blac_m2n8 || archive_org:Paying for It:https://archive.org/details/payingforitcomic0000brow
2512,Stray Kids: The Dominate Experience,Stray Kids: The Dominate Experience,2026,False,,Bleecker Street Media,2026-10-06 16:47,1,ok_raw_only,archive_org,Stray Kids: The Dominate Experience,100.0,unknown,https://archive.org/details/ecinepramaan-certification-100010842600000608,,282,archive.org: STRAY KIDS: THE DOMINATE EXPERIENCE,archive_org:short(282),archive_org:Stray Kids: The Dominate Experience:https://archive.org/details/ecinepramaan-certification-100010842600000608
2522,Jimpa,Jimpa,2026,False,,Kino Lorber,2026-10-06 16:47,0,transcript_only,,,,,,,0,,,,https://www.springfieldspringfield.co.uk/movie_script.php?movie=jimpa,52614
2524,GOAT,GOAT,2026,False,,Sony Pictures Releasing,2026-10-06 16:47,1,transcript_only,,,,,,,0,,archive_org:err(ValueError: archive.org item has no pdf/txt file),archive_org:GOAT:https://archive.org/details/GoatSmokerPCAUG202014,https://www.springfieldspringfield.co.uk/movie_script.php?movie=goat-2026,71352
2526,"Good Luck, Have Fun, Don't Die","Good Luck, Have Fun, Don't Die",2026,False,,Briarcliff Entertainment,2026-10-06 16:47,0,transcript_only,,,,,,,0,,,,https://www.springfieldspringfield.co.uk/movie_script.php?movie=good-luck-have-fun-dont-die,73945
2528,Cold Storage,Cold Storage,2026,False,,The Samuel Goldwyn Company,2026-10-06 16:47,3,ok,archive_org,Cold Storage,100.0,unknown,https://archive.org/details/coldstorageheat00walkgoog,ocr ,398252,"archive.org: Cold Storage, Heating and Ventilating on Board Ship",archive_org:ok,archive_org:Cold Storage:https://archive.org/details/coldstorageheat00walkgoog || archive_org:Cold Storage:https://archive.org/details/eparlib.nic.in.412833 || archive_org:Cold Storage:https://archive.org/details/rsdebate.nic.in.226760
2532,My Father's Shadow,My Father's Shadow,2026,False,,MUBI,2026-10-06 16:47,2,transcript_only,,,,,,,0,,archive_org:err(HTTPError: 401 Client Error: Unauthorized for url: https://dn760106.eu.) ; archive_org:err(HTTPError: 403 Client Error: Forbidden for url: https://ia802909.us.arc),archive_org:My Father's Shadow:https://archive.org/details/myfathersshadowi00dudl || archive_org:My Father's Shadow:https://archive.org/details/myfathersshadowp0000maho,https://www.springfieldspringfield.co.uk/movie_script.php?movie=my-fathers-shadow,28555
2534,I Can Only Imagine 2,I Can Only Imagine 2,2026,False,,Lionsgate,2026-10-06 16:47,0,transcript_only,,,,,,,0,,,,https://www.springfieldspringfield.co.uk/movie_script.php?movie=i-can-only-imagine-2,51779
2536,Epic: Elvis Presley in Concert,Epic: Elvis Presley in Concert,2026,False,concert_live,Neon,2026-10-06 16:47,0,non_film,,,,,,,0,,,
2538,2026 Oscar Nominated Short Films,2026 Oscar Nominated Short Films,2026,False,shorts_program,Roadside Attractions,2026-10-06 16:47,0,non_film,,,,,,,0,,,
2540,Blades of the Guardians,Blades of the Guardians,2026,False,,Well Go USA Entertainment,2026-10-06 16:47,0,transcript_only,,,,,,,0,,,,https://www.springfieldspringfield.co.uk/movie_script.php?movie=blades-of-the-guardians,36943
2542,This Is Not a Test,This Is Not a Test,2026,False,,IFC Films,2026-10-06 16:47,5,download_failed,,,,,,,0,,archive_org:err(HTTPError: 401 Client Error: Unauthorized for url: https://dn720002.ca.) ; archive_org:err(HTTPError: 403 Client Error: Forbidden for url: https://ia800103.us.arc) ; archive_org:err(HTTPError: 401 Client Error: Unauthorized for url: https://dn720004.ca.) ; archive_org:err(HTTPError: 401 Client Error: Unauthorized for url: https://dn790009.ca.),archive_org:This Is Not a Test:https://archive.org/details/thisisnottestnew0000vils || archive_org:This Is Not a Test:https://archive.org/details/thisisnottest0000summ || archive_org:This Is Not a Test:https://archive.org/details/isbn_9780979007347 || archive_org:This Is Not a Test:https://archive.org/details/isbn_8800038694866 || archive_org:This Is Not a Test:https://archive.org/details/gov.gpo.fdsys.CHRG-111hhrg52609
2544,Scream 7,Scream 7,2026,False,,Paramount Pictures,2026-10-06 16:47,4,ok_raw_only,archive_org,Scream 7,100.0,unknown,https://archive.org/details/scream-7-thai-dub,,2024,archive.org: Scream 7 THAI DUB,archive_org:short(2024) ; archive_org:short(23369) ; archive_org:short(3132) ; archive_org:short(3132),archive_org:Scream 7:https://archive.org/details/scream-7-thai-dub || archive_org:Scream 7:https://archive.org/details/scream-7-box || archive_org:Scream 7:https://archive.org/details/scream-7-media-us20_202602 || archive_org:Scream 7:https://archive.org/details/scream-7-media-us20
2548,The Revenant10th Anniversary,The Revenant,2026,True,,Walt Disney Studios Motion Pictures,2026-10-06 16:47,18,ok,scriptslug,the revenant,100.0,ok,https://assets.scriptslug.com/live/pdf/scripts/the-revenant-2015.pdf,,133513,scriptslug the-revenant-2015,scriptslug:ok,"scriptslug:the revenant:https://assets.scriptslug.com/live/pdf/scripts/the-revenant-2015.pdf || simplyscripts:The Revenant:https://www.dropbox.com/s/xqe1va3dvztr2og/The%20Revenant_copy.pdf || imsdb:Revenant, The:https://imsdb.com/Movie Scripts/Revenant, The Script.html || scriptsonscreen:The Revenant:https://static1.squarespace.com/static/5a1c2452268b96d901cd3471/t/5b5faf0003ce64a12dee186a/1532997376910/The-Revenant.pdf || scriptsonscreen:The Revenant:https://www.scriptslug.com/script/the-revenant-2015 || scriptsonscreen:The Revenant:https://www.scripts.com/script/the_revenant_1070 || archive_org:The Revenant:https://archive.org/details/revenant00punk || archive_org:The Revenant:https://archive.org/details/revenant0000punk || archive_org:The Revenant:https://archive.org/details/trent_30118131472676 || archive_org:The Revenant:https://archive.org/details/revenant0000lasd || archive_org:The Revenant:https://archive.org/details/office-of-film-and-literature-classification_1101168.001 || archive_org:The Revenant:https://archive.org/details/revenantpoems0000hart || archive_org:The Revenant:https://archive.org/details/revenant00gens || archive_org:The Revenant:https://archive.org/details/revenant0000punk_r9u9 || archive_org:The Revenant:https://archive.org/details/isbn_9780008197001 || archive_org:The Revenant:https://archive.org/details/revenant0000unse_s6h1 || archive_org:The Revenant:https://archive.org/details/office-of-film-and-literature-classification_1101168.000 || archive_org:The Revenant:https://archive.org/details/revenant0000punk_w3k0"
2558,Dolly,Dolly,2026,False,,IFC Films,2026-10-06 16:47,0,transcript_only,,,,,,,0,,,,https://www.springfieldspringfield.co.uk/movie_script.php?movie=dolly,16871
2560,Pompei: Below the Clouds,Pompei: Below the Clouds,2026,False,,MUBI,2026-10-06 16:47,0,transcript_only,,,,,,,0,,,,https://www.springfieldspringfield.co.uk/movie_script.php?movie=pompei-below-the-clouds,28834
2562,Heel,Heel,2026,False,,Magnolia Pictures,2026-10-06 16:47,0,transcript_only,,,,,,,0,,,,https://www.springfieldspringfield.co.uk/movie_script.php?movie=heel,34394
2564,Undertone,Undertone,2026,False,,A24,2026-10-06 16:47,2,ok,archive_org,Undertone,100.0,unknown,https://archive.org/details/undertoneofwar0000edmu,,467520,archive.org: Undertone of War,archive_org:ok,archive_org:Undertone:https://archive.org/details/undertoneofwar0000edmu || archive_org:Undertone:https://archive.org/details/undertone-dsr
2566,Kiki's Delivery Service2026 Re-release,Kiki's Delivery Service,2026,True,,GKIDS,2026-10-06 16:47,1,transcript_only,,,,,,,0,,archive_org:err(HTTPError: 401 Client Error: Unauthorized for url: https://dn760105.eu.),archive_org:Kiki's Delivery Service:https://archive.org/details/kikisdeliveryser0000unse,https://www.springfieldspringfield.co.uk/movie_script.php?movie=kikis-delivery-service,26534
2568,Slanted,Slanted,2026,False,,Bleecker Street Media,2026-10-06 16:47,4,ok,archive_org,Slanted,100.0,unknown,https://archive.org/details/arxiv-0705.4304,,52653,"archive.org: Slanted matrices, Banach frames, and sampling",archive_org:ok,archive_org:Slanted:https://archive.org/details/arxiv-0705.4304 || archive_org:Slanted:https://archive.org/details/slanted-truths-essays-on-gaia-symbiosis-lynn-margulis || archive_org:Slanted:https://archive.org/details/slantedenchanted00kaya_0 || archive_org:Slanted:https://archive.org/details/slantedeyesasian0000loui
2570,Tommy50th Anniversary,Tommy,2026,True,,Columbia Pictures,2026-10-06 16:47,1,ok,archive_org,Tommy,100.0,ok,https://archive.org/details/tommy-boy-1995_202603,ocr ,146106,archive.org: Tommy Boy (1995) screenplay,archive_org:ok,archive_org:Tommy:https://archive.org/details/tommy-boy-1995_202603
2572,Scared to Death,Scared to Death,2026,False,,Atlas Distribution Company,2026-10-06 16:47,16,transcript_only,,,,,,,0,,archive_org:err(HTTPError: 401 Client Error: Unauthorized for url: https://dn790006.ca.) ; archive_org:err(HTTPError: 500 Server Error: Internal Server Error for url: https://dn7) ; archive_org:err(HTTPError: 401 Client Error: Unauthorized for url: https://dn760007.eu.) ; archive_org:err(HTTPError: 401 Client Error: Unauthorized for url: https://dn760007.eu.),archive_org:Scared to Death:https://archive.org/details/scaredtodeath2011stau || archive_org:Scared to Death:https://archive.org/details/scaredtodeathhow0000jone || archive_org:Scared to Death:https://archive.org/details/scaredtodeath0000medi || archive_org:Scared to Death:https://archive.org/details/scaredtodeath0000mori || archive_org:Scared to Death:https://archive.org/details/scaredtodeath0000geor || archive_org:Scared to Death:https://archive.org/details/isbn_9781444001433 || archive_org:Scared to Death:https://archive.org/details/scaredtodeathvam0000maur || archive_org:Scared to Death:https://archive.org/details/scaredtodeath0000mccl_r0d9 || archive_org:Scared to Death:https://archive.org/details/scaredtodeath0000unse || archive_org:Scared to Death:https://archive.org/details/scaredtodeath0000mccl || archive_org:Scared to Death:https://archive.org/details/scaredtodeathoth0000pool || archive_org:Scared to Death:https://archive.org/details/scaredtodeath00jahn || archive_org:Scared to Death:https://archive.org/details/scaredtodeath0000medi_b0t8 || archive_org:Scared to Death:https://archive.org/details/scaredtodeath0000stau || archive_org:Scared to Death:https://archive.org/details/scaredtodeathfro00book || archive_org:Scared to Death:https://archive.org/details/scaredtodeath0000gius,https://www.springfieldspringfield.co.uk/movie_script.php?movie=scared-to-death-2026,62281
2574,Ready or Not 2: Here I Come,Ready or Not 2: Here I Come,2026,False,,Searchlight Pictures,2026-10-06 16:47,1,ok_raw_only,archive_org,Ready or Not 2: Here I Come,100.0,unknown,https://archive.org/details/ready-or-not-2-here-i-come-mix,,24500,archive.org: Ready Or Not 2 Here I Come Mix Us 7,archive_org:short(24500),archive_org:Ready or Not 2: Here I Come:https://archive.org/details/ready-or-not-2-here-i-come-mix
2582,Dead Lover,Dead Lover,2026,False,,Cartuna,2026-10-06 16:47,0,transcript_only,,,,,,,0,,,,https://www.springfieldspringfield.co.uk/movie_script.php?movie=dead-lover,24695
2584,They Will Kill You,They Will Kill You,2026,False,,Warner Bros.,2026-10-06 16:47,1,download_failed,,,,,,,0,,archive_org:err(ValueError: archive.org item has no pdf/txt file),archive_org:They Will Kill You:https://archive.org/details/ecinepramaan-certification-100010842600000283
2588,Stand by Me40th Anniversary,Stand by Me,2026,True,,Sony Pictures Releasing,2026-10-06 16:47,6,ok,scriptslug,stand by me,100.0,ok,https://assets.scriptslug.com/live/pdf/scripts/stand-by-me-1986.pdf,,120346,scriptslug stand-by-me-1986,scriptslug:ok,scriptslug:stand by me:https://assets.scriptslug.com/live/pdf/scripts/stand-by-me-1986.pdf || archive_org:Stand by Me:https://archive.org/details/stand-by-me-1986-06-19-1985 || scriptsonscreen:Stand by Me:https://www.scriptslug.com/script/stand-by-me-1986 || scriptsonscreen:Stand by Me:http://www.moviescriptsandscreenplays.com/johncusack/scripts/standbyme.txt || scriptsonscreen:Stand by Me:http://web.archive.org/web/20020808165209/http://members.cox.net/ronfleischer/sbm/ || scriptsonscreen:Stand by Me:http://web.archive.org/web/20040730105140/http://geocities.com/movie_starzz/scripts/standbyme.txt
2590,A Magnificent Life,A Magnificent Life,2026,False,,Sony Pictures Classics,2026-10-06 16:47,0,transcript_only,,,,,,,0,,,,https://www.springfieldspringfield.co.uk/movie_script.php?movie=a-magnificent-life,55126
2592,"Our Hero, Balthazar","Our Hero, Balthazar",2026,False,,WG Pictures,2026-10-06 16:47,0,transcript_only,,,,,,,0,,,,https://www.springfieldspringfield.co.uk/movie_script.php?movie=our-hero-balthazar,42090
2594,Kontinental '25,Kontinental '25,2026,False,,1-2 Special,2026-10-06 16:47,0,transcript_only,,,,,,,0,,,,https://www.springfieldspringfield.co.uk/movie_script.php?movie=kontinental-25,39722
2596,The Drama,The Drama,2026,False,,A24,2026-10-06 16:47,1,ok,archive_org,The Drama,100.0,ok,https://archive.org/details/the-drama-2026,,107618,archive.org: The Drama (2026) screenplay,archive_org:ok,archive_org:The Drama:https://archive.org/details/the-drama-2026
2598,The Killer2026 Re-release,The Killer,2026,True,,GKIDS,2026-10-06 16:47,7,ok,simplyscripts_award,The Killer,100.0,ok,https://film.netflixawards.com/assets/cms/films/The-Killer/THE-KILLER-FINAL-SCRIPT_W_VO.PDF,,181842,"Netflix | The Killer - Post October 4, 2022 Final draft script by Andrew Kevin Walker (based upon the graphic novel by MATZ) - hosted by: Netflix - in pdf format A man solitary and cold, methodical and unencumb",simplyscripts_award:err(HTTPError: 404 Client Error: Not Found for url: https://film.netflixawa) ; scriptslug:ok,"simplyscripts_award:The Killer:https://film.netflixawards.com/assets/cms/films/The-Killer/THE-KILLER-FINAL-SCRIPT_W_VO.PDF || scriptslug:the killer:https://assets.scriptslug.com/live/pdf/scripts/the-killer-2023.pdf || imsdb:Killer, The:https://imsdb.com/Movie Scripts/Killer, The Script.html || linkpages:The Killer:https://film.netflixawards.com/assets/cms/films/The-Killer/THE-KILLER-FINAL-SCRIPT_W_VO.PDF || scriptsonscreen:The Killer:https://thescriptsavant.com/movies/The_Killer.pdf || scriptsonscreen:The Killer:http://web.archive.org/web/20051231234553/http://www.godamongdirectors.com/scripts/killer.shtml || archive_org:The Killer:https://archive.org/details/the-killer-marshmallows-translation-google-dokument"
2600,The Yeti,The Yeti,2026,False,,Well Go USA Entertainment,2026-10-06 16:47,4,ok,archive_org,The Yeti,100.0,unknown,https://archive.org/details/yeti-17,,47918,archive.org: The Yeti,archive_org:short(6076) ; archive_org:err(HTTPError: 401 Client Error: Unauthorized for url: https://dn760106.eu.) ; archive_org:err(HTTPError: 401 Client Error: Unauthorized for url: https://dn760005.eu.) ; archive_org:ok,archive_org:The Yeti:https://archive.org/details/yeti-17 || archive_org:The Yeti:https://archive.org/details/yetifilesmeetbig0000sher || archive_org:The Yeti:https://archive.org/details/yeti0000robe || archive_org:The Yeti:https://archive.org/details/gov.uscourts.cob.515199
2608,Hamlet,Hamlet,2026,False,,Vertical Entertainment,2026-10-06 16:47,9,ok,scriptsonscreen,Hamlet,100.0,unknown,http://web.archive.org/web/20200807000440/http://www.script-o-rama.com:80/movie_scripts/h/hamlet-script-transcript-play.html,wayback,54306,scripts-onscreen: Script-O-Rama (https://scripts-onscreen.com/movie/hamlet-script-links/),scriptsonscreen:ok,scriptsonscreen:Hamlet:http://web.archive.org/web/20200807000440/http://www.script-o-rama.com:80/movie_scripts/h/hamlet-script-transcript-play.html || archive_org:Hamlet:https://archive.org/details/hamlet0005stat || archive_org:Hamlet:https://archive.org/details/dli.bengal.10689.23203 || archive_org:Hamlet:https://archive.org/details/dli.ernet.2721 || archive_org:Hamlet:https://archive.org/details/dli.bengal.10689.14952 || archive_org:Hamlet:https://archive.org/details/QJwO_hamlet-hindi-translation-rangheya-raghav || archive_org:Hamlet:https://archive.org/details/McGillLibrary-rbsc_cp_COLGC43C5H31840-16770 || archive_org:Hamlet:https://archive.org/details/cu31924013138544 || archive_org:Hamlet:https://archive.org/details/in.ernet.dli.2015.503775
2610,ChaO,ChaO,2026,False,,GKIDS,2026-10-06 16:47,1,transcript_only,,,,,,,0,,archive_org:err(HTTPError: 401 Client Error: Unauthorized for url: https://dn790001.ca.),archive_org:ChaO:https://archive.org/details/ultrarightbrainp00feng,https://www.springfieldspringfield.co.uk/movie_script.php?movie=chao,30474
2614,Normal,Normal,2026,False,,Magnolia Pictures,2026-10-06 16:47,1,ok_raw_only,archive_org,Normal,100.0,unknown,https://archive.org/details/NormalValues,,5330,archive.org: normal values,archive_org:short(5330),archive_org:Normal:https://archive.org/details/NormalValues
2616,Busboys,Busboys,2026,False,,Busboys Holdings,2026-10-06 16:47,1,transcript_only,,,,,,,0,,archive_org:err(HTTPError: 401 Client Error: Unauthorized for url: https://dn710301.ca.),archive_org:Busboys:https://archive.org/details/isbn_0836117441395,https://www.springfieldspringfield.co.uk/movie_script.php?movie=busboys,60063
2618,Fight Club2026 Re-release,Fight Club,2026,True,,20th Century Studios,2026-10-06 16:47,10,ok,scriptslug,fight club,100.0,ok,https://assets.scriptslug.com/live/pdf/scripts/fight-club-1999.pdf,,149362,scriptslug fight-club-1999,scriptslug:ok,scriptslug:fight club:https://assets.scriptslug.com/live/pdf/scripts/fight-club-1999.pdf || simplyscripts:Fight Club:https://web.archive.org/web/20160221233643/http://www.pages.drexel.edu/~ina22/splaylib/Screenplay-Fight_Club.pdf || archive_org:Fight Club:https://archive.org/details/fight-club-10-28-1996 || imsdb:Fight Club:https://imsdb.com/Movie Scripts/Fight Club Script.html || dailyscript:Fight Club:https://www.dailyscript.com/scripts/fightclub_2_98.html || simplyscripts:Fight Club:http://www.scifiscripts.com/scripts/fight_club.txt || simplyscripts:Fight Club:http://www.scifiscripts.com/scripts/fight_club_shoot.txt || scriptsonscreen:Fight Club:https://www.scriptslug.com/script/fight-club-2000 || scriptsonscreen:Fight Club:http://www.imsdb.com/scripts/Fight-Club.html || scriptsonscreen:Fight Club:http://sfy.ru/?script=fight_club
2620,Lorne,Lorne,2026,False,,Focus Features,2026-10-06 16:47,9,transcript_only,,,,,,,0,,archive_org:err(ValueError: archive.org item has no pdf/txt file) ; archive_org:err(ValueError: archive.org item has no pdf/txt file) ; archive_org:err(ValueError: archive.org item has no pdf/txt file) ; archive_org:err(ValueError: archive.org item has no pdf/txt file),archive_org:Lorne:https://archive.org/details/gov.uscourts.waeb.207889 || archive_org:Lorne:https://archive.org/details/gov.uscourts.nvb.358589 || archive_org:Lorne:https://archive.org/details/gov.uscourts.insb.722792 || archive_org:Lorne:https://archive.org/details/gov.uscourts.flmb.1264436 || archive_org:Lorne:https://archive.org/details/gov.uscourts.cacb.1882889 || archive_org:Lorne:https://archive.org/details/gov.uscourts.ganb.1141778 || archive_org:Lorne:https://archive.org/details/gov.uscourts.mdb.749283 || archive_org:Lorne:https://archive.org/details/gov.uscourts.ohsb.751368 || archive_org:Lorne:https://archive.org/details/gov.uscourts.ksb.259275,https://www.springfieldspringfield.co.uk/movie_script.php?movie=lorne,73492
2622,Whisper of the Heart2026 Re-release,Whisper of the Heart,2026,True,,,2026-10-06 16:47,0,transcript_only,,,,,,,0,,,,https://www.springfieldspringfield.co.uk/movie_script.php?movie=whisper-of-the-heart,53720
2632,Everyone Is Lying to You for Money,Everyone Is Lying to You for Money,2026,False,,-,2026-10-06 16:47,0,transcript_only,,,,,,,0,,,,https://www.springfieldspringfield.co.uk/movie_script.php?movie=everyone-is-lying-to-you-for-money,68713
2634,Marama,Marama,2026,False,,Dark Sky Films,2026-10-06 16:47,3,ok,archive_org,Marama,100.0,unknown,https://archive.org/details/maramaofislands0000knox,,239577,archive.org: Marama of the islands,archive_org:err(HTTPError: 401 Client Error: Unauthorized for url: https://dn760104.eu.) ; archive_org:ok,archive_org:Marama:https://archive.org/details/maramaofislands0000knox || archive_org:Marama:https://archive.org/details/Marama || archive_org:Marama:https://archive.org/details/maramaatalesout00stocgoog
2636,Michael,Michael,2026,False,,Lionsgate,2026-10-06 16:47,6,transcript_only,,,,,,,0,,scriptsonscreen:short(36071) ; scriptsonscreen:short(11900) ; archive_org:err(HTTPError: 401 Client Error: Unauthorized for url: https://dn760105.eu.) ; archive_org:err(HTTPError: 401 Client Error: Unauthorized for url: https://dn760108.eu.),scriptsonscreen:Michael:http://web.archive.org/web/20191107114542/http://www.script-o-rama.com:80/movie_scripts/m/michael-script-transcript-john-travota.html || scriptsonscreen:Michael:https://www.scripts.com/script/michael_13704 || archive_org:Michael:https://archive.org/details/michaelcollinssc00jord || archive_org:Michael:https://archive.org/details/michaelcollinssc0000jord || archive_org:Michael:https://archive.org/details/michael-colgrass-voa-radio-script || archive_org:Michael:https://archive.org/details/michael-clayton-11-07-05,https://www.springfieldspringfield.co.uk/movie_script.php?movie=michael-2026,74194
2638,Fuze,Fuze,2026,False,,Roadside Attractions,2026-10-06 16:47,0,transcript_only,,,,,,,0,,,,https://www.springfieldspringfield.co.uk/movie_script.php?movie=fuze,27097
2640,I Swear,I Swear,2026,False,,Sony Pictures Classics,2026-10-06 16:47,13,ok,archive_org,I Swear,100.0,unknown,https://archive.org/details/i-swear-i-wont-bother-you-agai-soratani-reina,,522937,archive.org: I Swear I Won't Bother You Again Chapter 01-47 (English Fan Translation),archive_org:ok,archive_org:I Swear:https://archive.org/details/i-swear-i-wont-bother-you-agai-soratani-reina || archive_org:I Swear:https://archive.org/details/iswear00poweiala || archive_org:I Swear:https://archive.org/details/iswearbyapollobl0000rodd || archive_org:I Swear:https://archive.org/details/iswearvow0000unse || archive_org:I Swear:https://archive.org/details/iswearbyapollo0000youn || archive_org:I Swear:https://archive.org/details/iswearvow0000unse_r3n3 || archive_org:I Swear:https://archive.org/details/iswearvow0000unse_i7n5 || archive_org:I Swear:https://archive.org/details/bwb_S0-ECC-349 || archive_org:I Swear:https://archive.org/details/iswearillmakeitu0000shub || archive_org:I Swear:https://archive.org/details/iswear0000davi || archive_org:I Swear:https://archive.org/details/cbfc-ecinepramaan-100050291800000933 || archive_org:I Swear:https://archive.org/details/ISwearAll4One_201805 || archive_org:I Swear:https://archive.org/details/iswear0000cahi
2642,The Story of Everything,The Story of Everything,2026,False,,-,2026-10-06 16:47,1,download_failed,,,,,,,0,,archive_org:err(HTTPError: 401 Client Error: Unauthorized for url: https://dn720400.ca.),archive_org:The Story of Everything:https://archive.org/details/storyofeverythin0000kotr
2648,Kangaroo Island,Kangaroo Island,2026,False,,Blue Harbor Entertainment,2026-10-06 16:47,1,download_failed,,,,,,,0,,archive_org:err(HTTPError: 401 Client Error: Unauthorized for url: https://dn720708.ca.),archive_org:Kangaroo Island:https://archive.org/details/kangarooislandso0000nuco
2650,The Devil Wears Prada 2,The Devil Wears Prada 2,2026,False,,Walt Disney Studios Motion Pictures,2026-10-06 16:47,5,ok_raw_only,archive_org,The Devil Wears Prada 2,100.0,unknown,https://archive.org/details/the-devil-wears-prada-2-hd-us,,24263,archive.org: The Devil Wears Prada 2 Hd Us 8,archive_org:short(24263) ; archive_org:short(24275) ; archive_org:short(24264) ; archive_org:short(24250),archive_org:The Devil Wears Prada 2:https://archive.org/details/the-devil-wears-prada-2-hd-us || archive_org:The Devil Wears Prada 2:https://archive.org/details/the-devil-wears-prada-2-mp-4web || archive_org:The Devil Wears Prada 2:https://archive.org/details/the-devil-wears-prada-2-mix || archive_org:The Devil Wears Prada 2:https://archive.org/details/the-devil-wears-prada-2-hbo || archive_org:The Devil Wears Prada 2:https://archive.org/details/the-devil-wears-prada-2-box
2652,Animal Farm,Animal Farm,2026,False,,Angel,2026-10-06 16:47,7,transcript_only,,,,,,,0,,archive_org:err(ValueError: archive.org item has no pdf/txt file) ; archive_org:err(ValueError: archive.org item has no pdf/txt file) ; archive_org:err(HTTPError: 500 Server Error: Internal Server Error for url: https://dn7) ; archive_org:err(HTTPError: 401 Client Error: Unauthorized for url: https://dn760004.eu.),archive_org:Animal Farm:https://archive.org/details/AnimalFarm_Moataz_Geba || archive_org:Animal Farm:https://archive.org/details/AnimalFarm || archive_org:Animal Farm:https://archive.org/details/saxep0usozul || archive_org:Animal Farm:https://archive.org/details/animalfarmninete0000cald || archive_org:Animal Farm:https://archive.org/details/animalfarmburmes0000orwe || archive_org:Animal Farm:https://archive.org/details/15877880558947689958510256903161 || archive_org:Animal Farm:https://archive.org/details/animalfarmforgcs0000radf_j9o4,https://www.springfieldspringfield.co.uk/movie_script.php?movie=animal-farm-2025,54433
2656,Boulevard,Boulevard,2026,False,,Sony Pictures Releasing,2026-10-06 16:47,0,transcript_only,,,,,,,0,,,,https://www.springfieldspringfield.co.uk/movie_script.php?movie=boulevard-2026,35204
2658,Two Pianos,Two Pianos,2026,False,,Kino Lorber,2026-10-06 16:47,2,ok_raw_only,archive_org,Two Pianos,100.0,unknown,https://archive.org/details/twopianosfourhan0000unse,,1487,archive.org: Two Pianos- Four Hands,archive_org:err(HTTPError: 401 Client Error: Unauthorized for url: https://dn721604.ca.) ; archive_org:short(1487),archive_org:Two Pianos:https://archive.org/details/twopianosfourhan0000unse || archive_org:Two Pianos:https://archive.org/details/mcp_1993-03-03_001
2664,Labyrinth,Labyrinth,2026,False,,GKIDS,2026-10-06 16:47,4,ok,simplyscripts,Labyrinth,100.0,unknown,http://www.scifiscripts.com/scripts/labyrinth_script.pdf,,109814,Sci Fi and Fantasy Movie Scripts | (Early) by Laura Phillips & Terry Jones host:,simplyscripts:ok,simplyscripts:Labyrinth:http://www.scifiscripts.com/scripts/labyrinth_script.pdf || scriptsonscreen:Labyrinth:http://www.imsdb.com/scripts/Labyrinth.html || scriptsonscreen:Labyrinth:http://www.astrolog.org/labyrnth/captions.txt || imsdb:Labyrinth:https://imsdb.com/Movie Scripts/Labyrinth Script.html
2668,In the Grey,In the Grey,2026,False,,Black Bear,2026-10-06 16:47,1,ok_raw_only,archive_org,In the Grey,100.0,unknown,https://archive.org/details/in-the-grey-free,,23558,archive.org: In The Grey Free Us 2,archive_org:short(23558),archive_org:In the Grey:https://archive.org/details/in-the-grey-free
2670,Shrek25th Anniversary,Shrek,2026,True,,,2026-10-06 16:47,10,ok,scriptslug,shrek,100.0,ok,https://assets.scriptslug.com/live/pdf/scripts/shrek-2001.pdf,,70616,scriptslug shrek-2001,scriptslug:ok,scriptslug:shrek:https://assets.scriptslug.com/live/pdf/scripts/shrek-2001.pdf || simplyscripts:Shrek:https://web.archive.org/web/20160221233643/http://www.pages.drexel.edu/~ina22/splaylib/Screenplay-Shrek.pdf || linkpages:Shrek:https://script-pdf.s3-us-west-2.amazonaws.com/shrek-script-pdf.pdf || scriptsonscreen:Shrek:https://www.scriptslug.com/script/shrek-2001 || scriptsonscreen:Shrek:http://www.imsdb.com/scripts/Shrek.html || scriptsonscreen:Shrek:http://web.archive.org/web/20220426163150/http://www.script-o-rama.com/movie_scripts/s/shrek-script-transcript-mike-myers.html || scriptsonscreen:Shrek:https://www.scripts.com/script/shrek_300 || archive_org:Shrek:https://archive.org/details/shrek_20251023 || archive_org:Shrek:https://archive.org/details/shrek-the-third_202506 || imsdb:Shrek:https://imsdb.com/Movie Scripts/Shrek Script.html
2674,Decorado,Decorado,2026,False,,GKIDS,2026-10-06 16:47,1,transcript_only,,,,,,,0,,archive_org:err(HTTPError: 401 Client Error: Unauthorized for url: https://dn720705.ca.),archive_org:Decorado:https://archive.org/details/bwb_S0-BVD-974,https://www.springfieldspringfield.co.uk/movie_script.php?movie=decorado,35555
2676,Magic Hour,Magic Hour,2026,False,,Greenwich Entertainment,2026-10-06 16:47,12,ok_raw_only,archive_org,Magic Hour,100.0,unknown,https://archive.org/details/magic-hour,,837,archive.org: Magic Hour,archive_org:short(837) ; archive_org:err(HTTPError: 401 Client Error: Unauthorized for url: https://dn720002.ca.) ; archive_org:err(HTTPError: 401 Client Error: Unauthorized for url: https://dn760000.eu.) ; archive_org:short(5328),archive_org:Magic Hour:https://archive.org/details/magic-hour || archive_org:Magic Hour:https://archive.org/details/magichour0000susa_q0j4 || archive_org:Magic Hour:https://archive.org/details/isbn_9780792484899 || archive_org:Magic Hour:https://archive.org/details/MagicHourHidakaShoko || archive_org:Magic Hour:https://archive.org/details/magichour0000unse_j4k3 || archive_org:Magic Hour:https://archive.org/details/magichour00kris_1 || archive_org:Magic Hour:https://archive.org/details/magichour0000unse || archive_org:Magic Hour:https://archive.org/details/magichour0000unse_q7h4 || archive_org:Magic Hour:https://archive.org/details/magichourisaaisaa00isaa || archive_org:Magic Hour:https://archive.org/details/magichour0000unse_o5z6 || archive_org:Magic Hour:https://archive.org/details/magichour00isaa || archive_org:Magic Hour:https://archive.org/details/magichouisaar00isaa
2678,Passenger,Passenger,2026,False,,Paramount Pictures,2026-10-06 16:47,2,ok,archive_org,Passenger,100.0,fail,https://archive.org/details/passengercrewlis4001unit,ocr ,238627,"archive.org: Passenger and crew lists of vessels arriving at New York, New York, 1897-1957 [microform]",archive_org:ok,archive_org:Passenger:https://archive.org/details/passengercrewlis4001unit || archive_org:Passenger:https://archive.org/details/passengercrewlis3250unit
2684,The Breadwinner,The Breadwinner,2026,False,,Sony Pictures Releasing,2026-10-06 16:47,9,download_failed,,,,,,,0,,archive_org:err(HTTPError: 401 Client Error: Unauthorized for url: https://dn790007.ca.) ; archive_org:err(HTTPError: 403 Client Error: Forbidden for url: https://ia903207.us.arc) ; archive_org:err(HTTPError: 401 Client Error: Unauthorized for url: https://dn760009.eu.) ; archive_org:err(HTTPError: 401 Client Error: Unauthorized for url: https://dn760106.eu.),archive_org:The Breadwinner:https://archive.org/details/breadwinneranafg00elli || archive_org:The Breadwinner:https://archive.org/details/breadwinner0000elli_t7t5 || archive_org:The Breadwinner:https://archive.org/details/breadwinnercomed0000wsom || archive_org:The Breadwinner:https://archive.org/details/breadwinner00elli || archive_org:The Breadwinner:https://archive.org/details/breadwinnertrilo0000elli || archive_org:The Breadwinner:https://archive.org/details/breadwinner00elli_0 || archive_org:The Breadwinner:https://archive.org/details/breadwinner0000elli || archive_org:The Breadwinner:https://archive.org/details/breadwinner0000elli_q2q4 || archive_org:The Breadwinner:https://archive.org/details/isbn_9780888994165
2688,Power Ballad,Power Ballad,2026,False,,Lionsgate,2026-10-06 16:47,0,transcript_only,,,,,,,0,,,,https://www.springfieldspringfield.co.uk/movie_script.php?movie=power-ballad,63796
2690,Pitfall,Pitfall,2026,False,,Cineverse,2026-10-06 16:47,5,ok,archive_org,Pitfall,100.0,unknown,https://archive.org/details/pitfall_3d_english,,49995,archive.org: pitfall 3d [english],archive_org:short(21378) ; archive_org:err(ValueError: archive.org item has no pdf/txt file) ; archive_org:ok,archive_org:Pitfall:https://archive.org/details/pitfall_3d_english || archive_org:Pitfall:https://archive.org/details/pitfall-in-therapy-of-colchicine-nsaids-mtx-sp-a || archive_org:Pitfall:https://archive.org/details/biostor-217539 || archive_org:Pitfall:https://archive.org/details/Pitfall_1984_Activision_541_Instructions || archive_org:Pitfall:https://archive.org/details/Pitfall_II_-_Lost_Caverns_1984_Activision_542_Instructions
2694,Scary Movie,Scary Movie,2026,False,,Paramount Pictures,2026-10-06 16:47,6,ok,scriptsonscreen,Scary Movie,100.0,unknown,https://www.scriptslug.com/script/scary-movie-2000,,96981,scripts-onscreen: Script Slug (https://scripts-onscreen.com/movie/scary-movie-script-links/),scriptsonscreen:ok,scriptsonscreen:Scary Movie:https://www.scriptslug.com/script/scary-movie-2000 || scriptsonscreen:Scary Movie:https://thescriptsavant.com/movies/Scary_Movie_(2000).pdf || scriptsonscreen:Scary Movie:http://sfy.ru/?script=scary_movie || scriptsonscreen:Scary Movie:http://web.archive.org/web/20200218101825/http://www.script-o-rama.com:80/movie_scripts/s/scary-movie-script-transcript-wayans.html || archive_org:Scary Movie:https://archive.org/details/scary-movie-.-original-scream-script || scriptslug:scary movie:https://assets.scriptslug.com/live/pdf/scripts/scary-movie-2000.pdf
2696,Trainspotting30th Anniversary,Trainspotting,2026,True,,Sony Pictures Releasing,2026-10-06 16:47,19,ok,imsdb,Trainspotting,100.0,ok,https://imsdb.com/Movie Scripts/Trainspotting Script.html,,124556,"1996 Draft | Written by Irvine Welsh,John Hodge",imsdb:ok,imsdb:Trainspotting:https://imsdb.com/Movie Scripts/Trainspotting Script.html || dailyscript:Trainspotting:https://www.dailyscript.com/scripts/trainspotting.html || simplyscripts:Trainspotting:https://www.dailyscript.com/scripts/trainspotting.html || simplyscripts:Trainspotting:http://www.awesomefilm.com/script/trainspotting.html || scriptsonscreen:Trainspotting:https://thescriptsavant.com/movies/Train_Spotting.pdf || scriptsonscreen:Trainspotting:http://web.archive.org/web/20151211151400/http://screenplayexplorer.com:80/wp-content/scripts/Trainspotting.pdf || scriptsonscreen:Trainspotting:http://www.imsdb.com/scripts/Trainspotting.html || scriptsonscreen:Trainspotting:http://sfy.ru/?script=trainspotting || scriptsonscreen:Trainspotting:http://www.dailyscript.com/scripts/trainspotting.html || scriptsonscreen:Trainspotting:https://www.scripts.com/script/trainspotting_513 || archive_org:Trainspotting:https://archive.org/details/trainspotting0000smit || archive_org:Trainspotting:https://archive.org/details/trainspotting00hodg || archive_org:Trainspotting:https://archive.org/details/trainspottingsou0000edit || archive_org:Trainspotting:https://archive.org/details/trainspotting0000wels || archive_org:Trainspotting:https://archive.org/details/arxiv-physics0510151 || archive_org:Trainspotting:https://archive.org/details/office-of-film-and-literature-classification_9600616 || archive_org:Trainspotting:https://archive.org/details/trainspotting00wels || archive_org:Trainspotting:https://archive.org/details/trainspotting0000wels_r9a8 || archive_org:Trainspotting:https://archive.org/details/trainspotting0000wels_g2f8
2698,Another World,Another World,2026,False,,GKIDS,2026-10-06 16:47,0,transcript_only,,,,,,,0,,,,https://www.springfieldspringfield.co.uk/movie_script.php?movie=another-world,30542
2700,Jinsei,Jinsei,2026,False,,Greenwich Entertainment,2026-10-06 16:47,3,ok_raw_only,archive_org,Jinsei,100.0,unknown,https://archive.org/details/isbn_9784391139013,,7534,archive.org: Jinsei ga odorokuhodo kawaru ryōmanō no susume,archive_org:err(HTTPError: 401 Client Error: Unauthorized for url: https://dn790002.ca.) ; archive_org:err(HTTPError: 401 Client Error: Unauthorized for url: https://dn760000.eu.) ; archive_org:short(7534),archive_org:Jinsei:https://archive.org/details/isbn_9784391139013 || archive_org:Jinsei:https://archive.org/details/jinseiwazttotano0000mizu || archive_org:Jinsei:https://archive.org/details/Jinsei_Quiz_Game_Da_Manual
2704,Disclosure Day,Disclosure Day,2026,False,,Universal Pictures,2026-10-06 16:47,6,ok_raw_only,archive_org,Disclosure Day,100.0,unknown,https://archive.org/details/disclosure-day-net,,23736,archive.org: Disclosure Day Net Us 4,archive_org:short(23736) ; archive_org:short(23741) ; archive_org:short(3023) ; archive_org:short(3332),archive_org:Disclosure Day:https://archive.org/details/disclosure-day-net || archive_org:Disclosure Day:https://archive.org/details/disclosure-day-mp-4web || archive_org:Disclosure Day:https://archive.org/details/disclosure-day || archive_org:Disclosure Day:https://archive.org/details/disclosure-day_202609 || archive_org:Disclosure Day:https://archive.org/details/disclosure-day-movie-1080p || archive_org:Disclosure Day:https://archive.org/details/disclosure-day-mp4
2706,BTS World Tour 'Arirang' in Busan: Live Viewing,BTS World Tour 'Arirang' in Busan: Live Viewing,2026,False,concert_live,Trafalgar Releasing,2026-10-06 16:47,0,non_film,,,,,,,0,,,
2712,Leviticus,Leviticus,2026,False,,Neon,2026-10-06 16:47,2,transcript_only,,,,,,,0,,archive_org:err(HTTPError: 401 Client Error: Unauthorized for url: https://dn790003.ca.) ; archive_org:err(HTTPError: 401 Client Error: Unauthorized for url: https://dn710209.ca.),archive_org:Leviticus:https://archive.org/details/leviticusintrodu0000harr_n6w1 || archive_org:Leviticus:https://archive.org/details/leviticus190000drhj,https://www.springfieldspringfield.co.uk/movie_script.php?movie=leviticus,28506
2714,Girls Like Girls,Girls Like Girls,2026,False,,Focus Features,2026-10-06 16:47,0,transcript_only,,,,,,,0,,,,https://www.springfieldspringfield.co.uk/movie_script.php?movie=girls-like-girls,38631
2718,Rose of Nevada,Rose of Nevada,2026,False,,1-2 Special,2026-10-06 16:47,0,transcript_only,,,,,,,0,,,,https://www.springfieldspringfield.co.uk/movie_script.php?movie=rose-of-nevada,19859
2720,Peter Asher: Everywhere Man,Peter Asher: Everywhere Man,2026,False,,Greenwich Entertainment,2026-10-06 16:47,0,transcript_only,,,,,,,0,,,,https://www.springfieldspringfield.co.uk/movie_script.php?movie=peter-asher-everywhere-man,83087
2722,Supergirl,Supergirl,2026,False,,Warner Bros.,2026-10-06 16:47,5,ok,simplyscripts,Supergirl,100.0,unknown,http://www.scifiscripts.com/scripts/supergirl.txt,,148417,Sci-Fi and Fantasy Scripts Site | (Revised ) by David Odell host:,simplyscripts:ok,simplyscripts:Supergirl:http://www.scifiscripts.com/scripts/supergirl.txt || scriptsonscreen:Supergirl:https://thescriptsavant.com/movies/Supergirl.pdf || scriptsonscreen:Supergirl:http://www.imsdb.com/scripts/Supergirl.html || archive_org:Supergirl:https://archive.org/details/supergirl-1984-1983.01.17-rev. || imsdb:Supergirl:https://imsdb.com/Movie Scripts/Supergirl Script.html
2724,Jackass: Best and Last,Jackass: Best and Last,2026,False,,Paramount Pictures,2026-10-06 16:47,0,transcript_only,,,,,,,0,,,,https://www.springfieldspringfield.co.uk/movie_script.php?movie=jackass-best-and-last,42117
2726,Lucky Strike,Lucky Strike,2026,False,,,2026-10-06 16:47,1,ok_raw_only,archive_org,Lucky Strike,100.0,unknown,https://archive.org/details/lucky-strike,,6521,archive.org: Lucky Strike,archive_org:short(6521),archive_org:Lucky Strike:https://archive.org/details/lucky-strike
2728,Couture,Couture,2026,False,,Vertical Entertainment,2026-10-06 16:47,3,ok,archive_org,Couture,100.0,unknown,https://archive.org/details/gov.uscourts.nhd.64502,,236835,archive.org: Couture v. Jefferson Capital Systems,archive_org:short(1122) ; archive_org:ok,archive_org:Couture:https://archive.org/details/gov.uscourts.nhd.64502 || archive_org:Couture:https://archive.org/details/CoutureLaSurjeteuseEtLaRecouvreuse || archive_org:Couture:https://archive.org/details/gov.uscourts.ndd.31296
2734,Mary Oliver: Saved by the Beauty of the World,Mary Oliver: Saved by the Beauty of the World,2026,False,,Kino Lorber,2026-10-06 16:47,0,transcript_only,,,,,,,0,,,,https://www.springfieldspringfield.co.uk/movie_script.php?movie=mary-oliver-saved-by-the-beauty-of-the-world,64205
2736,Jacked,Jacked,2026,False,,Indican Pictures,2026-10-06 16:47,10,ok_raw_only,archive_org,Jacked,100.0,unknown,https://archive.org/details/jackedupinsidest0000lane,,1062,archive.org: Jacked up : the inside story of how Jack Welch talked GE into becoming the world's greatest company,archive_org:err(HTTPError: 401 Client Error: Unauthorized for url: https://dn760106.eu.) ; archive_org:err(HTTPError: 401 Client Error: Unauthorized for url: https://dn720208.ca.) ; archive_org:short(545) ; archive_org:short(1062),archive_org:Jacked:https://archive.org/details/jackedupinsidest0000lane || archive_org:Jacked:https://archive.org/details/jackedupunjustpa0000irwi || archive_org:Jacked:https://archive.org/details/office-of-film-and-literature-classification_301367 || archive_org:Jacked:https://archive.org/details/office-of-film-and-literature-classification_600704 || archive_org:Jacked:https://archive.org/details/gov.uscourts.txnd.212877 || archive_org:Jacked:https://archive.org/details/jacked0000macc || archive_org:Jacked:https://archive.org/details/office-of-film-and-literature-classification_301366 || archive_org:Jacked:https://archive.org/details/jacked0000rebe || archive_org:Jacked:https://archive.org/details/office-of-film-and-literature-classification_600703 || archive_org:Jacked:https://archive.org/details/JackedCough
2738,Evil Dead Burn,Evil Dead Burn,2026,False,,Warner Bros.,2026-10-06 16:47,9,ok_raw_only,archive_org,Evil Dead Burn,100.0,ok,https://archive.org/details/evil-dead-burn-2026,,3331,archive.org: evil-dead-burn-2026,archive_org:short(3331) ; archive_org:short(3331) ; archive_org:short(23719) ; archive_org:short(23741),archive_org:Evil Dead Burn:https://archive.org/details/evil-dead-burn-2026 || archive_org:Evil Dead Burn:https://archive.org/details/evil-dead-burn-movie || archive_org:Evil Dead Burn:https://archive.org/details/evil-dead-burn-netflix || archive_org:Evil Dead Burn:https://archive.org/details/evil-dead-burn-mp-4web || archive_org:Evil Dead Burn:https://archive.org/details/evil-dead-burn-duio || archive_org:Evil Dead Burn:https://archive.org/details/evil-dead-burn-online || archive_org:Evil Dead Burn:https://archive.org/details/evil-dead-burn-movie-1080p || archive_org:Evil Dead Burn:https://archive.org/details/evil-dead-burn-movie.pdf || archive_org:Evil Dead Burn:https://archive.org/details/evil-dead-burn_202607
2740,Night Nurse,Night Nurse,2026,False,,IFC Films,2026-10-06 16:47,3,ok,scriptsonscreen,Night Nurse,100.0,unknown,https://www.scriptslug.com/script/night-nurse-1931,,118728,scripts-onscreen: Script Slug (https://scripts-onscreen.com/movie/night-nurse-script-links/),scriptsonscreen:ok,scriptsonscreen:Night Nurse:https://www.scriptslug.com/script/night-nurse-1931 || scriptslug:night nurse:https://assets.scriptslug.com/live/pdf/scripts/night-nurse-1931.pdf || archive_org:Night Nurse:https://archive.org/details/night-nurse-1931_202602
2742,Reading Lolita in Tehran,Reading Lolita in Tehran,2026,False,,Greenwich Entertainment,2026-10-06 16:47,5,ok,archive_org,Reading Lolita in Tehran,100.0,unknown,https://archive.org/details/readinglolitaint00nafi_0,,768194,archive.org: Reading Lolita in Tehran,archive_org:err(HTTPError: 403 Client Error: Forbidden for url: https://ia902907.us.arc) ; archive_org:err(HTTPError: 401 Client Error: Unauthorized for url: https://dn760106.eu.) ; archive_org:ok,archive_org:Reading Lolita in Tehran:https://archive.org/details/readinglolitaint00nafi_0 || archive_org:Reading Lolita in Tehran:https://archive.org/details/readinglolitaint0000nafi_l1h2 || archive_org:Reading Lolita in Tehran:https://archive.org/details/reading-lolita-in-tehran-part-10 || archive_org:Reading Lolita in Tehran:https://archive.org/details/readinglolitaint00nafi_1 || archive_org:Reading Lolita in Tehran:https://archive.org/details/isbn_9780007743957
2744,Remake,Remake,2026,False,,Music Box Films,2026-10-06 16:47,0,transcript_only,,,,,,,0,,,,https://www.springfieldspringfield.co.uk/movie_script.php?movie=remake,61978
2748,Neon Genesis Evangelion: The End of Evangelion2026 Re-release,Neon Genesis Evangelion: The End of Evangelion,2026,True,,GKIDS,2026-10-06 16:47,0,transcript_only,,,,,,,0,,,,https://www.springfieldspringfield.co.uk/movie_script.php?movie=neon-genesis-evangelion-the-end-of-evangelion,12559
2750,Mob Psycho 10010th Anniversary,Mob Psycho,2026,True,,Sony Pictures Releasing,2026-10-06 16:47,14,ok,archive_org,Mob Psycho,100.0,unknown,https://archive.org/details/x-8_20241003,ocr ,189671,archive.org: 芹霊×エク霊 ライト　　８枚 (Mob Psycho 100 Doujinshi),archive_org:short(1283) ; archive_org:short(10065) ; archive_org:short(11095) ; archive_org:ok,archive_org:Mob Psycho:https://archive.org/details/x-8_20241003 || archive_org:Mob Psycho:https://archive.org/details/20241004_20241004_0130 || archive_org:Mob Psycho:https://archive.org/details/22313101 || archive_org:Mob Psycho:https://archive.org/details/mobpsycho100-vol01 || archive_org:Mob Psycho:https://archive.org/details/20241004_20241004_0021 || archive_org:Mob Psycho:https://archive.org/details/office-of-film-and-literature-classification_2000264.002 || archive_org:Mob Psycho:https://archive.org/details/4-4-19148856 || archive_org:Mob Psycho:https://archive.org/details/20241003_20241003_2212 || archive_org:Mob Psycho:https://archive.org/details/2-ii_20241003_202410 || archive_org:Mob Psycho:https://archive.org/details/20241004_20241004_0600 || archive_org:Mob Psycho:https://archive.org/details/11-4-18659938_202410 || archive_org:Mob Psycho:https://archive.org/details/3-3-19259790 || archive_org:Mob Psycho:https://archive.org/details/2-vs_20241003_202410 || archive_org:Mob Psycho:https://archive.org/details/77pdf_202410
2756,Her Private Hell,Her Private Hell,2026,False,,Neon,2026-10-06 16:47,0,transcript_only,,,,,,,0,,,,https://www.springfieldspringfield.co.uk/movie_script.php?movie=her-private-hell,13299
2758,Haunted Heist,Haunted Heist,2026,False,,Variance Films,2026-10-06 16:47,0,transcript_only,,,,,,,0,,,,https://www.springfieldspringfield.co.uk/movie_script.php?movie=haunted-heist,55692
2760,Manhunter2026 Re-release,Manhunter,2026,True,,Rialto Pictures,2026-10-06 16:47,16,ok,imsdb,Manhunter,100.0,ok,https://imsdb.com/Movie Scripts/Manhunter Script.html,,192842,"1984-07 Draft | Written by Thomas Harris,Michael Mann",imsdb:ok,imsdb:Manhunter:https://imsdb.com/Movie Scripts/Manhunter Script.html || dailyscript:Manhunter:https://www.dailyscript.com/scripts/Manhunter.txt || dailyscript:Manhunter (Red Dragon):https://www.dailyscript.com/scripts/manhunter.html || simplyscripts:Manhunter:https://www.dailyscript.com/scripts/Manhunter.txt || simplyscripts:Manhunter:https://web.archive.org/web/20160221233643/http://www.pages.drexel.edu/~ina22/splaylib/Screenplay-Manhunter-bw.pdf || simplyscripts:Manhunter (Red Dragon):https://www.dailyscript.com/scripts/manhunter.html || scriptsonscreen:Manhunter:https://thescriptsavant.com/movies/Man_Hunter.pdf || scriptsonscreen:Manhunter:http://sfy.ru/?script=manhunter || scriptsonscreen:Manhunter:http://www.imsdb.com/scripts/Manhunter.html || scriptsonscreen:Manhunter:http://www.dailyscript.com/scripts/Manhunter.txt || scriptsonscreen:Manhunter:http://www.dailyscript.com/scripts/manhunter.html || archive_org:Manhunter:https://archive.org/details/manhunterdeadwoo00brau || archive_org:Manhunter:https://archive.org/details/Manhunter_-_San_Francisco_-_Manual || archive_org:Manhunter:https://archive.org/details/Manhunter_-_New_York_-_Manual || archive_org:Manhunter:https://archive.org/details/Manhunter_New_York || archive_org:Manhunter:https://archive.org/details/pkmm_Manhunter_New_York_Field_Guide_Supplement_Walkthrough_OCR
2766,Rosebush Pruning,Rosebush Pruning,2026,False,,MUBI,2026-10-06 16:47,0,transcript_only,,,,,,,0,,,,https://www.springfieldspringfield.co.uk/movie_script.php?movie=rosebush-pruning,35317
2768,Spider-Man: Brand New Day,Spider-Man: Brand New Day,2026,False,,Sony Pictures Releasing,2026-10-06 16:47,18,ok_raw_only,archive_org,Spider-Man: Brand New Day,100.0,ok,https://archive.org/details/spider-man-brand-new-day-2026_20260831,,13095,archive.org: Spider Man Brand New Day 2026,archive_org:short(13095) ; archive_org:short(6830) ; archive_org:short(20858) ; archive_org:short(17786),archive_org:Spider-Man: Brand New Day:https://archive.org/details/spider-man-brand-new-day-2026_20260831 || archive_org:Spider-Man: Brand New Day:https://archive.org/details/spider-man-brand-new-day-2026-ultimate-guide-to-jackets-costumes-outfits-superhero-fashion || archive_org:Spider-Man: Brand New Day:https://archive.org/details/spider-man-brand-new-day-2026-movie-stream-and-download || archive_org:Spider-Man: Brand New Day:https://archive.org/details/spider-man-brand-new-day-2026-full-movie-watch-free || archive_org:Spider-Man: Brand New Day:https://archive.org/details/spider-man-brand-new-day-full-media-us || archive_org:Spider-Man: Brand New Day:https://archive.org/details/spider-man-brand-new-day-free-us || archive_org:Spider-Man: Brand New Day:https://archive.org/details/spider-man-brand-new-day_20260831 || archive_org:Spider-Man: Brand New Day:https://archive.org/details/spider-man-brand-new-day-mov || archive_org:Spider-Man: Brand New Day:https://archive.org/details/spider-man-brand-new-day-watch-online || archive_org:Spider-Man: Brand New Day:https://archive.org/details/spider-man-brand-new-day-hdmoiviee || archive_org:Spider-Man: Brand New Day:https://archive.org/details/spider-man-brand-new-day-the-complete-collection || archive_org:Spider-Man: Brand New Day:https://archive.org/details/spider-man-brand-new-day-mp-4web || archive_org:Spider-Man: Brand New Day:https://archive.org/details/spider-man-brand-new-day-full-movie-watch-and-download || archive_org:Spider-Man: Brand New Day:https://archive.org/details/spider-man-brand-new-day-full-movie-mobile-download-link || archive_org:Spider-Man: Brand New Day:https://archive.org/details/spider-man-brand-new-day-movie-1080p || archive_org:Spider-Man: Brand New Day:https://archive.org/details/spider-man-brand-new-day-prime || archive_org:Spider-Man: Brand New Day:https://archive.org/details/spider-man-brand-new-day-full-sub || archive_org:Spider-Man: Brand New Day:https://archive.org/details/spider-man-brand-new-day-mix
2772,Boyhood12th Anniversary,Boyhood,2026,True,,IFC Films,2026-10-06 16:47,10,ok,scriptslug,boyhood,100.0,ok,https://assets.scriptslug.com/live/pdf/scripts/boyhood-2014.pdf,,162963,scriptslug boyhood-2014,scriptslug:ok,scriptslug:boyhood:https://assets.scriptslug.com/live/pdf/scripts/boyhood-2014.pdf || archive_org:Boyhood:https://archive.org/details/boyhood-2014 || dailyscript:Boyhood:https://www.dailyscript.com/scripts/Boyhood-screenplay-11-14-FINAL.pdf || simplyscripts:Boyhood:http://images.amcnetworks.com/ifcfilmsawards.com/wp-content/uploads/2014/11/Boyhood-screenplay-11-14-FINAL.pdf || linkpages:Boyhood:https://s3-us-west-2.amazonaws.com/screenplays-pdf/Movie-Screenplay-PDFs/Boyhood-screenplay-11-14-FINAL.pdf || linkpages:Boyhood:http://images.amcnetworks.com/ifcfilmsawards.com/wp-content/uploads/2014/11/Boyhood-screenplay-11-14-FINAL.pdf || scriptsonscreen:Boyhood:https://www.scriptslug.com/script/boyhood-2014 || scriptsonscreen:Boyhood:http://www.imsdb.com/scripts/Boyhood.html || archive_org:Boyhood:https://archive.org/details/pdfy-AjwPmjKHCVYD93NN || imsdb:Boyhood:https://imsdb.com/Movie Scripts/Boyhood Script.html
2774,Super Troopers 3,Super Troopers 3,2026,False,,Searchlight Pictures,2026-10-06 16:47,1,ok_raw_only,archive_org,Super Troopers 3,100.0,unknown,https://archive.org/details/super-troopers-3-movie,,23852,archive.org: Super Troopers 3 Movie Shop 2,archive_org:short(23852),archive_org:Super Troopers 3:https://archive.org/details/super-troopers-3-movie
2780,Late Fame,Late Fame,2026,False,,-,2026-10-06 16:47,1,transcript_only,,,,,,,0,,archive_org:err(HTTPError: 401 Client Error: Unauthorized for url: https://dn790000.ca.),archive_org:Late Fame:https://archive.org/details/latefame0000schn,https://www.springfieldspringfield.co.uk/movie_script.php?movie=late-fame,56696
2782,Center Stage,Center Stage,2026,False,,Film Movement,2026-10-06 16:47,3,ok,scriptsonscreen,Center Stage,100.0,unknown,https://www.scripts.com/script/center_stage_5248,,265304,scripts-onscreen: scripts.com (https://scripts-onscreen.com/movie/center-stage-script-links/),scriptsonscreen:short(10832) ; archive_org:err(HTTPError: 403 Client Error: Forbidden for url: https://ia802806.us.arc) ; archive_org:ok,scriptsonscreen:Center Stage:https://www.scripts.com/script/center_stage_5248 || archive_org:Center Stage:https://archive.org/details/centerstagemedia0000wood || archive_org:Center Stage:https://archive.org/details/micro_IA41152948_0448
2784,The Last Picture Shows,The Last Picture Shows,2026,False,,Foghorn Features,2026-10-06 16:47,1,download_failed,,,,,,,0,,archive_org:err(HTTPError: 401 Client Error: Unauthorized for url: https://dn760009.eu.),archive_org:The Last Picture Shows:https://archive.org/details/lastpictureshows0000thom
2786,PAW Patrol: The Dino Movie,PAW Patrol: The Dino Movie,2026,False,,Paramount Pictures,2026-10-06 16:47,0,transcript_only,,,,,,,0,,,,https://www.springfieldspringfield.co.uk/movie_script.php?movie=paw-patrol-the-dino-movie,30617
2788,Katseye: Wild Hearts,Katseye: Wild Hearts,2026,False,concert_live,Trafalgar Releasing,2026-10-06 16:47,0,non_film,,,,,,,0,,,
2790,Your Name.10th Anniversary,Your Name.,2026,True,,GKIDS,2026-10-06 16:47,6,ok,archive_org,Your Name.,100.0,unknown,https://archive.org/details/tobacco_pkck0001,,592553,archive.org: YOUR NAME: ROGER WALK,archive_org:short(345) ; archive_org:short(428) ; archive_org:ok,archive_org:Your Name.:https://archive.org/details/tobacco_pkck0001 || archive_org:Your Name.:https://archive.org/details/tobacco_hyck0001 || archive_org:Your Name.:https://archive.org/details/your-name-is-nectar-baba-somanath-satsangs-v-1-corrected || archive_org:Your Name.:https://archive.org/details/your-name_20240228 || archive_org:Your Name.:https://archive.org/details/tobacco_tnck0001 || archive_org:Your Name.:https://archive.org/details/yournamegoeshere0000geri
2796,Wet Hot American Summer2026 Re-Release,Wet Hot American Summer,2026,True,,Focus Features,2026-10-06 16:47,9,ok_raw_only,archive_org,Wet Hot American Summer,100.0,unknown,https://archive.org/details/office-of-film-and-literature-classification_1500569.001,,953,archive.org: Wet Hot American Summer: First Day of Camp (Episode 2),archive_org:short(953) ; archive_org:short(950) ; archive_org:short(1195) ; archive_org:short(972),archive_org:Wet Hot American Summer:https://archive.org/details/office-of-film-and-literature-classification_1500569.001 || archive_org:Wet Hot American Summer:https://archive.org/details/office-of-film-and-literature-classification_1500569.004 || archive_org:Wet Hot American Summer:https://archive.org/details/office-of-film-and-literature-classification_300538 || archive_org:Wet Hot American Summer:https://archive.org/details/office-of-film-and-literature-classification_1500569.005 || archive_org:Wet Hot American Summer:https://archive.org/details/office-of-film-and-literature-classification_1500569.003 || archive_org:Wet Hot American Summer:https://archive.org/details/office-of-film-and-literature-classification_1500569.000 || archive_org:Wet Hot American Summer:https://archive.org/details/office-of-film-and-literature-classification_1500569.002 || archive_org:Wet Hot American Summer:https://archive.org/details/office-of-film-and-literature-classification_1500569.007 || archive_org:Wet Hot American Summer:https://archive.org/details/office-of-film-and-literature-classification_1500569.006
2800,Insidious: Out of the Further,Insidious: Out of the Further,2026,False,,Sony Pictures Releasing,2026-10-06 16:47,1,ok_raw_only,archive_org,Insidious: Out of the Further,100.0,unknown,https://archive.org/details/insidious-out-of-the-further-film-its,,8747,archive.org: Insidious Out Of The Further Film Its,archive_org:short(8747),archive_org:Insidious: Out of the Further:https://archive.org/details/insidious-out-of-the-further-film-its
2802,Spa Weekend,Spa Weekend,2026,False,,Black Bear,2026-10-06 16:47,0,transcript_only,,,,,,,0,,,,https://www.springfieldspringfield.co.uk/movie_script.php?movie=spa-weekend,71887
2804,The Magic Faraway Tree,The Magic Faraway Tree,2026,False,,Vertical Entertainment,2026-10-06 16:47,12,ok_raw_only,archive_org,The Magic Faraway Tree,100.0,unknown,https://archive.org/details/the-magic-faraway-tree-raw,,8008,archive.org: The Magic Faraway Tree Raw,archive_org:short(8008) ; archive_org:err(HTTPError: 403 Client Error: Forbidden for url: https://ia800803.us.arc) ; archive_org:err(HTTPError: 401 Client Error: Unauthorized for url: https://dn760000.eu.) ; archive_org:err(HTTPError: 401 Client Error: Unauthorized for url: https://dn760001.eu.),archive_org:The Magic Faraway Tree:https://archive.org/details/the-magic-faraway-tree-raw || archive_org:The Magic Faraway Tree:https://archive.org/details/isbn_9780603573408 || archive_org:The Magic Faraway Tree:https://archive.org/details/magicfarawaytree0000blyt || archive_org:The Magic Faraway Tree:https://archive.org/details/magicfarawaytree0000blyt_p0s6 || archive_org:The Magic Faraway Tree:https://archive.org/details/magicfarawaytree0000blyt_a2y6 || archive_org:The Magic Faraway Tree:https://archive.org/details/magicfarawaytree00enid || archive_org:The Magic Faraway Tree:https://archive.org/details/magicfarawaytree0000blyt_t2x4 || archive_org:The Magic Faraway Tree:https://archive.org/details/magicfarawaytree0000blyt_r9v4 || archive_org:The Magic Faraway Tree:https://archive.org/details/magicfarawaytree0000enid || archive_org:The Magic Faraway Tree:https://archive.org/details/magicfarawaytree0000blyt_a7e0 || archive_org:The Magic Faraway Tree:https://archive.org/details/magicfarawaytree0000blyt_r5s4 || archive_org:The Magic Faraway Tree:https://archive.org/details/magicfarawaytree0000blyt_d3v0
2806,It Ends,It Ends,2026,False,,Neon,2026-10-06 16:47,4,ok_raw_only,archive_org,It Ends,100.0,unknown,https://archive.org/details/cbfc-ecinepramaan-100010292400007948,,3289,archive.org: IT ENDS WITH US.,archive_org:short(3289) ; archive_org:err(HTTPError: 401 Client Error: Unauthorized for url: https://dn760001.eu.) ; archive_org:err(HTTPError: 401 Client Error: Unauthorized for url: https://dn760106.eu.) ; archive_org:err(HTTPError: 401 Client Error: Unauthorized for url: https://dn760000.eu.),archive_org:It Ends:https://archive.org/details/cbfc-ecinepramaan-100010292400007948 || archive_org:It Ends:https://archive.org/details/itendswithrevela0000smit_s4x6 || archive_org:It Ends:https://archive.org/details/itendswithus0000hoov || archive_org:It Ends:https://archive.org/details/itendswithmagicm0000mill
2808,The Marching Band,The Marching Band,2026,False,,Greenwich Entertainment,2026-10-06 16:47,3,download_failed,,,,,,,0,,archive_org:err(HTTPError: 403 Client Error: Forbidden for url: https://ia801909.us.arc) ; archive_org:err(HTTPError: 401 Client Error: Unauthorized for url: https://dn760009.eu.) ; archive_org:err(HTTPError: 401 Client Error: Unauthorized for url: https://dn720501.ca.),archive_org:The Marching Band:https://archive.org/details/marchingband0000davi || archive_org:The Marching Band:https://archive.org/details/marchingbandmyst00pete || archive_org:The Marching Band:https://archive.org/details/marchingband0000urms
2810,Coyote vs. Acme,Coyote vs. Acme,2026,False,,Ketchup Entertainment,2026-10-06 16:47,6,ok_raw_only,archive_org,Coyote vs. Acme,100.0,unknown,https://archive.org/details/coyote-v.-acme_202403,,24073,archive.org: COYOTE VS ACME Full Plot Summary,archive_org:short(12808) ; archive_org:short(24073) ; archive_org:short(12225) ; archive_org:short(23794),archive_org:Coyote vs. Acme:https://archive.org/details/coyote-v.-acme_202403 || archive_org:Coyote vs. Acme:https://archive.org/details/coyote-vs-acme-watch-online || archive_org:Coyote vs. Acme:https://archive.org/details/coyote-vs.-acme-from-canceled-to-comic-con-25-yl || archive_org:Coyote vs. Acme:https://archive.org/details/coyote-vs-acme-prime || archive_org:Coyote vs. Acme:https://archive.org/details/coyote-vs-acme-netflix || archive_org:Coyote vs. Acme:https://archive.org/details/coyote-vs-acme-watch
2812,Buddy,Buddy,2026,False,,Roadside Attractions,2026-10-06 16:47,1,ok,archive_org,Buddy,100.0,fail,https://archive.org/details/micro_IA41153030_0417,,74454,"archive.org: Buddy-Tutor Project. Hilo Intermediate School. Final Report, March-July, 1974.",archive_org:ok,archive_org:Buddy:https://archive.org/details/micro_IA41153030_0417
2814,Colony,Colony,2026,False,,Well Go USA Entertainment,2026-10-06 16:47,0,transcript_only,,,,,,,0,,,,https://www.springfieldspringfield.co.uk/movie_script.php?movie=colony,35363
2816,Legend of the White Dragon,Legend of the White Dragon,2026,False,,Well Go USA Entertainment,2026-10-06 16:47,0,transcript_only,,,,,,,0,,,,https://www.springfieldspringfield.co.uk/movie_script.php?movie=legend-of-the-white-dragon,33426
2822,The Sun Never Sets,The Sun Never Sets,2026,False,,IFC Films,2026-10-06 16:47,10,ok,archive_org,The Sun Never Sets,100.0,unknown,https://archive.org/details/the-sun-never-sets,,79548,archive.org: The Sun Never Sets,archive_org:ok,archive_org:The Sun Never Sets:https://archive.org/details/the-sun-never-sets || archive_org:The Sun Never Sets:https://archive.org/details/sunneversetsrefl0000lane || archive_org:The Sun Never Sets:https://archive.org/details/isbn_9780738865713 || archive_org:The Sun Never Sets:https://archive.org/details/MorseTwistDrillAndMachineCo1904 || archive_org:The Sun Never Sets:https://archive.org/details/sunneversetstrav00winc || archive_org:The Sun Never Sets:https://archive.org/details/sunneversetsinfl00shaw || archive_org:The Sun Never Sets:https://archive.org/details/sunneversetsinfl0000shaw || archive_org:The Sun Never Sets:https://archive.org/details/isbn_0688028950 || archive_org:The Sun Never Sets:https://archive.org/details/TheSunNeverSetsOnTheNewBritishEmpire || archive_org:The Sun Never Sets:https://archive.org/details/sunneversetsco00gers
2824,Train to Busan2026 Re-release,Train to Busan,2026,True,,Well Go USA Entertainment,2026-10-06 16:47,2,ok_raw_only,archive_org,Train to Busan,100.0,unknown,https://archive.org/details/office-of-film-and-literature-classification_2000248.001,,341,archive.org: Train to Busan 2 Peninsula,archive_org:short(341) ; archive_org:short(953),archive_org:Train to Busan:https://archive.org/details/office-of-film-and-literature-classification_2000248.001 || archive_org:Train to Busan:https://archive.org/details/office-of-film-and-literature-classification_2000248.000
2826,Cars2026 Re-release,Cars,2026,True,,Walt Disney Studios Motion Pictures,2026-10-06 16:47,4,ok,scriptsonscreen,Cars,100.0,unknown,http://web.archive.org/web/20200423092428/http://carsmoviescript.tripod.com:80/,wayback,82109,scripts-onscreen: archive.org (https://scripts-onscreen.com/movie/cars-script-links/),scriptsonscreen:ok,scriptsonscreen:Cars:http://web.archive.org/web/20200423092428/http://carsmoviescript.tripod.com:80/ || scriptsonscreen:Cars:https://ficreation.fandom.com/wiki/Cars/Transcript || archive_org:Cars:https://archive.org/details/cars-voa-radio-script || archive_org:Cars:https://archive.org/details/cars-trains-and-motorcycle-script
2828,Onslaught,Onslaught,2026,False,,A24,2026-10-06 16:47,2,ok,archive_org,Onslaught,100.0,unknown,https://archive.org/details/onslaught-1-vitrian-secrets-prequel-web,,51840,archive.org: Onslaught 1 Vitrian Secrets Prequel,archive_org:ok,archive_org:Onslaught:https://archive.org/details/onslaught-1-vitrian-secrets-prequel-web || archive_org:Onslaught:https://archive.org/details/onslaught-players-guide-magic-the-gathering-2002
2832,The Nutty Professor30th Anniversary,The Nutty Professor,2026,True,,Universal Pictures,2026-10-06 16:47,2,ok,scriptslug,the nutty professor,100.0,ok,https://assets.scriptslug.com/live/pdf/scripts/the-nutty-professor-1996.pdf,,107787,scriptslug the-nutty-professor-1996,scriptslug:ok,scriptslug:the nutty professor:https://assets.scriptslug.com/live/pdf/scripts/the-nutty-professor-1996.pdf || scriptsonscreen:The Nutty Professor:http://web.archive.org/web/20210420100047/http://www.script-o-rama.com/movie_scripts/n/nutty-professor-script-transcript-jerry.html
2834,Practical Magic 2,Practical Magic 2,2026,False,,Warner Bros.,2026-10-06 16:47,14,ok_raw_only,archive_org,Practical Magic 2,100.0,unknown,https://archive.org/details/practical-magic-2-mov-06_20260929,,23534,archive.org: Practical Magic 2 Mov 06,archive_org:err(ValueError: archive.org item has no pdf/txt file) ; archive_org:err(HTTPError: 500 Server Error: Internal Server Error for url: https://dn7) ; archive_org:short(23534) ; archive_org:short(11791),archive_org:Practical Magic 2:https://archive.org/details/practical-magic-2-mov-06_20260929 || archive_org:Practical Magic 2:https://archive.org/details/practical-magic-2-dere || archive_org:Practical Magic 2:https://archive.org/details/practical-magic-2-mov-01_202609 || archive_org:Practical Magic 2:https://archive.org/details/practical-magic-2-u5e || archive_org:Practical Magic 2:https://archive.org/details/practical-magic-2-prime || archive_org:Practical Magic 2:https://archive.org/details/practical-magic-2-y7 || archive_org:Practical Magic 2:https://archive.org/details/forgotten-island-mov || archive_org:Practical Magic 2:https://archive.org/details/imdbmovieshd || archive_org:Practical Magic 2:https://archive.org/details/practical-magic-2-mov-06_202609 || archive_org:Practical Magic 2:https://archive.org/details/practical-magic-2-movie-1080p || archive_org:Practical Magic 2:https://archive.org/details/forgotten-island-mov_202609 || archive_org:Practical Magic 2:https://archive.org/details/practical-magic-2-mov-06 || archive_org:Practical Magic 2:https://archive.org/details/practical-magic-2-mp || archive_org:Practical Magic 2:https://archive.org/details/practical-magic-2-now
2836,The Uprising,The Uprising,2026,False,,Focus Features,2026-10-06 16:47,14,ok,archive_org,The Uprising,100.0,unknown,https://archive.org/details/uprisingofgreatp00gasp_1,,334024,archive.org: The uprising of a great people. The United States in 1861,archive_org:ok,archive_org:The Uprising:https://archive.org/details/uprisingofgreatp00gasp_1 || archive_org:The Uprising:https://archive.org/details/uprisingofgreatp0000gasp || archive_org:The Uprising:https://archive.org/details/uprisingofman00russ || archive_org:The Uprising:https://archive.org/details/uprisingmany00russgoog || archive_org:The Uprising:https://archive.org/details/uprisingjune00unkngoog || archive_org:The Uprising:https://archive.org/details/uprisingofjune2000pfei || archive_org:The Uprising:https://archive.org/details/uprisingunauthor00siro || archive_org:The Uprising:https://archive.org/details/uprisingforsaken0000stas || archive_org:The Uprising:https://archive.org/details/uprisingofgreatp00ingasp || archive_org:The Uprising:https://archive.org/details/uprising0000stas_w0h0 || archive_org:The Uprising:https://archive.org/details/uprisingillustr00woodgoog || archive_org:The Uprising:https://archive.org/details/uprising-colin-jordan_202501 || archive_org:The Uprising:https://archive.org/details/uprisingofwarsa00wers || archive_org:The Uprising:https://archive.org/details/the-uprising-by-colin-jordan-2004
2838,The Transformers: The Movie40th Anniversary,The Transformers: The Movie,2026,True,,-,2026-10-06 16:47,3,ok,archive_org,The Transformers: The Movie,100.0,ok,https://archive.org/details/acn-the-transformers-the-movie-40th-anniversary-edition-2026,,140169,archive.org: The Transformers - The Movie 40th Anniversary Edition (2026),archive_org:err(ValueError: archive.org item has no pdf/txt file) ; scriptsonscreen:ok,archive_org:The Transformers: The Movie:https://archive.org/details/acn-the-transformers-the-movie-40th-anniversary-edition-2026 || scriptsonscreen:The Transformers: The Movie:http://www.dailyscript.com/scripts/transformers.html || scriptsonscreen:The Transformers: The Movie:http://www.imsdb.com/scripts/Transformers-The-Movie.html
2846,Daniel and the Fiery Furnace,Daniel and the Fiery Furnace,2026,False,,EKKL Entertainment,2026-10-06 16:47,2,ok_raw_only,archive_org,Daniel and the Fiery Furnace,100.0,unknown,https://archive.org/details/daniel-and-the-fiery-furnace-prime,,24561,archive.org: Daniel And The Fiery Furnace Prime Us 10,archive_org:short(24561) ; archive_org:short(24579),archive_org:Daniel and the Fiery Furnace:https://archive.org/details/daniel-and-the-fiery-furnace-prime || archive_org:Daniel and the Fiery Furnace:https://archive.org/details/daniel-and-the-fiery-furnace-mp4
2848,The Weight,The Weight,2026,False,,Vertical Entertainment,2026-10-06 16:47,10,ok,archive_org,The Weight,100.0,unknown,https://archive.org/details/theweightofsilenceinvisiblechildrenofindiashelleyseale_274_V,,429264,"archive.org: The Weight Of Silence, Invisible Children Of India Shelley Seale",archive_org:ok,archive_org:The Weight:https://archive.org/details/theweightofsilenceinvisiblechildrenofindiashelleyseale_274_V || archive_org:The Weight:https://archive.org/details/weightofmustards0000stea_n6n0 || archive_org:The Weight:https://archive.org/details/weightofwater0000shre || archive_org:The Weight:https://archive.org/details/weightofhim0000roha_i5p8 || archive_org:The Weight:https://archive.org/details/weightofmustards00wend || archive_org:The Weight:https://archive.org/details/weightofnumbers0000ings_j5v8 || archive_org:The Weight:https://archive.org/details/weightoftemptati0000shua || archive_org:The Weight:https://archive.org/details/weightofwater000shre || archive_org:The Weight:https://archive.org/details/weightofzero0000fort || archive_org:The Weight:https://archive.org/details/weightbattlefiel0000lisa
2854,Sunny Dancer,Sunny Dancer,2026,False,,Quiver Distribution,2026-10-06 16:47,0,transcript_only,,,,,,,0,,,,https://www.springfieldspringfield.co.uk/movie_script.php?movie=sunny-dancer,56181
